TLC2 Version 2.19 of 08 August 2024 (rev: 5a47802)
Running breadth-first search Model-Checking with fp 54 and seed 367233569681027904 with 80 workers on 80 cores with 72818MB heap and 64MB offheap memory [pid: 281244] (Linux 5.15.0-177-generic amd64, Ubuntu 11.0.31 x86_64, MSBDiskFPSet, DiskStateQueue).
Parsing file /home/yin/TLA/sc.tla
Parsing file /tmp/Naturals.tla
Parsing file /tmp/Sequences.tla
Parsing file /tmp/TLC.tla
Parsing file /tmp/FiniteSets.tla
Semantic processing of module Naturals
Semantic processing of module Sequences
Semantic processing of module FiniteSets
Semantic processing of module TLC
Semantic processing of module sc
Starting... (2026-07-20 11:22:39)
Computing initial states...
Finished computing initial states: 1 distinct state generated at 2026-07-20 11:22:40.
Progress(17) at 2026-07-20 11:22:43: 371,187 states generated (371,187 s/min), 119,822 distinct states found (119,822 ds/min), 76,544 states left on queue.
Progress(22) at 2026-07-20 11:23:43: 23,796,389 states generated (23,425,202 s/min), 5,831,211 distinct states found (5,711,389 ds/min), 3,022,863 states left on queue.
Progress(23) at 2026-07-20 11:24:43: 48,678,296 states generated (24,881,907 s/min), 11,360,678 distinct states found (5,529,467 ds/min), 5,569,241 states left on queue.
Progress(23) at 2026-07-20 11:25:43: 73,853,982 states generated (25,175,686 s/min), 16,678,706 distinct states found (5,318,028 ds/min), 7,835,846 states left on queue.
Progress(24) at 2026-07-20 11:26:43: 98,933,146 states generated (25,079,164 s/min), 21,949,228 distinct states found (5,270,522 ds/min), 10,067,139 states left on queue.
Progress(24) at 2026-07-20 11:27:43: 123,817,993 states generated (24,884,847 s/min), 26,994,993 distinct states found (5,045,765 ds/min), 12,081,063 states left on queue.
Progress(24) at 2026-07-20 11:28:43: 149,089,803 states generated (25,271,810 s/min), 32,076,031 distinct states found (5,081,038 ds/min), 14,104,650 states left on queue.
Progress(25) at 2026-07-20 11:29:43: 175,164,019 states generated (26,074,216 s/min), 37,380,268 distinct states found (5,304,237 ds/min), 16,210,155 states left on queue.
Progress(25) at 2026-07-20 11:30:44: 200,111,493 states generated (24,947,474 s/min), 42,224,321 distinct states found (4,844,053 ds/min), 17,982,591 states left on queue.
Progress(25) at 2026-07-20 11:31:44: 226,475,833 states generated (26,364,340 s/min), 47,329,754 distinct states found (5,105,433 ds/min), 19,868,813 states left on queue.
Progress(25) at 2026-07-20 11:32:44: 251,783,264 states generated (25,307,431 s/min), 52,194,777 distinct states found (4,865,023 ds/min), 21,604,146 states left on queue.
Progress(26) at 2026-07-20 11:33:44: 277,976,132 states generated (26,192,868 s/min), 57,270,619 distinct states found (5,075,842 ds/min), 23,534,061 states left on queue.
Progress(26) at 2026-07-20 11:34:44: 303,049,513 states generated (25,073,381 s/min), 62,181,057 distinct states found (4,910,438 ds/min), 25,353,869 states left on queue.
Progress(26) at 2026-07-20 11:35:44: 329,323,460 states generated (26,273,947 s/min), 67,123,749 distinct states found (4,942,692 ds/min), 27,035,096 states left on queue.
Progress(26) at 2026-07-20 11:36:44: 354,033,461 states generated (24,710,001 s/min), 71,678,808 distinct states found (4,555,059 ds/min), 28,465,071 states left on queue.
Progress(26) at 2026-07-20 11:37:44: 380,583,566 states generated (26,550,105 s/min), 76,637,474 distinct states found (4,958,666 ds/min), 30,200,469 states left on queue.
Progress(26) at 2026-07-20 11:38:44: 405,414,364 states generated (24,830,798 s/min), 81,255,065 distinct states found (4,617,591 ds/min), 31,759,179 states left on queue.
Progress(26) at 2026-07-20 11:39:44: 432,419,901 states generated (27,005,537 s/min), 86,181,089 distinct states found (4,926,024 ds/min), 33,367,938 states left on queue.
Progress(27) at 2026-07-20 11:40:44: 458,790,202 states generated (26,370,301 s/min), 91,103,989 distinct states found (4,922,900 ds/min), 35,103,831 states left on queue.
Progress(27) at 2026-07-20 11:41:44: 483,357,868 states generated (24,567,666 s/min), 95,755,987 distinct states found (4,651,998 ds/min), 36,706,516 states left on queue.
Progress(27) at 2026-07-20 11:42:44: 509,975,325 states generated (26,617,457 s/min), 100,659,390 distinct states found (4,903,403 ds/min), 38,328,237 states left on queue.
Progress(27) at 2026-07-20 11:43:44: 536,433,444 states generated (26,458,119 s/min), 105,469,339 distinct states found (4,809,949 ds/min), 39,811,733 states left on queue.
Progress(27) at 2026-07-20 11:44:44: 561,640,402 states generated (25,206,958 s/min), 109,999,146 distinct states found (4,529,807 ds/min), 41,215,995 states left on queue.
Progress(27) at 2026-07-20 11:45:44: 588,186,623 states generated (26,546,221 s/min), 114,640,108 distinct states found (4,640,962 ds/min), 42,475,026 states left on queue.
Progress(27) at 2026-07-20 11:46:44: 614,943,946 states generated (26,757,323 s/min), 119,438,718 distinct states found (4,798,610 ds/min), 44,004,787 states left on queue.
Progress(27) at 2026-07-20 11:47:44: 640,065,600 states generated (25,121,654 s/min), 123,960,602 distinct states found (4,521,884 ds/min), 45,536,013 states left on queue.
Progress(27) at 2026-07-20 11:48:44: 667,107,046 states generated (27,041,446 s/min), 128,820,294 distinct states found (4,859,692 ds/min), 46,965,790 states left on queue.
Progress(27) at 2026-07-20 11:49:44: 694,473,542 states generated (27,366,496 s/min), 133,569,154 distinct states found (4,748,860 ds/min), 48,300,966 states left on queue.
Progress(27) at 2026-07-20 11:50:44: 721,514,705 states generated (27,041,163 s/min), 138,433,275 distinct states found (4,864,121 ds/min), 49,911,280 states left on queue.
Progress(28) at 2026-07-20 11:51:44: 746,586,996 states generated (25,072,291 s/min), 142,928,577 distinct states found (4,495,302 ds/min), 51,314,398 states left on queue.
Checkpointing of run states/26-07-20-11-22-39
Checkpointing completed at (2026-07-20 11:52:44)
Progress(28) at 2026-07-20 11:52:44: 773,288,906 states generated (26,701,910 s/min), 147,708,076 distinct states found (4,779,499 ds/min), 52,785,187 states left on queue.
Progress(28) at 2026-07-20 11:53:44: 800,316,839 states generated (27,027,933 s/min), 152,532,175 distinct states found (4,824,099 ds/min), 54,196,899 states left on queue.
Progress(28) at 2026-07-20 11:54:44: 827,143,022 states generated (26,826,183 s/min), 157,308,265 distinct states found (4,776,090 ds/min), 55,632,569 states left on queue.
Progress(28) at 2026-07-20 11:55:44: 849,960,739 states generated (22,817,717 s/min), 161,283,638 distinct states found (3,975,373 ds/min), 56,743,906 states left on queue.
Progress(28) at 2026-07-20 11:56:44: 877,243,544 states generated (27,282,805 s/min), 166,057,904 distinct states found (4,774,266 ds/min), 58,165,453 states left on queue.
Progress(28) at 2026-07-20 11:57:44: 904,278,690 states generated (27,035,146 s/min), 170,681,590 distinct states found (4,623,686 ds/min), 59,342,992 states left on queue.
Progress(28) at 2026-07-20 11:58:44: 931,290,320 states generated (27,011,630 s/min), 175,257,509 distinct states found (4,575,919 ds/min), 60,481,466 states left on queue.
Progress(28) at 2026-07-20 11:59:44: 955,247,532 states generated (23,957,212 s/min), 179,340,510 distinct states found (4,083,001 ds/min), 61,680,867 states left on queue.
Progress(28) at 2026-07-20 12:00:44: 982,145,537 states generated (26,898,005 s/min), 184,067,359 distinct states found (4,726,849 ds/min), 63,081,499 states left on queue.
Progress(28) at 2026-07-20 12:01:45: 1,009,630,138 states generated (27,484,601 s/min), 188,757,454 distinct states found (4,690,095 ds/min), 64,540,164 states left on queue.
Progress(28) at 2026-07-20 12:02:45: 1,036,449,899 states generated (26,819,761 s/min), 193,429,159 distinct states found (4,671,705 ds/min), 65,765,733 states left on queue.
Progress(28) at 2026-07-20 12:03:45: 1,063,969,215 states generated (27,519,316 s/min), 198,122,678 distinct states found (4,693,519 ds/min), 66,942,428 states left on queue.
Progress(28) at 2026-07-20 12:04:48: 1,091,717,044 states generated (27,747,829 s/min), 202,727,897 distinct states found (4,605,219 ds/min), 68,193,280 states left on queue.
Progress(28) at 2026-07-20 12:05:48: 1,119,317,713 states generated (27,600,669 s/min), 207,487,301 distinct states found (4,759,404 ds/min), 69,583,611 states left on queue.
Progress(29) at 2026-07-20 12:06:48: 1,146,250,238 states generated (26,932,525 s/min), 212,184,584 distinct states found (4,697,283 ds/min), 70,941,991 states left on queue.
Progress(29) at 2026-07-20 12:07:48: 1,173,668,769 states generated (27,418,531 s/min), 216,845,680 distinct states found (4,661,096 ds/min), 72,153,430 states left on queue.
Progress(29) at 2026-07-20 12:08:48: 1,200,546,962 states generated (26,878,193 s/min), 221,516,848 distinct states found (4,671,168 ds/min), 73,526,207 states left on queue.
Progress(29) at 2026-07-20 12:09:48: 1,227,946,870 states generated (27,399,908 s/min), 226,292,193 distinct states found (4,775,345 ds/min), 74,819,258 states left on queue.
Progress(29) at 2026-07-20 12:10:48: 1,252,279,358 states generated (24,332,488 s/min), 230,447,710 distinct states found (4,155,517 ds/min), 75,967,735 states left on queue.
Progress(29) at 2026-07-20 12:11:48: 1,279,575,776 states generated (27,296,418 s/min), 235,116,474 distinct states found (4,668,764 ds/min), 77,173,861 states left on queue.
Progress(29) at 2026-07-20 12:12:48: 1,306,345,068 states generated (26,769,292 s/min), 239,624,621 distinct states found (4,508,147 ds/min), 78,331,422 states left on queue.
Progress(29) at 2026-07-20 12:13:48: 1,334,035,785 states generated (27,690,717 s/min), 244,234,310 distinct states found (4,609,689 ds/min), 79,513,998 states left on queue.
Progress(29) at 2026-07-20 12:14:48: 1,361,770,634 states generated (27,734,849 s/min), 249,003,512 distinct states found (4,769,202 ds/min), 80,886,458 states left on queue.
Progress(29) at 2026-07-20 12:15:48: 1,388,640,825 states generated (26,870,191 s/min), 253,400,117 distinct states found (4,396,605 ds/min), 81,751,391 states left on queue.
Progress(29) at 2026-07-20 12:16:48: 1,415,807,422 states generated (27,166,597 s/min), 257,756,212 distinct states found (4,356,095 ds/min), 82,648,409 states left on queue.
Progress(29) at 2026-07-20 12:17:51: 1,441,040,360 states generated (25,232,938 s/min), 261,914,799 distinct states found (4,158,587 ds/min), 83,763,757 states left on queue.
Progress(29) at 2026-07-20 12:18:51: 1,468,144,243 states generated (27,103,883 s/min), 266,397,316 distinct states found (4,482,517 ds/min), 84,848,649 states left on queue.
Progress(29) at 2026-07-20 12:19:51: 1,495,896,654 states generated (27,752,411 s/min), 271,070,131 distinct states found (4,672,815 ds/min), 86,234,254 states left on queue.
Progress(29) at 2026-07-20 12:20:51: 1,523,406,623 states generated (27,509,969 s/min), 275,598,183 distinct states found (4,528,052 ds/min), 87,491,106 states left on queue.
Progress(29) at 2026-07-20 12:21:51: 1,550,955,022 states generated (27,548,399 s/min), 280,252,752 distinct states found (4,654,569 ds/min), 88,718,692 states left on queue.
Checkpointing of run states/26-07-20-11-22-39
Checkpointing completed at (2026-07-20 12:22:53)
Progress(29) at 2026-07-20 12:22:53: 1,579,633,918 states generated (28,678,896 s/min), 285,040,363 distinct states found (4,787,611 ds/min), 89,755,580 states left on queue.
Progress(29) at 2026-07-20 12:23:53: 1,606,783,596 states generated (27,149,678 s/min), 289,425,189 distinct states found (4,384,826 ds/min), 90,672,035 states left on queue.
Progress(29) at 2026-07-20 12:24:53: 1,635,377,022 states generated (28,593,426 s/min), 293,941,904 distinct states found (4,516,715 ds/min), 91,778,632 states left on queue.
Progress(29) at 2026-07-20 12:25:53: 1,662,984,896 states generated (27,607,874 s/min), 298,460,075 distinct states found (4,518,171 ds/min), 92,859,769 states left on queue.
Progress(29) at 2026-07-20 12:26:53: 1,686,767,731 states generated (23,782,835 s/min), 302,526,176 distinct states found (4,066,101 ds/min), 94,003,125 states left on queue.
Progress(30) at 2026-07-20 12:27:53: 1,713,678,472 states generated (26,910,741 s/min), 307,036,322 distinct states found (4,510,146 ds/min), 95,191,318 states left on queue.
Progress(30) at 2026-07-20 12:28:53: 1,741,112,486 states generated (27,434,014 s/min), 311,567,536 distinct states found (4,531,214 ds/min), 96,266,133 states left on queue.
Progress(30) at 2026-07-20 12:29:53: 1,768,422,343 states generated (27,309,857 s/min), 316,094,410 distinct states found (4,526,874 ds/min), 97,266,048 states left on queue.
Progress(30) at 2026-07-20 12:30:53: 1,795,383,308 states generated (26,960,965 s/min), 320,616,512 distinct states found (4,522,102 ds/min), 98,570,315 states left on queue.
Progress(30) at 2026-07-20 12:31:53: 1,822,713,534 states generated (27,330,226 s/min), 325,181,407 distinct states found (4,564,895 ds/min), 99,644,629 states left on queue.
Progress(30) at 2026-07-20 12:32:53: 1,849,886,786 states generated (27,173,252 s/min), 329,704,572 distinct states found (4,523,165 ds/min), 100,782,450 states left on queue.
Progress(30) at 2026-07-20 12:33:53: 1,876,967,436 states generated (27,080,650 s/min), 334,250,049 distinct states found (4,545,477 ds/min), 102,071,383 states left on queue.
Progress(30) at 2026-07-20 12:34:53: 1,904,185,338 states generated (27,217,902 s/min), 338,670,232 distinct states found (4,420,183 ds/min), 102,871,878 states left on queue.
Progress(30) at 2026-07-20 12:35:53: 1,931,091,453 states generated (26,906,115 s/min), 343,069,030 distinct states found (4,398,798 ds/min), 103,941,549 states left on queue.
Progress(30) at 2026-07-20 12:36:53: 1,955,957,732 states generated (24,866,279 s/min), 347,174,022 distinct states found (4,104,992 ds/min), 104,956,209 states left on queue.
Progress(30) at 2026-07-20 12:37:53: 1,983,767,421 states generated (27,809,689 s/min), 351,769,184 distinct states found (4,595,162 ds/min), 106,076,949 states left on queue.
Progress(30) at 2026-07-20 12:38:54: 2,011,858,321 states generated (28,090,900 s/min), 356,294,100 distinct states found (4,524,916 ds/min), 107,180,204 states left on queue.
Progress(30) at 2026-07-20 12:39:54: 2,038,832,556 states generated (26,974,235 s/min), 360,456,712 distinct states found (4,162,612 ds/min), 107,782,478 states left on queue.
Progress(30) at 2026-07-20 12:40:54: 2,065,545,389 states generated (26,712,833 s/min), 364,748,664 distinct states found (4,291,952 ds/min), 108,589,138 states left on queue.
Progress(30) at 2026-07-20 12:41:54: 2,093,423,801 states generated (27,878,412 s/min), 369,148,336 distinct states found (4,399,672 ds/min), 109,571,090 states left on queue.
Progress(30) at 2026-07-20 12:42:54: 2,120,914,936 states generated (27,491,135 s/min), 373,383,080 distinct states found (4,234,744 ds/min), 110,494,150 states left on queue.
Progress(30) at 2026-07-20 12:43:54: 2,147,890,209 states generated (26,975,273 s/min), 377,708,609 distinct states found (4,325,529 ds/min), 111,422,019 states left on queue.
Progress(30) at 2026-07-20 12:44:54: 2,175,292,821 states generated (27,402,612 s/min), 382,159,722 distinct states found (4,451,113 ds/min), 112,570,299 states left on queue.
Progress(30) at 2026-07-20 12:45:54: 2,203,667,367 states generated (28,374,546 s/min), 386,682,106 distinct states found (4,522,384 ds/min), 113,796,874 states left on queue.
Progress(30) at 2026-07-20 12:46:54: 2,231,287,528 states generated (27,620,161 s/min), 391,090,563 distinct states found (4,408,457 ds/min), 114,941,057 states left on queue.
Progress(30) at 2026-07-20 12:47:54: 2,259,187,541 states generated (27,900,013 s/min), 395,686,691 distinct states found (4,596,128 ds/min), 116,117,381 states left on queue.
Progress(30) at 2026-07-20 12:48:54: 2,286,147,259 states generated (26,959,718 s/min), 400,131,379 distinct states found (4,444,688 ds/min), 116,875,326 states left on queue.
Progress(30) at 2026-07-20 12:49:54: 2,312,210,295 states generated (26,063,036 s/min), 404,234,850 distinct states found (4,103,471 ds/min), 117,632,789 states left on queue.
Progress(30) at 2026-07-20 12:50:54: 2,339,647,227 states generated (27,436,932 s/min), 408,450,639 distinct states found (4,215,789 ds/min), 118,379,089 states left on queue.
Progress(30) at 2026-07-20 12:51:54: 2,368,397,575 states generated (28,750,348 s/min), 412,762,625 distinct states found (4,311,986 ds/min), 119,289,223 states left on queue.
Checkpointing of run states/26-07-20-11-22-39
Checkpointing completed at (2026-07-20 12:52:56)
Progress(30) at 2026-07-20 12:52:56: 2,396,624,377 states generated (28,226,802 s/min), 417,239,758 distinct states found (4,477,133 ds/min), 120,251,852 states left on queue.
Progress(30) at 2026-07-20 12:53:56: 2,425,324,551 states generated (28,700,174 s/min), 421,854,845 distinct states found (4,615,087 ds/min), 121,374,221 states left on queue.
Progress(30) at 2026-07-20 12:54:56: 2,452,814,532 states generated (27,489,981 s/min), 426,457,108 distinct states found (4,602,263 ds/min), 122,507,895 states left on queue.
Progress(31) at 2026-07-20 12:55:56: 2,479,506,899 states generated (26,692,367 s/min), 430,735,650 distinct states found (4,278,542 ds/min), 123,467,191 states left on queue.
Progress(31) at 2026-07-20 12:56:56: 2,506,939,676 states generated (27,432,777 s/min), 435,127,339 distinct states found (4,391,689 ds/min), 124,390,790 states left on queue.
Progress(31) at 2026-07-20 12:57:56: 2,534,737,865 states generated (27,798,189 s/min), 439,505,972 distinct states found (4,378,633 ds/min), 125,192,316 states left on queue.
Progress(31) at 2026-07-20 12:58:56: 2,561,863,323 states generated (27,125,458 s/min), 443,902,569 distinct states found (4,396,597 ds/min), 126,214,504 states left on queue.
Progress(31) at 2026-07-20 12:59:56: 2,588,795,215 states generated (26,931,892 s/min), 448,311,992 distinct states found (4,409,423 ds/min), 127,384,477 states left on queue.
Progress(31) at 2026-07-20 13:00:56: 2,615,817,787 states generated (27,022,572 s/min), 452,604,294 distinct states found (4,292,302 ds/min), 128,159,463 states left on queue.
Progress(31) at 2026-07-20 13:01:56: 2,643,741,611 states generated (27,923,824 s/min), 457,086,201 distinct states found (4,481,907 ds/min), 129,190,151 states left on queue.
Progress(31) at 2026-07-20 13:02:56: 2,670,593,337 states generated (26,851,726 s/min), 461,503,524 distinct states found (4,417,323 ds/min), 130,277,381 states left on queue.
Progress(31) at 2026-07-20 13:03:56: 2,697,263,843 states generated (26,670,506 s/min), 465,790,393 distinct states found (4,286,869 ds/min), 131,414,342 states left on queue.
Progress(31) at 2026-07-20 13:04:56: 2,724,857,857 states generated (27,594,014 s/min), 470,153,564 distinct states found (4,363,171 ds/min), 132,097,561 states left on queue.
Progress(31) at 2026-07-20 13:05:56: 2,750,964,468 states generated (26,106,611 s/min), 474,338,645 distinct states found (4,185,081 ds/min), 133,021,893 states left on queue.
Progress(31) at 2026-07-20 13:06:56: 2,778,550,017 states generated (27,585,549 s/min), 478,741,574 distinct states found (4,402,929 ds/min), 133,945,694 states left on queue.
Progress(31) at 2026-07-20 13:07:56: 2,803,103,227 states generated (24,553,210 s/min), 482,542,823 distinct states found (3,801,249 ds/min), 134,689,834 states left on queue.
Progress(31) at 2026-07-20 13:08:56: 2,830,900,249 states generated (27,797,022 s/min), 487,060,756 distinct states found (4,517,933 ds/min), 135,743,990 states left on queue.
Progress(31) at 2026-07-20 13:09:56: 2,858,954,637 states generated (28,054,388 s/min), 491,452,896 distinct states found (4,392,140 ds/min), 136,749,136 states left on queue.
Progress(31) at 2026-07-20 13:10:56: 2,886,736,698 states generated (27,782,061 s/min), 495,698,429 distinct states found (4,245,533 ds/min), 137,390,508 states left on queue.
Progress(31) at 2026-07-20 13:11:56: 2,913,315,093 states generated (26,578,395 s/min), 499,771,175 distinct states found (4,072,746 ds/min), 137,917,070 states left on queue.
Progress(31) at 2026-07-20 13:12:56: 2,940,064,039 states generated (26,748,946 s/min), 503,795,728 distinct states found (4,024,553 ds/min), 138,469,630 states left on queue.
Progress(31) at 2026-07-20 13:13:56: 2,968,111,648 states generated (28,047,609 s/min), 508,008,538 distinct states found (4,212,810 ds/min), 139,302,264 states left on queue.
Progress(31) at 2026-07-20 13:14:56: 2,995,539,899 states generated (27,428,251 s/min), 512,190,295 distinct states found (4,181,757 ds/min), 140,193,493 states left on queue.
Progress(31) at 2026-07-20 13:15:56: 3,022,632,529 states generated (27,092,630 s/min), 516,176,182 distinct states found (3,985,887 ds/min), 140,826,591 states left on queue.
Progress(31) at 2026-07-20 13:16:56: 3,050,277,704 states generated (27,645,175 s/min), 520,572,356 distinct states found (4,396,174 ds/min), 141,827,014 states left on queue.
Progress(31) at 2026-07-20 13:17:56: 3,077,235,290 states generated (26,957,586 s/min), 524,790,462 distinct states found (4,218,106 ds/min), 142,751,257 states left on queue.
Progress(31) at 2026-07-20 13:18:56: 3,105,738,605 states generated (28,503,315 s/min), 529,224,710 distinct states found (4,434,248 ds/min), 143,953,236 states left on queue.
Progress(31) at 2026-07-20 13:19:56: 3,133,527,994 states generated (27,789,389 s/min), 533,519,161 distinct states found (4,294,451 ds/min), 144,933,646 states left on queue.
Progress(31) at 2026-07-20 13:20:56: 3,161,407,296 states generated (27,879,302 s/min), 537,753,060 distinct states found (4,233,899 ds/min), 145,849,804 states left on queue.
Progress(31) at 2026-07-20 13:21:56: 3,189,349,902 states generated (27,942,606 s/min), 542,316,617 distinct states found (4,563,557 ds/min), 146,964,070 states left on queue.
Checkpointing of run states/26-07-20-11-22-39
Checkpointing completed at (2026-07-20 13:22:58)
Progress(31) at 2026-07-20 13:22:58: 3,216,773,948 states generated (27,424,046 s/min), 546,695,664 distinct states found (4,379,047 ds/min), 147,609,386 states left on queue.
Progress(31) at 2026-07-20 13:23:58: 3,245,411,910 states generated (28,637,962 s/min), 551,081,915 distinct states found (4,386,251 ds/min), 148,246,380 states left on queue.
Progress(31) at 2026-07-20 13:24:58: 3,272,118,372 states generated (26,706,462 s/min), 555,107,640 distinct states found (4,025,725 ds/min), 148,869,658 states left on queue.
Progress(31) at 2026-07-20 13:25:58: 3,300,694,923 states generated (28,576,551 s/min), 559,310,934 distinct states found (4,203,294 ds/min), 149,504,237 states left on queue.
Progress(31) at 2026-07-20 13:26:58: 3,329,238,759 states generated (28,543,836 s/min), 563,438,606 distinct states found (4,127,672 ds/min), 150,292,244 states left on queue.
Progress(31) at 2026-07-20 13:27:58: 3,356,540,796 states generated (27,302,037 s/min), 567,630,804 distinct states found (4,192,198 ds/min), 151,019,408 states left on queue.
Progress(31) at 2026-07-20 13:28:58: 3,385,016,944 states generated (28,476,148 s/min), 571,972,321 distinct states found (4,341,517 ds/min), 151,839,760 states left on queue.
Progress(31) at 2026-07-20 13:29:58: 3,413,675,123 states generated (28,658,179 s/min), 576,720,280 distinct states found (4,747,959 ds/min), 153,081,625 states left on queue.
Progress(31) at 2026-07-20 13:30:58: 3,440,855,170 states generated (27,180,047 s/min), 581,031,502 distinct states found (4,311,222 ds/min), 153,957,573 states left on queue.
Progress(32) at 2026-07-20 13:31:58: 3,467,766,969 states generated (26,911,799 s/min), 585,148,164 distinct states found (4,116,662 ds/min), 154,725,050 states left on queue.
Progress(32) at 2026-07-20 13:32:58: 3,494,741,850 states generated (26,974,881 s/min), 589,276,382 distinct states found (4,128,218 ds/min), 155,422,466 states left on queue.
Progress(32) at 2026-07-20 13:33:58: 3,514,189,627 states generated (19,447,777 s/min), 592,317,547 distinct states found (3,041,165 ds/min), 155,947,633 states left on queue.
Progress(32) at 2026-07-20 13:34:58: 3,541,548,985 states generated (27,359,358 s/min), 596,540,618 distinct states found (4,223,071 ds/min), 156,635,462 states left on queue.
Progress(32) at 2026-07-20 13:35:58: 3,568,090,180 states generated (26,541,195 s/min), 600,646,777 distinct states found (4,106,159 ds/min), 157,428,105 states left on queue.
Progress(32) at 2026-07-20 13:36:58: 3,595,380,323 states generated (27,290,143 s/min), 604,930,680 distinct states found (4,283,903 ds/min), 158,497,183 states left on queue.
Progress(32) at 2026-07-20 13:37:58: 3,622,491,498 states generated (27,111,175 s/min), 609,218,395 distinct states found (4,287,715 ds/min), 159,366,252 states left on queue.
Progress(32) at 2026-07-20 13:38:58: 3,649,472,910 states generated (26,981,412 s/min), 613,374,731 distinct states found (4,156,336 ds/min), 160,068,172 states left on queue.
Progress(32) at 2026-07-20 13:39:58: 3,677,396,750 states generated (27,923,840 s/min), 617,694,941 distinct states found (4,320,210 ds/min), 160,909,890 states left on queue.
Progress(32) at 2026-07-20 13:40:58: 3,703,896,135 states generated (26,499,385 s/min), 621,983,769 distinct states found (4,288,828 ds/min), 161,893,226 states left on queue.
Progress(32) at 2026-07-20 13:41:58: 3,730,917,713 states generated (27,021,578 s/min), 626,126,600 distinct states found (4,142,831 ds/min), 162,808,370 states left on queue.
Progress(32) at 2026-07-20 13:42:58: 3,757,443,233 states generated (26,525,520 s/min), 630,285,447 distinct states found (4,158,847 ds/min), 163,750,878 states left on queue.
Progress(32) at 2026-07-20 13:43:58: 3,785,129,656 states generated (27,686,423 s/min), 634,507,772 distinct states found (4,222,325 ds/min), 164,257,304 states left on queue.
Progress(32) at 2026-07-20 13:44:58: 3,811,233,358 states generated (26,103,702 s/min), 638,601,972 distinct states found (4,094,200 ds/min), 165,083,935 states left on queue.
Progress(32) at 2026-07-20 13:45:58: 3,838,893,035 states generated (27,659,677 s/min), 642,852,607 distinct states found (4,250,635 ds/min), 165,879,328 states left on queue.
Progress(32) at 2026-07-20 13:46:58: 3,866,476,419 states generated (27,583,384 s/min), 647,044,736 distinct states found (4,192,129 ds/min), 166,636,347 states left on queue.
Progress(32) at 2026-07-20 13:47:58: 3,894,651,658 states generated (28,175,239 s/min), 651,133,462 distinct states found (4,088,726 ds/min), 167,195,636 states left on queue.
Progress(32) at 2026-07-20 13:48:58: 3,922,256,374 states generated (27,604,716 s/min), 655,738,629 distinct states found (4,605,167 ds/min), 168,270,507 states left on queue.
Progress(32) at 2026-07-20 13:49:58: 3,950,528,792 states generated (28,272,418 s/min), 659,982,394 distinct states found (4,243,765 ds/min), 169,109,963 states left on queue.
Progress(32) at 2026-07-20 13:50:58: 3,978,399,424 states generated (27,870,632 s/min), 664,125,128 distinct states found (4,142,734 ds/min), 169,657,656 states left on queue.
Progress(32) at 2026-07-20 13:51:58: 4,005,230,893 states generated (26,831,469 s/min), 668,001,691 distinct states found (3,876,563 ds/min), 170,050,980 states left on queue.
Checkpointing of run states/26-07-20-11-22-39
Checkpointing completed at (2026-07-20 13:53:00)
Progress(32) at 2026-07-20 13:53:00: 4,032,643,940 states generated (27,413,047 s/min), 672,118,947 distinct states found (4,117,256 ds/min), 170,624,107 states left on queue.
Progress(32) at 2026-07-20 13:54:00: 4,059,921,740 states generated (27,277,800 s/min), 675,917,667 distinct states found (3,798,720 ds/min), 171,006,613 states left on queue.
Progress(32) at 2026-07-20 13:55:00: 4,087,858,676 states generated (27,936,936 s/min), 680,102,694 distinct states found (4,185,027 ds/min), 171,731,317 states left on queue.
Progress(32) at 2026-07-20 13:56:00: 4,115,344,927 states generated (27,486,251 s/min), 684,153,193 distinct states found (4,050,499 ds/min), 172,484,278 states left on queue.
Progress(32) at 2026-07-20 13:57:00: 4,142,429,020 states generated (27,084,093 s/min), 688,041,567 distinct states found (3,888,374 ds/min), 173,060,782 states left on queue.
Progress(32) at 2026-07-20 13:58:00: 4,169,195,353 states generated (26,766,333 s/min), 691,999,687 distinct states found (3,958,120 ds/min), 173,610,815 states left on queue.
Progress(32) at 2026-07-20 13:59:00: 4,197,658,239 states generated (28,462,886 s/min), 696,369,043 distinct states found (4,369,356 ds/min), 174,651,159 states left on queue.
Progress(32) at 2026-07-20 14:00:00: 4,224,593,678 states generated (26,935,439 s/min), 700,420,204 distinct states found (4,051,161 ds/min), 175,350,992 states left on queue.
Progress(32) at 2026-07-20 14:01:00: 4,253,158,681 states generated (28,565,003 s/min), 704,695,805 distinct states found (4,275,601 ds/min), 176,392,426 states left on queue.
Progress(32) at 2026-07-20 14:02:00: 4,281,263,514 states generated (28,104,833 s/min), 708,942,620 distinct states found (4,246,815 ds/min), 177,355,590 states left on queue.
Progress(32) at 2026-07-20 14:03:00: 4,308,999,326 states generated (27,735,812 s/min), 713,084,280 distinct states found (4,141,660 ds/min), 178,182,413 states left on queue.
Progress(32) at 2026-07-20 14:04:00: 4,336,563,642 states generated (27,564,316 s/min), 717,135,682 distinct states found (4,051,402 ds/min), 178,899,034 states left on queue.
Progress(32) at 2026-07-20 14:05:00: 4,364,532,897 states generated (27,969,255 s/min), 721,671,920 distinct states found (4,536,238 ds/min), 180,005,190 states left on queue.
Progress(32) at 2026-07-20 14:06:00: 4,391,176,082 states generated (26,643,185 s/min), 725,897,625 distinct states found (4,225,705 ds/min), 180,636,782 states left on queue.
Progress(32) at 2026-07-20 14:07:00: 4,419,072,539 states generated (27,896,457 s/min), 730,005,279 distinct states found (4,107,654 ds/min), 181,064,413 states left on queue.
Progress(32) at 2026-07-20 14:08:00: 4,446,865,668 states generated (27,793,129 s/min), 734,065,665 distinct states found (4,060,386 ds/min), 181,525,056 states left on queue.
Progress(32) at 2026-07-20 14:09:00: 4,473,362,963 states generated (26,497,295 s/min), 737,843,941 distinct states found (3,778,276 ds/min), 181,928,667 states left on queue.
Progress(32) at 2026-07-20 14:10:00: 4,502,561,117 states generated (29,198,154 s/min), 742,044,023 distinct states found (4,200,082 ds/min), 182,491,018 states left on queue.
Progress(32) at 2026-07-20 14:11:00: 4,531,219,128 states generated (28,658,011 s/min), 746,015,724 distinct states found (3,971,701 ds/min), 183,125,309 states left on queue.
Progress(32) at 2026-07-20 14:12:00: 4,558,438,709 states generated (27,219,581 s/min), 750,038,518 distinct states found (4,022,794 ds/min), 183,718,540 states left on queue.
Progress(32) at 2026-07-20 14:13:00: 4,586,108,622 states generated (27,669,913 s/min), 754,149,846 distinct states found (4,111,328 ds/min), 184,343,324 states left on queue.
Progress(32) at 2026-07-20 14:14:00: 4,615,546,999 states generated (29,438,377 s/min), 758,653,035 distinct states found (4,503,189 ds/min), 185,276,355 states left on queue.
Progress(32) at 2026-07-20 14:15:00: 4,643,875,928 states generated (28,328,929 s/min), 763,158,961 distinct states found (4,505,926 ds/min), 186,250,590 states left on queue.
Progress(32) at 2026-07-20 14:16:00: 4,671,100,001 states generated (27,224,073 s/min), 767,356,693 distinct states found (4,197,732 ds/min), 186,978,542 states left on queue.
Progress(33) at 2026-07-20 14:17:00: 4,697,972,536 states generated (26,872,535 s/min), 771,317,621 distinct states found (3,960,928 ds/min), 187,645,657 states left on queue.
Progress(33) at 2026-07-20 14:18:00: 4,724,664,806 states generated (26,692,270 s/min), 775,188,201 distinct states found (3,870,580 ds/min), 188,090,215 states left on queue.
Progress(33) at 2026-07-20 14:19:00: 4,748,030,739 states generated (23,365,933 s/min), 778,878,531 distinct states found (3,690,330 ds/min), 188,773,168 states left on queue.
Progress(33) at 2026-07-20 14:20:00: 4,776,060,833 states generated (28,030,094 s/min), 783,133,898 distinct states found (4,255,367 ds/min), 189,381,315 states left on queue.
Progress(33) at 2026-07-20 14:21:00: 4,803,367,081 states generated (27,306,248 s/min), 787,191,915 distinct states found (4,058,017 ds/min), 189,883,694 states left on queue.
Progress(33) at 2026-07-20 14:22:00: 4,829,916,459 states generated (26,549,378 s/min), 791,135,824 distinct states found (3,943,909 ds/min), 190,554,889 states left on queue.
Checkpointing of run states/26-07-20-11-22-39
Checkpointing completed at (2026-07-20 14:23:02)
Progress(33) at 2026-07-20 14:23:02: 4,858,167,766 states generated (28,251,307 s/min), 795,374,013 distinct states found (4,238,189 ds/min), 191,437,321 states left on queue.
Progress(33) at 2026-07-20 14:24:02: 4,885,313,241 states generated (27,145,475 s/min), 799,619,372 distinct states found (4,245,359 ds/min), 192,454,446 states left on queue.
Progress(33) at 2026-07-20 14:25:02: 4,912,202,546 states generated (26,889,305 s/min), 803,579,762 distinct states found (3,960,390 ds/min), 192,905,821 states left on queue.
Progress(33) at 2026-07-20 14:26:02: 4,939,627,641 states generated (27,425,095 s/min), 807,776,084 distinct states found (4,196,322 ds/min), 193,723,700 states left on queue.
Progress(33) at 2026-07-20 14:27:02: 4,967,394,050 states generated (27,766,409 s/min), 811,902,323 distinct states found (4,126,239 ds/min), 194,327,451 states left on queue.
Progress(33) at 2026-07-20 14:28:02: 4,993,570,066 states generated (26,176,016 s/min), 816,092,290 distinct states found (4,189,967 ds/min), 195,251,476 states left on queue.
Progress(33) at 2026-07-20 14:29:02: 5,020,901,750 states generated (27,331,684 s/min), 820,135,241 distinct states found (4,042,951 ds/min), 195,912,163 states left on queue.
Progress(33) at 2026-07-20 14:30:02: 5,047,225,824 states generated (26,324,074 s/min), 824,141,409 distinct states found (4,006,168 ds/min), 196,851,205 states left on queue.
Progress(33) at 2026-07-20 14:31:02: 5,073,644,118 states generated (26,418,294 s/min), 828,100,810 distinct states found (3,959,401 ds/min), 197,550,321 states left on queue.
Progress(33) at 2026-07-20 14:32:02: 5,101,451,566 states generated (27,807,448 s/min), 832,201,965 distinct states found (4,101,155 ds/min), 197,937,504 states left on queue.
Progress(33) at 2026-07-20 14:33:02: 5,127,356,711 states generated (25,905,145 s/min), 836,166,290 distinct states found (3,964,325 ds/min), 198,592,943 states left on queue.
Progress(33) at 2026-07-20 14:34:02: 5,154,388,651 states generated (27,031,940 s/min), 840,200,745 distinct states found (4,034,455 ds/min), 199,264,315 states left on queue.
Progress(33) at 2026-07-20 14:35:02: 5,182,001,793 states generated (27,613,142 s/min), 844,390,290 distinct states found (4,189,545 ds/min), 199,964,748 states left on queue.
Progress(33) at 2026-07-20 14:36:02: 5,209,880,686 states generated (27,878,893 s/min), 848,372,041 distinct states found (3,981,751 ds/min), 200,503,016 states left on queue.
Progress(33) at 2026-07-20 14:37:03: 5,238,150,166 states generated (28,269,480 s/min), 852,321,881 distinct states found (3,949,840 ds/min), 200,938,054 states left on queue.
Progress(33) at 2026-07-20 14:38:03: 5,265,666,454 states generated (27,516,288 s/min), 856,838,621 distinct states found (4,516,740 ds/min), 201,901,371 states left on queue.
Progress(33) at 2026-07-20 14:39:03: 5,293,537,661 states generated (27,871,207 s/min), 860,908,573 distinct states found (4,069,952 ds/min), 202,532,202 states left on queue.
Progress(33) at 2026-07-20 14:40:03: 5,321,689,164 states generated (28,151,503 s/min), 865,070,692 distinct states found (4,162,119 ds/min), 203,337,513 states left on queue.
Progress(33) at 2026-07-20 14:41:03: 5,349,634,858 states generated (27,945,694 s/min), 869,001,879 distinct states found (3,931,187 ds/min), 203,586,021 states left on queue.
Progress(33) at 2026-07-20 14:42:03: 5,375,842,544 states generated (26,207,686 s/min), 872,727,910 distinct states found (3,726,031 ds/min), 203,830,503 states left on queue.
Progress(33) at 2026-07-20 14:43:03: 5,402,059,128 states generated (26,216,584 s/min), 876,479,567 distinct states found (3,751,657 ds/min), 204,227,096 states left on queue.
Progress(33) at 2026-07-20 14:44:03: 5,429,407,185 states generated (27,348,057 s/min), 880,136,478 distinct states found (3,656,911 ds/min), 204,482,275 states left on queue.
Progress(33) at 2026-07-20 14:45:03: 5,457,144,876 states generated (27,737,691 s/min), 884,073,203 distinct states found (3,936,725 ds/min), 204,965,035 states left on queue.
Progress(33) at 2026-07-20 14:46:03: 5,485,126,179 states generated (27,981,303 s/min), 887,946,793 distinct states found (3,873,590 ds/min), 205,518,470 states left on queue.
Progress(33) at 2026-07-20 14:47:03: 5,512,014,264 states generated (26,888,085 s/min), 891,884,736 distinct states found (3,937,943 ds/min), 206,159,462 states left on queue.
Progress(33) at 2026-07-20 14:48:03: 5,538,917,929 states generated (26,903,665 s/min), 895,618,601 distinct states found (3,733,865 ds/min), 206,551,009 states left on queue.
Progress(33) at 2026-07-20 14:49:03: 5,566,287,915 states generated (27,369,986 s/min), 899,675,637 distinct states found (4,057,036 ds/min), 207,141,401 states left on queue.
Progress(33) at 2026-07-20 14:50:03: 5,594,644,718 states generated (28,356,803 s/min), 903,934,534 distinct states found (4,258,897 ds/min), 208,150,951 states left on queue.
Progress(33) at 2026-07-20 14:51:03: 5,621,655,165 states generated (27,010,447 s/min), 907,810,504 distinct states found (3,875,970 ds/min), 208,732,685 states left on queue.
Progress(33) at 2026-07-20 14:52:03: 5,649,850,403 states generated (28,195,238 s/min), 911,944,179 distinct states found (4,133,675 ds/min), 209,481,999 states left on queue.
Checkpointing of run states/26-07-20-11-22-39
Checkpointing completed at (2026-07-20 14:53:05)
Progress(33) at 2026-07-20 14:53:05: 5,678,973,080 states generated (29,122,677 s/min), 916,177,883 distinct states found (4,233,704 ds/min), 210,500,713 states left on queue.
Progress(33) at 2026-07-20 14:54:05: 5,707,130,997 states generated (28,157,917 s/min), 920,278,341 distinct states found (4,100,458 ds/min), 211,243,938 states left on queue.
Progress(33) at 2026-07-20 14:55:05: 5,734,827,606 states generated (27,696,609 s/min), 924,290,644 distinct states found (4,012,303 ds/min), 211,903,047 states left on queue.
Progress(33) at 2026-07-20 14:56:05: 5,762,548,845 states generated (27,721,239 s/min), 928,244,975 distinct states found (3,954,331 ds/min), 212,613,724 states left on queue.
Progress(33) at 2026-07-20 14:57:05: 5,789,607,774 states generated (27,058,929 s/min), 932,431,948 distinct states found (4,186,973 ds/min), 213,382,312 states left on queue.
Progress(33) at 2026-07-20 14:58:05: 5,818,438,103 states generated (28,830,329 s/min), 936,783,114 distinct states found (4,351,166 ds/min), 214,259,293 states left on queue.
Progress(33) at 2026-07-20 14:59:05: 5,844,801,139 states generated (26,363,036 s/min), 940,854,338 distinct states found (4,071,224 ds/min), 214,668,186 states left on queue.
Progress(33) at 2026-07-20 15:00:05: 5,872,560,343 states generated (27,759,204 s/min), 944,825,575 distinct states found (3,971,237 ds/min), 214,954,568 states left on queue.
Progress(33) at 2026-07-20 15:01:05: 5,900,569,737 states generated (28,009,394 s/min), 948,739,955 distinct states found (3,914,380 ds/min), 215,235,229 states left on queue.
Progress(33) at 2026-07-20 15:02:05: 5,926,905,050 states generated (26,335,313 s/min), 952,447,642 distinct states found (3,707,687 ds/min), 215,610,454 states left on queue.
Progress(33) at 2026-07-20 15:03:05: 5,955,325,246 states generated (28,420,196 s/min), 956,229,163 distinct states found (3,781,521 ds/min), 215,806,583 states left on queue.
Progress(33) at 2026-07-20 15:04:05: 5,984,974,231 states generated (29,648,985 s/min), 960,324,239 distinct states found (4,095,076 ds/min), 216,332,211 states left on queue.
Progress(33) at 2026-07-20 15:05:05: 6,012,397,719 states generated (27,423,488 s/min), 964,268,195 distinct states found (3,943,956 ds/min), 217,078,646 states left on queue.
Progress(33) at 2026-07-20 15:06:05: 6,039,604,175 states generated (27,206,456 s/min), 968,100,048 distinct states found (3,831,853 ds/min), 217,383,572 states left on queue.
Progress(33) at 2026-07-20 15:07:05: 6,067,403,928 states generated (27,799,753 s/min), 972,094,966 distinct states found (3,994,918 ds/min), 217,882,295 states left on queue.
Progress(33) at 2026-07-20 15:08:05: 6,096,985,640 states generated (29,581,712 s/min), 976,475,476 distinct states found (4,380,510 ds/min), 218,715,141 states left on queue.
Progress(33) at 2026-07-20 15:09:05: 6,125,658,496 states generated (28,672,856 s/min), 980,833,341 distinct states found (4,357,865 ds/min), 219,546,690 states left on queue.
Progress(33) at 2026-07-20 15:10:05: 6,153,363,143 states generated (27,704,647 s/min), 985,044,737 distinct states found (4,211,396 ds/min), 220,078,727 states left on queue.
Progress(33) at 2026-07-20 15:11:05: 6,180,356,492 states generated (26,993,349 s/min), 989,130,865 distinct states found (4,086,128 ds/min), 220,879,409 states left on queue.
Progress(34) at 2026-07-20 15:12:05: 6,207,276,735 states generated (26,920,243 s/min), 992,923,674 distinct states found (3,792,809 ds/min), 221,349,757 states left on queue.
Progress(34) at 2026-07-20 15:13:05: 6,233,869,950 states generated (26,593,215 s/min), 996,674,856 distinct states found (3,751,182 ds/min), 221,667,172 states left on queue.
Progress(34) at 2026-07-20 15:14:05: 6,261,476,524 states generated (27,606,574 s/min), 1,000,855,288 distinct states found (4,180,432 ds/min), 222,299,861 states left on queue.
Progress(34) at 2026-07-20 15:15:05: 6,289,832,187 states generated (28,355,663 s/min), 1,005,009,601 distinct states found (4,154,313 ds/min), 222,756,844 states left on queue.
Progress(34) at 2026-07-20 15:16:05: 6,317,287,296 states generated (27,455,109 s/min), 1,008,949,999 distinct states found (3,940,398 ds/min), 223,132,301 states left on queue.
Progress(34) at 2026-07-20 15:17:05: 6,344,009,989 states generated (26,722,693 s/min), 1,012,839,989 distinct states found (3,889,990 ds/min), 223,556,753 states left on queue.
Progress(34) at 2026-07-20 15:18:05: 6,371,381,346 states generated (27,371,357 s/min), 1,016,860,943 distinct states found (4,020,954 ds/min), 224,327,531 states left on queue.
Progress(34) at 2026-07-20 15:19:05: 6,389,514,492 states generated (18,133,146 s/min), 1,019,517,130 distinct states found (2,656,187 ds/min), 224,829,750 states left on queue.
Progress(34) at 2026-07-20 15:20:05: 6,416,338,798 states generated (26,824,306 s/min), 1,023,468,698 distinct states found (3,951,568 ds/min), 225,618,825 states left on queue.
Progress(34) at 2026-07-20 15:21:05: 6,443,584,206 states generated (27,245,408 s/min), 1,027,522,416 distinct states found (4,053,718 ds/min), 226,284,746 states left on queue.
Progress(34) at 2026-07-20 15:22:05: 6,470,060,595 states generated (26,476,389 s/min), 1,031,292,052 distinct states found (3,769,636 ds/min), 226,621,970 states left on queue.
Checkpointing of run states/26-07-20-11-22-39
Checkpointing completed at (2026-07-20 15:23:07)
Progress(34) at 2026-07-20 15:23:07: 6,499,045,174 states generated (28,984,579 s/min), 1,035,595,549 distinct states found (4,303,497 ds/min), 227,433,367 states left on queue.
Progress(34) at 2026-07-20 15:24:07: 6,526,572,012 states generated (27,526,838 s/min), 1,039,579,111 distinct states found (3,983,562 ds/min), 227,900,872 states left on queue.
Progress(34) at 2026-07-20 15:25:07: 6,553,017,408 states generated (26,445,396 s/min), 1,043,721,408 distinct states found (4,142,297 ds/min), 228,738,760 states left on queue.
Progress(34) at 2026-07-20 15:26:07: 6,579,471,802 states generated (26,454,394 s/min), 1,047,583,200 distinct states found (3,861,792 ds/min), 229,216,522 states left on queue.
Progress(34) at 2026-07-20 15:27:07: 6,606,283,214 states generated (26,811,412 s/min), 1,051,473,782 distinct states found (3,890,582 ds/min), 229,994,271 states left on queue.
Progress(34) at 2026-07-20 15:28:07: 6,632,792,919 states generated (26,509,705 s/min), 1,055,366,561 distinct states found (3,892,779 ds/min), 230,732,433 states left on queue.
Progress(34) at 2026-07-20 15:29:07: 6,658,979,999 states generated (26,187,080 s/min), 1,059,191,019 distinct states found (3,824,458 ds/min), 231,379,335 states left on queue.
Progress(34) at 2026-07-20 15:30:07: 6,686,730,804 states generated (27,750,805 s/min), 1,063,183,790 distinct states found (3,992,771 ds/min), 231,666,874 states left on queue.
Progress(34) at 2026-07-20 15:31:07: 6,712,761,470 states generated (26,030,666 s/min), 1,066,927,976 distinct states found (3,744,186 ds/min), 232,004,965 states left on queue.
Progress(34) at 2026-07-20 15:32:07: 6,739,381,621 states generated (26,620,151 s/min), 1,071,073,896 distinct states found (4,145,920 ds/min), 232,873,129 states left on queue.
Progress(34) at 2026-07-20 15:33:07: 6,766,868,151 states generated (27,486,530 s/min), 1,074,915,910 distinct states found (3,842,014 ds/min), 233,242,591 states left on queue.
Progress(34) at 2026-07-20 15:34:07: 6,794,263,885 states generated (27,395,734 s/min), 1,078,984,700 distinct states found (4,068,790 ds/min), 233,815,792 states left on queue.
Progress(34) at 2026-07-20 15:35:07: 6,822,322,082 states generated (28,058,197 s/min), 1,082,791,047 distinct states found (3,806,347 ds/min), 234,193,618 states left on queue.
Progress(34) at 2026-07-20 15:36:07: 6,850,458,890 states generated (28,136,808 s/min), 1,086,545,813 distinct states found (3,754,766 ds/min), 234,460,026 states left on queue.
Progress(34) at 2026-07-20 15:37:07: 6,877,948,620 states generated (27,489,730 s/min), 1,090,931,540 distinct states found (4,385,727 ds/min), 235,298,954 states left on queue.
Progress(34) at 2026-07-20 15:38:07: 6,905,372,591 states generated (27,423,971 s/min), 1,094,909,599 distinct states found (3,978,059 ds/min), 235,735,210 states left on queue.
Progress(34) at 2026-07-20 15:39:07: 6,934,035,992 states generated (28,663,401 s/min), 1,099,011,691 distinct states found (4,102,092 ds/min), 236,471,268 states left on queue.
Progress(34) at 2026-07-20 15:40:07: 6,961,991,341 states generated (27,955,349 s/min), 1,103,014,676 distinct states found (4,002,985 ds/min), 237,037,279 states left on queue.
Progress(34) at 2026-07-20 15:41:07: 6,989,243,790 states generated (27,252,449 s/min), 1,106,755,694 distinct states found (3,741,018 ds/min), 237,202,214 states left on queue.
Progress(34) at 2026-07-20 15:42:07: 7,015,393,571 states generated (26,149,781 s/min), 1,110,332,197 distinct states found (3,576,503 ds/min), 237,266,922 states left on queue.
Progress(34) at 2026-07-20 15:43:07: 7,041,603,842 states generated (26,210,271 s/min), 1,113,949,388 distinct states found (3,617,191 ds/min), 237,587,922 states left on queue.
Progress(34) at 2026-07-20 15:44:07: 7,068,807,405 states generated (27,203,563 s/min), 1,117,474,734 distinct states found (3,525,346 ds/min), 237,688,140 states left on queue.
Progress(34) at 2026-07-20 15:45:07: 7,096,514,402 states generated (27,706,997 s/min), 1,121,173,086 distinct states found (3,698,352 ds/min), 238,045,946 states left on queue.
Progress(34) at 2026-07-20 15:46:07: 7,124,331,699 states generated (27,817,297 s/min), 1,125,086,431 distinct states found (3,913,345 ds/min), 238,555,498 states left on queue.
Progress(34) at 2026-07-20 15:47:07: 7,151,487,950 states generated (27,156,251 s/min), 1,128,833,172 distinct states found (3,746,741 ds/min), 239,034,861 states left on queue.
Progress(34) at 2026-07-20 15:48:07: 7,178,525,592 states generated (27,037,642 s/min), 1,132,462,052 distinct states found (3,628,880 ds/min), 239,330,046 states left on queue.
Progress(34) at 2026-07-20 15:49:07: 7,205,011,433 states generated (26,485,841 s/min), 1,136,032,673 distinct states found (3,570,621 ds/min), 239,559,007 states left on queue.
Progress(34) at 2026-07-20 15:50:07: 7,232,833,370 states generated (27,821,937 s/min), 1,140,153,532 distinct states found (4,120,859 ds/min), 240,258,026 states left on queue.
Progress(34) at 2026-07-20 15:51:07: 7,261,151,192 states generated (28,317,822 s/min), 1,144,229,814 distinct states found (4,076,282 ds/min), 241,065,512 states left on queue.
Progress(34) at 2026-07-20 15:52:07: 7,288,262,151 states generated (27,110,959 s/min), 1,147,986,580 distinct states found (3,756,766 ds/min), 241,562,027 states left on queue.
Checkpointing of run states/26-07-20-11-22-39
Checkpointing completed at (2026-07-20 15:53:10)
Progress(34) at 2026-07-20 15:53:10: 7,316,750,359 states generated (28,488,208 s/min), 1,151,966,229 distinct states found (3,979,649 ds/min), 241,980,866 states left on queue.
Progress(34) at 2026-07-20 15:54:10: 7,345,187,785 states generated (28,437,426 s/min), 1,155,973,668 distinct states found (4,007,439 ds/min), 242,882,197 states left on queue.
Progress(34) at 2026-07-20 15:55:10: 7,373,069,427 states generated (27,881,642 s/min), 1,160,011,417 distinct states found (4,037,749 ds/min), 243,790,067 states left on queue.
Progress(34) at 2026-07-20 15:56:10: 7,401,092,834 states generated (28,023,407 s/min), 1,163,921,189 distinct states found (3,909,772 ds/min), 244,339,124 states left on queue.
Progress(34) at 2026-07-20 15:57:10: 7,428,442,579 states generated (27,349,745 s/min), 1,167,825,609 distinct states found (3,904,420 ds/min), 244,977,019 states left on queue.
Progress(34) at 2026-07-20 15:58:10: 7,456,525,582 states generated (28,083,003 s/min), 1,171,775,404 distinct states found (3,949,795 ds/min), 245,558,368 states left on queue.
Progress(34) at 2026-07-20 15:59:10: 7,484,054,258 states generated (27,528,676 s/min), 1,175,505,582 distinct states found (3,730,178 ds/min), 246,041,028 states left on queue.
Progress(34) at 2026-07-20 16:00:10: 7,511,045,931 states generated (26,991,673 s/min), 1,179,753,404 distinct states found (4,247,822 ds/min), 246,836,334 states left on queue.
Progress(34) at 2026-07-20 16:01:10: 7,539,874,013 states generated (28,828,082 s/min), 1,183,927,261 distinct states found (4,173,857 ds/min), 247,519,582 states left on queue.
Progress(34) at 2026-07-20 16:02:10: 7,566,255,068 states generated (26,381,055 s/min), 1,187,977,424 distinct states found (4,050,163 ds/min), 247,876,848 states left on queue.
Progress(34) at 2026-07-20 16:03:10: 7,593,295,145 states generated (27,040,077 s/min), 1,191,804,921 distinct states found (3,827,497 ds/min), 248,035,654 states left on queue.
Progress(34) at 2026-07-20 16:04:10: 7,622,222,892 states generated (28,927,747 s/min), 1,195,666,327 distinct states found (3,861,406 ds/min), 248,205,041 states left on queue.
Progress(34) at 2026-07-20 16:05:10: 7,648,565,162 states generated (26,342,270 s/min), 1,199,280,025 distinct states found (3,613,698 ds/min), 248,469,802 states left on queue.
Progress(34) at 2026-07-20 16:06:10: 7,675,185,131 states generated (26,619,969 s/min), 1,202,729,194 distinct states found (3,449,169 ds/min), 248,528,824 states left on queue.
Progress(34) at 2026-07-20 16:07:10: 7,704,990,166 states generated (29,805,035 s/min), 1,206,758,136 distinct states found (4,028,942 ds/min), 248,907,352 states left on queue.
Progress(34) at 2026-07-20 16:08:10: 7,734,184,087 states generated (29,193,921 s/min), 1,210,470,866 distinct states found (3,712,730 ds/min), 249,171,348 states left on queue.
Progress(34) at 2026-07-20 16:09:10: 7,761,257,326 states generated (27,073,239 s/min), 1,214,377,864 distinct states found (3,906,998 ds/min), 249,852,092 states left on queue.
Progress(34) at 2026-07-20 16:10:10: 7,788,391,984 states generated (27,134,658 s/min), 1,218,097,092 distinct states found (3,719,228 ds/min), 250,039,429 states left on queue.
Progress(34) at 2026-07-20 16:11:10: 7,816,124,165 states generated (27,732,181 s/min), 1,221,959,271 distinct states found (3,862,179 ds/min), 250,408,727 states left on queue.
Progress(34) at 2026-07-20 16:12:10: 7,845,497,779 states generated (29,373,614 s/min), 1,226,027,178 distinct states found (4,067,907 ds/min), 250,873,800 states left on queue.
Progress(34) at 2026-07-20 16:13:10: 7,875,190,596 states generated (29,692,817 s/min), 1,230,351,619 distinct states found (4,324,441 ds/min), 251,672,976 states left on queue.
Progress(34) at 2026-07-20 16:14:10: 7,903,248,927 states generated (28,058,331 s/min), 1,234,709,549 distinct states found (4,357,930 ds/min), 252,447,372 states left on queue.
Progress(34) at 2026-07-20 16:15:10: 7,930,726,077 states generated (27,477,150 s/min), 1,238,677,220 distinct states found (3,967,671 ds/min), 252,809,673 states left on queue.
Progress(34) at 2026-07-20 16:16:10: 7,957,614,155 states generated (26,888,078 s/min), 1,242,599,840 distinct states found (3,922,620 ds/min), 253,463,527 states left on queue.
Progress(35) at 2026-07-20 16:17:10: 7,984,574,994 states generated (26,960,839 s/min), 1,246,307,927 distinct states found (3,708,087 ds/min), 253,869,374 states left on queue.
Progress(35) at 2026-07-20 16:18:10: 8,011,101,401 states generated (26,526,407 s/min), 1,250,017,964 distinct states found (3,710,037 ds/min), 254,082,213 states left on queue.
Progress(35) at 2026-07-20 16:19:10: 8,031,032,014 states generated (19,930,613 s/min), 1,252,781,700 distinct states found (2,763,736 ds/min), 254,375,073 states left on queue.
Progress(35) at 2026-07-20 16:20:10: 8,059,407,562 states generated (28,375,548 s/min), 1,256,938,149 distinct states found (4,156,449 ds/min), 254,815,472 states left on queue.
Progress(35) at 2026-07-20 16:21:10: 8,087,348,575 states generated (27,941,013 s/min), 1,260,951,812 distinct states found (4,013,663 ds/min), 255,168,636 states left on queue.
Progress(35) at 2026-07-20 16:22:10: 8,114,766,074 states generated (27,417,499 s/min), 1,264,703,324 distinct states found (3,751,512 ds/min), 255,382,954 states left on queue.
Checkpointing of run states/26-07-20-11-22-39
Checkpointing completed at (2026-07-20 16:23:12)
Progress(35) at 2026-07-20 16:23:12: 8,142,245,824 states generated (27,479,750 s/min), 1,268,530,162 distinct states found (3,826,838 ds/min), 255,629,292 states left on queue.
Progress(35) at 2026-07-20 16:24:12: 8,169,007,896 states generated (26,762,072 s/min), 1,272,342,655 distinct states found (3,812,493 ds/min), 256,273,083 states left on queue.
Progress(35) at 2026-07-20 16:25:12: 8,196,352,973 states generated (27,345,077 s/min), 1,276,295,085 distinct states found (3,952,430 ds/min), 256,971,562 states left on queue.
Progress(35) at 2026-07-20 16:26:12: 8,223,152,272 states generated (26,799,299 s/min), 1,280,136,458 distinct states found (3,841,373 ds/min), 257,730,190 states left on queue.
Progress(35) at 2026-07-20 16:27:12: 8,250,282,315 states generated (27,130,043 s/min), 1,284,060,797 distinct states found (3,924,339 ds/min), 258,372,578 states left on queue.
Progress(35) at 2026-07-20 16:28:12: 8,276,855,017 states generated (26,572,702 s/min), 1,287,751,685 distinct states found (3,690,888 ds/min), 258,682,990 states left on queue.
Progress(35) at 2026-07-20 16:29:12: 8,303,531,266 states generated (26,676,249 s/min), 1,291,366,147 distinct states found (3,614,462 ds/min), 258,809,844 states left on queue.
Progress(35) at 2026-07-20 16:30:12: 8,331,764,322 states generated (28,233,056 s/min), 1,295,586,621 distinct states found (4,220,474 ds/min), 259,686,101 states left on queue.
Progress(35) at 2026-07-20 16:31:12: 8,359,107,674 states generated (27,343,352 s/min), 1,299,436,166 distinct states found (3,849,545 ds/min), 260,069,272 states left on queue.
Progress(35) at 2026-07-20 16:32:12: 8,385,553,430 states generated (26,445,756 s/min), 1,303,377,266 distinct states found (3,941,100 ds/min), 260,674,036 states left on queue.
Progress(35) at 2026-07-20 16:33:12: 8,411,611,729 states generated (26,058,299 s/min), 1,307,284,602 distinct states found (3,907,336 ds/min), 261,287,576 states left on queue.
Progress(35) at 2026-07-20 16:34:12: 8,438,834,720 states generated (27,222,991 s/min), 1,311,091,478 distinct states found (3,806,876 ds/min), 261,787,029 states left on queue.
Progress(35) at 2026-07-20 16:35:12: 8,465,079,538 states generated (26,244,818 s/min), 1,314,819,612 distinct states found (3,728,134 ds/min), 262,450,785 states left on queue.
Progress(35) at 2026-07-20 16:36:12: 8,491,537,479 states generated (26,457,941 s/min), 1,318,558,989 distinct states found (3,739,377 ds/min), 263,013,975 states left on queue.
Progress(35) at 2026-07-20 16:37:12: 8,517,510,567 states generated (25,973,088 s/min), 1,322,238,683 distinct states found (3,679,694 ds/min), 263,643,228 states left on queue.
Progress(35) at 2026-07-20 16:38:12: 8,544,835,620 states generated (27,325,053 s/min), 1,326,073,121 distinct states found (3,834,438 ds/min), 263,796,023 states left on queue.
Progress(35) at 2026-07-20 16:39:12: 8,571,276,202 states generated (26,440,582 s/min), 1,329,729,460 distinct states found (3,656,339 ds/min), 263,944,090 states left on queue.
Progress(35) at 2026-07-20 16:40:12: 8,597,514,978 states generated (26,238,776 s/min), 1,333,759,870 distinct states found (4,030,410 ds/min), 264,730,947 states left on queue.
Progress(35) at 2026-07-20 16:41:12: 8,624,215,402 states generated (26,700,424 s/min), 1,337,615,352 distinct states found (3,855,482 ds/min), 265,252,746 states left on queue.
Progress(35) at 2026-07-20 16:42:12: 8,652,122,725 states generated (27,907,323 s/min), 1,341,461,686 distinct states found (3,846,334 ds/min), 265,596,917 states left on queue.
Progress(35) at 2026-07-20 16:43:12: 8,679,397,232 states generated (27,274,507 s/min), 1,345,323,945 distinct states found (3,862,259 ds/min), 265,931,026 states left on queue.
Progress(35) at 2026-07-20 16:44:12: 8,707,457,908 states generated (28,060,676 s/min), 1,348,963,337 distinct states found (3,639,392 ds/min), 266,169,624 states left on queue.
Progress(35) at 2026-07-20 16:45:12: 8,735,523,696 states generated (28,065,788 s/min), 1,352,581,087 distinct states found (3,617,750 ds/min), 266,288,365 states left on queue.
Progress(35) at 2026-07-20 16:46:12: 8,763,544,545 states generated (28,020,849 s/min), 1,356,815,193 distinct states found (4,234,106 ds/min), 267,020,599 states left on queue.
Progress(35) at 2026-07-20 16:47:12: 8,790,771,869 states generated (27,227,324 s/min), 1,360,940,830 distinct states found (4,125,637 ds/min), 267,472,824 states left on queue.
Progress(35) at 2026-07-20 16:48:12: 8,818,830,771 states generated (28,058,902 s/min), 1,364,727,978 distinct states found (3,787,148 ds/min), 267,875,908 states left on queue.
Progress(35) at 2026-07-20 16:49:12: 8,847,231,011 states generated (28,400,240 s/min), 1,368,742,986 distinct states found (4,015,008 ds/min), 268,536,160 states left on queue.
Progress(35) at 2026-07-20 16:50:12: 8,874,822,220 states generated (27,591,209 s/min), 1,372,395,996 distinct states found (3,653,010 ds/min), 268,717,102 states left on queue.
Progress(35) at 2026-07-20 16:51:12: 8,901,834,837 states generated (27,012,617 s/min), 1,376,057,788 distinct states found (3,661,792 ds/min), 268,838,281 states left on queue.
Progress(35) at 2026-07-20 16:52:12: 8,927,931,379 states generated (26,096,542 s/min), 1,379,495,786 distinct states found (3,437,998 ds/min), 268,756,593 states left on queue.
Checkpointing of run states/26-07-20-11-22-39
Checkpointing completed at (2026-07-20 16:53:15)
Progress(35) at 2026-07-20 16:53:15: 8,954,916,190 states generated (26,984,811 s/min), 1,383,095,509 distinct states found (3,599,723 ds/min), 269,032,666 states left on queue.
Progress(35) at 2026-07-20 16:54:15: 8,982,136,218 states generated (27,220,028 s/min), 1,386,509,469 distinct states found (3,413,960 ds/min), 269,058,051 states left on queue.
Progress(35) at 2026-07-20 16:55:15: 9,009,780,079 states generated (27,643,861 s/min), 1,390,078,036 distinct states found (3,568,567 ds/min), 269,321,037 states left on queue.
Progress(35) at 2026-07-20 16:56:15: 9,037,437,572 states generated (27,657,493 s/min), 1,393,781,163 distinct states found (3,703,127 ds/min), 269,632,248 states left on queue.
Progress(35) at 2026-07-20 16:57:15: 9,064,704,276 states generated (27,266,704 s/min), 1,397,430,911 distinct states found (3,649,748 ds/min), 269,997,296 states left on queue.
Progress(35) at 2026-07-20 16:58:15: 9,091,717,605 states generated (27,013,329 s/min), 1,401,002,476 distinct states found (3,571,565 ds/min), 270,270,964 states left on queue.
Progress(35) at 2026-07-20 16:59:15: 9,118,308,754 states generated (26,591,149 s/min), 1,404,533,837 distinct states found (3,531,361 ds/min), 270,505,716 states left on queue.
Progress(35) at 2026-07-20 17:00:15: 9,144,920,241 states generated (26,611,487 s/min), 1,408,169,873 distinct states found (3,636,036 ds/min), 270,814,870 states left on queue.
Progress(35) at 2026-07-20 17:01:15: 9,173,817,313 states generated (28,897,072 s/min), 1,412,319,955 distinct states found (4,150,082 ds/min), 271,495,536 states left on queue.
Progress(35) at 2026-07-20 17:02:15: 9,201,915,296 states generated (28,097,983 s/min), 1,416,174,677 distinct states found (3,854,722 ds/min), 272,081,134 states left on queue.
Progress(35) at 2026-07-20 17:03:15: 9,229,234,085 states generated (27,318,789 s/min), 1,419,847,624 distinct states found (3,672,947 ds/min), 272,470,267 states left on queue.
Progress(35) at 2026-07-20 17:04:15: 9,255,748,009 states generated (26,513,924 s/min), 1,423,417,419 distinct states found (3,569,795 ds/min), 272,774,194 states left on queue.
Progress(35) at 2026-07-20 17:05:15: 9,284,465,938 states generated (28,717,929 s/min), 1,427,422,974 distinct states found (4,005,555 ds/min), 273,460,969 states left on queue.
Progress(35) at 2026-07-20 17:06:15: 9,312,555,187 states generated (28,089,249 s/min), 1,431,061,394 distinct states found (3,638,420 ds/min), 273,969,696 states left on queue.
Progress(35) at 2026-07-20 17:07:15: 9,340,387,352 states generated (27,832,165 s/min), 1,435,115,114 distinct states found (4,053,720 ds/min), 274,896,876 states left on queue.
Progress(35) at 2026-07-20 17:08:15: 9,368,447,136 states generated (28,059,784 s/min), 1,438,904,266 distinct states found (3,789,152 ds/min), 275,285,312 states left on queue.
Progress(35) at 2026-07-20 17:09:15: 9,396,086,927 states generated (27,639,791 s/min), 1,442,802,859 distinct states found (3,898,593 ds/min), 275,895,753 states left on queue.
Progress(35) at 2026-07-20 17:10:15: 9,423,996,883 states generated (27,909,956 s/min), 1,446,550,882 distinct states found (3,748,023 ds/min), 276,270,359 states left on queue.
Progress(35) at 2026-07-20 17:11:15: 9,451,216,488 states generated (27,219,605 s/min), 1,450,171,344 distinct states found (3,620,462 ds/min), 276,738,645 states left on queue.
Progress(35) at 2026-07-20 17:12:15: 9,477,820,787 states generated (26,604,299 s/min), 1,453,787,536 distinct states found (3,616,192 ds/min), 276,968,640 states left on queue.
Progress(35) at 2026-07-20 17:13:15: 9,506,117,236 states generated (28,296,449 s/min), 1,458,176,777 distinct states found (4,389,241 ds/min), 277,861,541 states left on queue.
Progress(35) at 2026-07-20 17:14:15: 9,534,798,487 states generated (28,681,251 s/min), 1,462,209,925 distinct states found (4,033,148 ds/min), 278,383,830 states left on queue.
Progress(35) at 2026-07-20 17:15:15: 9,561,282,433 states generated (26,483,946 s/min), 1,466,143,725 distinct states found (3,933,800 ds/min), 278,627,144 states left on queue.
Progress(35) at 2026-07-20 17:16:15: 9,587,854,048 states generated (26,571,615 s/min), 1,469,858,965 distinct states found (3,715,240 ds/min), 278,728,315 states left on queue.
Progress(35) at 2026-07-20 17:17:15: 9,616,714,881 states generated (28,860,833 s/min), 1,473,634,151 distinct states found (3,775,186 ds/min), 278,832,510 states left on queue.
Progress(35) at 2026-07-20 17:18:15: 9,643,672,597 states generated (26,957,716 s/min), 1,477,134,135 distinct states found (3,499,984 ds/min), 278,828,619 states left on queue.
Progress(35) at 2026-07-20 17:19:15: 9,663,276,697 states generated (19,604,100 s/min), 1,479,665,597 distinct states found (2,531,462 ds/min), 278,917,345 states left on queue.
Progress(35) at 2026-07-20 17:20:15: 9,691,363,998 states generated (28,087,301 s/min), 1,483,106,161 distinct states found (3,440,564 ds/min), 278,771,635 states left on queue.
Progress(35) at 2026-07-20 17:21:15: 9,721,437,073 states generated (30,073,075 s/min), 1,487,238,772 distinct states found (4,132,611 ds/min), 279,275,978 states left on queue.
Progress(35) at 2026-07-20 17:22:15: 9,749,625,356 states generated (28,188,283 s/min), 1,490,601,969 distinct states found (3,363,197 ds/min), 279,370,731 states left on queue.
Checkpointing of run states/26-07-20-11-22-39
Checkpointing completed at (2026-07-20 17:23:17)
Progress(35) at 2026-07-20 17:23:17: 9,777,544,247 states generated (27,918,891 s/min), 1,494,624,650 distinct states found (4,022,681 ds/min), 280,021,607 states left on queue.
Progress(35) at 2026-07-20 17:24:17: 9,804,687,676 states generated (27,143,429 s/min), 1,498,217,611 distinct states found (3,592,961 ds/min), 280,059,850 states left on queue.
Progress(35) at 2026-07-20 17:25:17: 9,832,298,740 states generated (27,611,064 s/min), 1,501,916,985 distinct states found (3,699,374 ds/min), 280,292,947 states left on queue.
Progress(35) at 2026-07-20 17:26:17: 9,861,752,642 states generated (29,453,902 s/min), 1,505,876,259 distinct states found (3,959,274 ds/min), 280,611,317 states left on queue.
Progress(35) at 2026-07-20 17:27:17: 9,891,765,618 states generated (30,012,976 s/min), 1,510,154,782 distinct states found (4,278,523 ds/min), 281,298,561 states left on queue.
Progress(35) at 2026-07-20 17:28:17: 9,920,342,996 states generated (28,577,378 s/min), 1,514,236,213 distinct states found (4,081,431 ds/min), 281,894,989 states left on queue.
Progress(35) at 2026-07-20 17:29:17: 9,948,226,580 states generated (27,883,584 s/min), 1,518,368,604 distinct states found (4,132,391 ds/min), 282,342,173 states left on queue.
Progress(35) at 2026-07-20 17:30:17: 9,975,471,709 states generated (27,245,129 s/min), 1,522,168,748 distinct states found (3,800,144 ds/min), 282,656,222 states left on queue.
Progress(35) at 2026-07-20 17:31:17: 10,002,092,733 states generated (26,621,024 s/min), 1,525,903,653 distinct states found (3,734,905 ds/min), 283,164,928 states left on queue.
Progress(36) at 2026-07-20 17:32:17: 10,028,962,492 states generated (26,869,759 s/min), 1,529,524,099 distinct states found (3,620,446 ds/min), 283,497,575 states left on queue.
Progress(36) at 2026-07-20 17:33:17: 10,055,438,281 states generated (26,475,789 s/min), 1,533,140,265 distinct states found (3,616,166 ds/min), 283,653,970 states left on queue.
Progress(36) at 2026-07-20 17:34:17: 10,082,514,871 states generated (27,076,590 s/min), 1,536,744,674 distinct states found (3,604,409 ds/min), 283,838,468 states left on queue.
Progress(36) at 2026-07-20 17:35:17: 10,110,981,506 states generated (28,466,635 s/min), 1,540,814,009 distinct states found (4,069,335 ds/min), 284,188,670 states left on queue.
Progress(36) at 2026-07-20 17:36:17: 10,139,064,728 states generated (28,083,222 s/min), 1,544,683,493 distinct states found (3,869,484 ds/min), 284,362,448 states left on queue.
Progress(36) at 2026-07-20 17:37:17: 10,166,316,110 states generated (27,251,382 s/min), 1,548,288,471 distinct states found (3,604,978 ds/min), 284,427,082 states left on queue.
Progress(36) at 2026-07-20 17:38:17: 10,193,037,300 states generated (26,721,190 s/min), 1,551,999,035 distinct states found (3,710,564 ds/min), 284,582,672 states left on queue.
Progress(36) at 2026-07-20 17:39:17: 10,219,509,780 states generated (26,472,480 s/min), 1,555,562,804 distinct states found (3,563,769 ds/min), 284,952,324 states left on queue.
Progress(36) at 2026-07-20 17:40:17: 10,247,479,229 states generated (27,969,449 s/min), 1,559,484,463 distinct states found (3,921,659 ds/min), 285,582,567 states left on queue.
Progress(36) at 2026-07-20 17:41:17: 10,273,653,303 states generated (26,174,074 s/min), 1,563,077,370 distinct states found (3,592,907 ds/min), 286,050,311 states left on queue.
Progress(36) at 2026-07-20 17:42:17: 10,300,483,173 states generated (26,829,870 s/min), 1,566,918,802 distinct states found (3,841,432 ds/min), 286,852,232 states left on queue.
Progress(36) at 2026-07-20 17:43:17: 10,327,358,824 states generated (26,875,651 s/min), 1,570,665,806 distinct states found (3,747,004 ds/min), 287,365,347 states left on queue.
Progress(36) at 2026-07-20 17:44:17: 10,353,975,550 states generated (26,616,726 s/min), 1,574,381,808 distinct states found (3,716,002 ds/min), 287,752,504 states left on queue.
Progress(36) at 2026-07-20 17:45:17: 10,380,307,904 states generated (26,332,354 s/min), 1,577,806,773 distinct states found (3,424,965 ds/min), 287,729,375 states left on queue.
Progress(36) at 2026-07-20 17:46:17: 10,407,691,446 states generated (27,383,542 s/min), 1,581,726,385 distinct states found (3,919,612 ds/min), 288,301,677 states left on queue.
Progress(36) at 2026-07-20 17:47:17: 10,435,933,245 states generated (28,241,799 s/min), 1,585,685,842 distinct states found (3,959,457 ds/min), 288,787,599 states left on queue.
Progress(36) at 2026-07-20 17:48:17: 10,463,127,075 states generated (27,193,830 s/min), 1,589,407,249 distinct states found (3,721,407 ds/min), 289,133,148 states left on queue.
Progress(36) at 2026-07-20 17:49:17: 10,489,269,021 states generated (26,141,946 s/min), 1,593,274,437 distinct states found (3,867,188 ds/min), 289,707,123 states left on queue.
Progress(36) at 2026-07-20 17:50:17: 10,515,107,748 states generated (25,838,727 s/min), 1,597,107,919 distinct states found (3,833,482 ds/min), 290,237,859 states left on queue.
Progress(36) at 2026-07-20 17:51:17: 10,542,061,563 states generated (26,953,815 s/min), 1,600,742,171 distinct states found (3,634,252 ds/min), 290,611,343 states left on queue.
Progress(36) at 2026-07-20 17:52:17: 10,568,415,413 states generated (26,353,850 s/min), 1,604,374,309 distinct states found (3,632,138 ds/min), 291,108,539 states left on queue.
Checkpointing of run states/26-07-20-11-22-39
Checkpointing completed at (2026-07-20 17:53:20)
Progress(36) at 2026-07-20 17:53:20: 10,595,712,745 states generated (27,297,332 s/min), 1,608,120,221 distinct states found (3,745,912 ds/min), 291,716,037 states left on queue.
Progress(36) at 2026-07-20 17:54:20: 10,622,176,113 states generated (26,463,368 s/min), 1,611,815,053 distinct states found (3,694,832 ds/min), 292,248,376 states left on queue.
Progress(36) at 2026-07-20 17:55:20: 10,647,785,767 states generated (25,609,654 s/min), 1,615,319,669 distinct states found (3,504,616 ds/min), 292,630,171 states left on queue.
Progress(36) at 2026-07-20 17:56:20: 10,675,310,385 states generated (27,524,618 s/min), 1,619,058,016 distinct states found (3,738,347 ds/min), 292,702,635 states left on queue.
Progress(36) at 2026-07-20 17:57:20: 10,701,353,633 states generated (26,043,248 s/min), 1,622,546,490 distinct states found (3,488,474 ds/min), 292,717,171 states left on queue.
Progress(36) at 2026-07-20 17:58:20: 10,727,698,809 states generated (26,345,176 s/min), 1,626,519,807 distinct states found (3,973,317 ds/min), 293,433,217 states left on queue.
Progress(36) at 2026-07-20 17:59:20: 10,754,098,361 states generated (26,399,552 s/min), 1,630,320,673 distinct states found (3,800,866 ds/min), 293,931,274 states left on queue.
Progress(36) at 2026-07-20 18:00:20: 10,781,296,187 states generated (27,197,826 s/min), 1,633,829,601 distinct states found (3,508,928 ds/min), 293,998,470 states left on queue.
Progress(36) at 2026-07-20 18:01:20: 10,808,718,782 states generated (27,422,595 s/min), 1,637,695,999 distinct states found (3,866,398 ds/min), 294,374,325 states left on queue.
Progress(36) at 2026-07-20 18:02:20: 10,836,425,846 states generated (27,707,064 s/min), 1,641,332,613 distinct states found (3,636,614 ds/min), 294,558,344 states left on queue.
Progress(36) at 2026-07-20 18:03:20: 10,859,614,724 states generated (23,188,878 s/min), 1,644,300,385 distinct states found (2,967,772 ds/min), 294,657,828 states left on queue.
Progress(36) at 2026-07-20 18:04:20: 10,888,057,268 states generated (28,442,544 s/min), 1,647,813,445 distinct states found (3,513,060 ds/min), 294,689,786 states left on queue.
Progress(36) at 2026-07-20 18:05:20: 10,915,532,934 states generated (27,475,666 s/min), 1,651,883,979 distinct states found (4,070,534 ds/min), 295,299,826 states left on queue.
Progress(36) at 2026-07-20 18:06:20: 10,942,710,306 states generated (27,177,372 s/min), 1,655,913,042 distinct states found (4,029,063 ds/min), 295,648,121 states left on queue.
Progress(36) at 2026-07-20 18:07:20: 10,970,139,184 states generated (27,428,878 s/min), 1,659,458,421 distinct states found (3,545,379 ds/min), 295,784,116 states left on queue.
Progress(36) at 2026-07-20 18:08:20: 10,998,737,779 states generated (28,598,595 s/min), 1,663,335,380 distinct states found (3,876,959 ds/min), 296,311,734 states left on queue.
Progress(36) at 2026-07-20 18:09:20: 11,026,682,412 states generated (27,944,633 s/min), 1,667,122,900 distinct states found (3,787,520 ds/min), 296,746,885 states left on queue.
Progress(36) at 2026-07-20 18:10:20: 11,054,229,467 states generated (27,547,055 s/min), 1,670,650,493 distinct states found (3,527,593 ds/min), 296,671,861 states left on queue.
Progress(36) at 2026-07-20 18:11:20: 11,080,206,275 states generated (25,976,808 s/min), 1,674,008,337 distinct states found (3,357,844 ds/min), 296,614,661 states left on queue.
Progress(36) at 2026-07-20 18:12:20: 11,106,380,230 states generated (26,173,955 s/min), 1,677,410,882 distinct states found (3,402,545 ds/min), 296,582,764 states left on queue.
Progress(36) at 2026-07-20 18:13:20: 11,132,645,730 states generated (26,265,500 s/min), 1,680,813,891 distinct states found (3,403,009 ds/min), 296,752,850 states left on queue.
Progress(36) at 2026-07-20 18:14:20: 11,159,819,666 states generated (27,173,936 s/min), 1,684,032,495 distinct states found (3,218,604 ds/min), 296,788,923 states left on queue.
Progress(36) at 2026-07-20 18:15:20: 11,187,332,453 states generated (27,512,787 s/min), 1,687,494,888 distinct states found (3,462,393 ds/min), 296,863,662 states left on queue.
Progress(36) at 2026-07-20 18:16:20: 11,215,012,365 states generated (27,679,912 s/min), 1,691,115,206 distinct states found (3,620,318 ds/min), 297,104,590 states left on queue.
Progress(36) at 2026-07-20 18:17:20: 11,242,324,200 states generated (27,311,835 s/min), 1,694,645,752 distinct states found (3,530,546 ds/min), 297,362,159 states left on queue.
Progress(36) at 2026-07-20 18:18:20: 11,269,064,464 states generated (26,740,264 s/min), 1,698,117,735 distinct states found (3,471,983 ds/min), 297,525,543 states left on queue.
Progress(36) at 2026-07-20 18:19:20: 11,295,744,494 states generated (26,680,030 s/min), 1,701,585,468 distinct states found (3,467,733 ds/min), 297,697,383 states left on queue.
Progress(36) at 2026-07-20 18:20:20: 11,321,972,702 states generated (26,228,208 s/min), 1,704,930,683 distinct states found (3,345,215 ds/min), 297,742,551 states left on queue.
Progress(36) at 2026-07-20 18:21:20: 11,350,819,020 states generated (28,846,318 s/min), 1,708,988,762 distinct states found (4,058,079 ds/min), 298,333,264 states left on queue.
Progress(36) at 2026-07-20 18:22:20: 11,379,640,939 states generated (28,821,919 s/min), 1,712,961,580 distinct states found (3,972,818 ds/min), 299,007,848 states left on queue.
Checkpointing of run states/26-07-20-11-22-39
Checkpointing completed at (2026-07-20 18:23:22)
Progress(36) at 2026-07-20 18:23:22: 11,408,252,948 states generated (28,612,009 s/min), 1,716,818,364 distinct states found (3,856,784 ds/min), 299,506,400 states left on queue.
Progress(36) at 2026-07-20 18:24:22: 11,435,080,431 states generated (26,827,483 s/min), 1,720,184,951 distinct states found (3,366,587 ds/min), 299,599,488 states left on queue.
Progress(36) at 2026-07-20 18:25:22: 11,462,206,580 states generated (27,126,149 s/min), 1,723,708,606 distinct states found (3,523,655 ds/min), 299,785,954 states left on queue.
Progress(36) at 2026-07-20 18:26:22: 11,490,699,000 states generated (28,492,420 s/min), 1,727,613,999 distinct states found (3,905,393 ds/min), 300,461,565 states left on queue.
Progress(36) at 2026-07-20 18:27:22: 11,518,888,298 states generated (28,189,298 s/min), 1,731,181,482 distinct states found (3,567,483 ds/min), 300,919,091 states left on queue.
Progress(36) at 2026-07-20 18:28:22: 11,546,545,803 states generated (27,657,505 s/min), 1,735,103,603 distinct states found (3,922,121 ds/min), 301,664,250 states left on queue.
Progress(36) at 2026-07-20 18:29:22: 11,574,919,269 states generated (28,373,466 s/min), 1,738,744,146 distinct states found (3,640,543 ds/min), 301,948,028 states left on queue.
Progress(36) at 2026-07-20 18:30:22: 11,602,647,782 states generated (27,728,513 s/min), 1,742,601,061 distinct states found (3,856,915 ds/min), 302,503,834 states left on queue.
Progress(36) at 2026-07-20 18:31:22: 11,629,924,154 states generated (27,276,372 s/min), 1,746,264,363 distinct states found (3,663,302 ds/min), 302,874,988 states left on queue.
Progress(36) at 2026-07-20 18:32:22: 11,658,063,011 states generated (28,138,857 s/min), 1,749,930,081 distinct states found (3,665,718 ds/min), 303,123,690 states left on queue.
Progress(36) at 2026-07-20 18:33:22: 11,685,164,874 states generated (27,101,863 s/min), 1,753,435,374 distinct states found (3,505,293 ds/min), 303,483,840 states left on queue.
Progress(36) at 2026-07-20 18:34:22: 11,712,048,881 states generated (26,884,007 s/min), 1,756,934,444 distinct states found (3,499,070 ds/min), 303,608,373 states left on queue.
Progress(36) at 2026-07-20 18:35:22: 11,739,805,402 states generated (27,756,521 s/min), 1,761,152,237 distinct states found (4,217,793 ds/min), 304,330,671 states left on queue.
Progress(36) at 2026-07-20 18:36:22: 11,768,738,549 states generated (28,933,147 s/min), 1,765,260,930 distinct states found (4,108,693 ds/min), 304,862,988 states left on queue.
Progress(36) at 2026-07-20 18:37:22: 11,796,411,568 states generated (27,673,019 s/min), 1,768,925,473 distinct states found (3,664,543 ds/min), 304,998,256 states left on queue.
Progress(36) at 2026-07-20 18:38:22: 11,822,489,974 states generated (26,078,406 s/min), 1,772,714,246 distinct states found (3,788,773 ds/min), 305,152,669 states left on queue.
Progress(36) at 2026-07-20 18:39:22: 11,849,849,489 states generated (27,359,515 s/min), 1,776,369,714 distinct states found (3,655,468 ds/min), 305,144,061 states left on queue.
Progress(36) at 2026-07-20 18:40:22: 11,878,047,232 states generated (28,197,743 s/min), 1,779,866,658 distinct states found (3,496,944 ds/min), 304,959,408 states left on queue.
Progress(36) at 2026-07-20 18:41:22: 11,904,313,246 states generated (26,266,014 s/min), 1,783,216,323 distinct states found (3,349,665 ds/min), 305,051,322 states left on queue.
Progress(36) at 2026-07-20 18:42:22: 11,930,577,470 states generated (26,264,224 s/min), 1,786,376,140 distinct states found (3,159,817 ds/min), 304,874,697 states left on queue.
Progress(36) at 2026-07-20 18:43:22: 11,960,350,912 states generated (29,773,442 s/min), 1,790,096,039 distinct states found (3,719,899 ds/min), 304,935,342 states left on queue.
Progress(36) at 2026-07-20 18:44:22: 11,990,213,158 states generated (29,862,246 s/min), 1,793,855,660 distinct states found (3,759,621 ds/min), 305,141,048 states left on queue.
Progress(36) at 2026-07-20 18:45:22: 12,017,798,561 states generated (27,585,403 s/min), 1,797,474,785 distinct states found (3,619,125 ds/min), 305,507,496 states left on queue.
Progress(36) at 2026-07-20 18:46:22: 12,044,542,153 states generated (26,743,592 s/min), 1,801,062,788 distinct states found (3,588,003 ds/min), 305,813,702 states left on queue.
Progress(36) at 2026-07-20 18:47:22: 12,071,748,737 states generated (27,206,584 s/min), 1,804,540,652 distinct states found (3,477,864 ds/min), 305,726,114 states left on queue.
Progress(36) at 2026-07-20 18:48:22: 12,099,311,451 states generated (27,562,714 s/min), 1,808,129,364 distinct states found (3,588,712 ds/min), 305,818,105 states left on queue.
Progress(36) at 2026-07-20 18:49:22: 12,128,998,283 states generated (29,686,832 s/min), 1,811,971,732 distinct states found (3,842,368 ds/min), 306,043,772 states left on queue.
Progress(36) at 2026-07-20 18:50:22: 12,159,305,467 states generated (30,307,184 s/min), 1,816,202,668 distinct states found (4,230,936 ds/min), 306,702,901 states left on queue.
Progress(36) at 2026-07-20 18:51:22: 12,188,450,265 states generated (29,144,798 s/min), 1,820,102,237 distinct states found (3,899,569 ds/min), 307,061,490 states left on queue.
Progress(36) at 2026-07-20 18:52:22: 12,216,087,174 states generated (27,636,909 s/min), 1,824,155,371 distinct states found (4,053,134 ds/min), 307,484,533 states left on queue.
Checkpointing of run states/26-07-20-11-22-39
Checkpointing completed at (2026-07-20 18:53:25)
Progress(36) at 2026-07-20 18:53:25: 12,244,590,229 states generated (28,503,055 s/min), 1,828,045,596 distinct states found (3,890,225 ds/min), 307,555,791 states left on queue.
Progress(36) at 2026-07-20 18:54:25: 12,272,066,087 states generated (27,475,858 s/min), 1,831,838,934 distinct states found (3,793,338 ds/min), 308,110,985 states left on queue.
Progress(36) at 2026-07-20 18:55:25: 12,298,537,535 states generated (26,471,448 s/min), 1,835,331,938 distinct states found (3,493,004 ds/min), 308,331,616 states left on queue.
Progress(37) at 2026-07-20 18:56:25: 12,325,432,463 states generated (26,894,928 s/min), 1,838,882,715 distinct states found (3,550,777 ds/min), 308,570,815 states left on queue.
Progress(37) at 2026-07-20 18:57:25: 12,352,140,560 states generated (26,708,097 s/min), 1,842,346,943 distinct states found (3,464,228 ds/min), 308,510,098 states left on queue.
Progress(37) at 2026-07-20 18:58:25: 12,379,057,851 states generated (26,917,291 s/min), 1,845,960,295 distinct states found (3,613,352 ds/min), 308,682,275 states left on queue.
Progress(37) at 2026-07-20 18:59:25: 12,407,793,657 states generated (28,735,806 s/min), 1,849,904,556 distinct states found (3,944,261 ds/min), 308,889,193 states left on queue.
Progress(37) at 2026-07-20 19:00:25: 12,435,928,786 states generated (28,135,129 s/min), 1,853,684,696 distinct states found (3,780,140 ds/min), 308,966,887 states left on queue.
Progress(37) at 2026-07-20 19:01:25: 12,462,977,442 states generated (27,048,656 s/min), 1,857,145,669 distinct states found (3,460,973 ds/min), 308,912,731 states left on queue.
Progress(37) at 2026-07-20 19:02:25: 12,489,760,501 states generated (26,783,059 s/min), 1,860,778,592 distinct states found (3,632,923 ds/min), 308,976,587 states left on queue.
Progress(37) at 2026-07-20 19:03:32: 12,509,392,415 states generated (19,631,914 s/min), 1,863,260,447 distinct states found (2,481,855 ds/min), 309,021,054 states left on queue.
Progress(37) at 2026-07-20 19:04:32: 12,535,881,155 states generated (26,488,740 s/min), 1,866,835,831 distinct states found (3,575,384 ds/min), 309,538,107 states left on queue.
Progress(37) at 2026-07-20 19:05:32: 12,563,822,755 states generated (27,941,600 s/min), 1,870,784,199 distinct states found (3,948,368 ds/min), 310,123,082 states left on queue.
Progress(37) at 2026-07-20 19:06:32: 12,590,223,239 states generated (26,400,484 s/min), 1,874,243,969 distinct states found (3,459,770 ds/min), 310,440,704 states left on queue.
Progress(37) at 2026-07-20 19:07:32: 12,617,064,850 states generated (26,841,611 s/min), 1,877,979,676 distinct states found (3,735,707 ds/min), 311,178,339 states left on queue.
Progress(37) at 2026-07-20 19:08:32: 12,644,226,508 states generated (27,161,658 s/min), 1,881,666,413 distinct states found (3,686,737 ds/min), 311,603,760 states left on queue.
Progress(37) at 2026-07-20 19:09:32: 12,671,173,800 states generated (26,947,292 s/min), 1,885,304,479 distinct states found (3,638,066 ds/min), 311,902,256 states left on queue.
Progress(37) at 2026-07-20 19:10:32: 12,697,420,371 states generated (26,246,571 s/min), 1,888,705,658 distinct states found (3,401,179 ds/min), 311,928,655 states left on queue.
Progress(37) at 2026-07-20 19:11:32: 12,724,267,899 states generated (26,847,528 s/min), 1,892,224,454 distinct states found (3,518,796 ds/min), 312,049,623 states left on queue.
Progress(37) at 2026-07-20 19:12:32: 12,752,788,728 states generated (28,520,829 s/min), 1,896,293,763 distinct states found (4,069,309 ds/min), 312,822,522 states left on queue.
Progress(37) at 2026-07-20 19:13:32: 12,780,310,939 states generated (27,522,211 s/min), 1,900,021,886 distinct states found (3,728,123 ds/min), 313,074,224 states left on queue.
Progress(37) at 2026-07-20 19:14:32: 12,807,136,060 states generated (26,825,121 s/min), 1,903,635,463 distinct states found (3,613,577 ds/min), 313,321,337 states left on queue.
Progress(37) at 2026-07-20 19:15:32: 12,833,377,124 states generated (26,241,064 s/min), 1,907,525,947 distinct states found (3,890,484 ds/min), 313,883,287 states left on queue.
Progress(37) at 2026-07-20 19:16:32: 12,859,156,311 states generated (25,779,187 s/min), 1,911,187,488 distinct states found (3,661,541 ds/min), 314,228,497 states left on queue.
Progress(37) at 2026-07-20 19:17:32: 12,885,913,667 states generated (26,757,356 s/min), 1,914,670,693 distinct states found (3,483,205 ds/min), 314,475,094 states left on queue.
Progress(37) at 2026-07-20 19:18:32: 12,912,847,345 states generated (26,933,678 s/min), 1,918,288,250 distinct states found (3,617,557 ds/min), 314,874,721 states left on queue.
Progress(37) at 2026-07-20 19:19:33: 12,938,810,441 states generated (25,963,096 s/min), 1,921,740,415 distinct states found (3,452,165 ds/min), 315,295,521 states left on queue.
Progress(37) at 2026-07-20 19:20:33: 12,965,198,174 states generated (26,387,733 s/min), 1,925,373,836 distinct states found (3,633,421 ds/min), 315,833,236 states left on queue.
Progress(37) at 2026-07-20 19:21:33: 12,991,447,794 states generated (26,249,620 s/min), 1,928,924,689 distinct states found (3,550,853 ds/min), 316,310,585 states left on queue.
Progress(37) at 2026-07-20 19:22:33: 13,017,150,420 states generated (25,702,626 s/min), 1,932,302,076 distinct states found (3,377,387 ds/min), 316,476,643 states left on queue.
Checkpointing of run states/26-07-20-11-22-39
Checkpointing completed at (2026-07-20 19:23:35)
Progress(37) at 2026-07-20 19:23:35: 13,046,225,631 states generated (29,075,211 s/min), 1,936,141,882 distinct states found (3,839,806 ds/min), 316,475,414 states left on queue.
Progress(37) at 2026-07-20 19:24:35: 13,071,869,346 states generated (25,643,715 s/min), 1,939,537,752 distinct states found (3,395,870 ds/min), 316,462,437 states left on queue.
Progress(37) at 2026-07-20 19:25:35: 13,098,250,354 states generated (26,381,008 s/min), 1,943,436,775 distinct states found (3,899,023 ds/min), 317,098,961 states left on queue.
Progress(37) at 2026-07-20 19:26:35: 13,124,489,190 states generated (26,238,836 s/min), 1,947,089,867 distinct states found (3,653,092 ds/min), 317,464,900 states left on queue.
Progress(37) at 2026-07-20 19:27:35: 13,151,307,600 states generated (26,818,410 s/min), 1,950,559,358 distinct states found (3,469,491 ds/min), 317,529,355 states left on queue.
Progress(37) at 2026-07-20 19:28:35: 13,179,210,167 states generated (27,902,567 s/min), 1,954,298,929 distinct states found (3,739,571 ds/min), 317,751,246 states left on queue.
Progress(37) at 2026-07-20 19:29:35: 13,206,249,997 states generated (27,039,830 s/min), 1,957,883,899 distinct states found (3,584,970 ds/min), 317,817,404 states left on queue.
Progress(37) at 2026-07-20 19:30:35: 13,234,185,130 states generated (27,935,133 s/min), 1,961,231,952 distinct states found (3,348,053 ds/min), 317,836,983 states left on queue.
Progress(37) at 2026-07-20 19:31:35: 13,261,873,473 states generated (27,688,343 s/min), 1,964,569,189 distinct states found (3,337,237 ds/min), 317,712,013 states left on queue.
Progress(37) at 2026-07-20 19:32:35: 13,290,872,294 states generated (28,998,821 s/min), 1,968,479,739 distinct states found (3,910,550 ds/min), 318,127,128 states left on queue.
Progress(37) at 2026-07-20 19:33:35: 13,317,248,586 states generated (26,376,292 s/min), 1,972,433,934 distinct states found (3,954,195 ds/min), 318,443,353 states left on queue.
Progress(37) at 2026-07-20 19:34:35: 13,344,272,218 states generated (27,023,632 s/min), 1,975,983,420 distinct states found (3,549,486 ds/min), 318,442,741 states left on queue.
Progress(37) at 2026-07-20 19:35:35: 13,372,668,061 states generated (28,395,843 s/min), 1,979,676,920 distinct states found (3,693,500 ds/min), 318,806,341 states left on queue.
Progress(37) at 2026-07-20 19:36:35: 13,400,882,388 states generated (28,214,327 s/min), 1,983,448,401 distinct states found (3,771,481 ds/min), 319,212,222 states left on queue.
Progress(37) at 2026-07-20 19:37:35: 13,428,713,811 states generated (27,831,423 s/min), 1,986,979,509 distinct states found (3,531,108 ds/min), 319,441,164 states left on queue.
Progress(37) at 2026-07-20 19:38:35: 13,456,309,413 states generated (27,595,602 s/min), 1,990,389,223 distinct states found (3,409,714 ds/min), 319,268,069 states left on queue.
Progress(37) at 2026-07-20 19:39:35: 13,482,061,838 states generated (25,752,425 s/min), 1,993,611,026 distinct states found (3,221,803 ds/min), 319,074,857 states left on queue.
Progress(37) at 2026-07-20 19:40:35: 13,507,681,564 states generated (25,619,726 s/min), 1,996,891,005 distinct states found (3,279,979 ds/min), 319,049,351 states left on queue.
Progress(37) at 2026-07-20 19:41:35: 13,533,939,179 states generated (26,257,615 s/min), 2,000,144,379 distinct states found (3,253,374 ds/min), 319,084,045 states left on queue.
Progress(37) at 2026-07-20 19:42:35: 13,561,039,223 states generated (27,100,044 s/min), 2,003,271,055 distinct states found (3,126,676 ds/min), 319,070,383 states left on queue.
Progress(37) at 2026-07-20 19:43:35: 13,588,357,135 states generated (27,317,912 s/min), 2,006,620,111 distinct states found (3,349,056 ds/min), 319,073,270 states left on queue.
Progress(37) at 2026-07-20 19:44:35: 13,615,892,790 states generated (27,535,655 s/min), 2,010,064,282 distinct states found (3,444,171 ds/min), 319,177,515 states left on queue.
Progress(37) at 2026-07-20 19:45:35: 13,643,400,668 states generated (27,507,878 s/min), 2,013,481,818 distinct states found (3,417,536 ds/min), 319,315,224 states left on queue.
Progress(37) at 2026-07-20 19:46:35: 13,669,649,837 states generated (26,249,169 s/min), 2,016,948,821 distinct states found (3,467,003 ds/min), 319,464,992 states left on queue.
Progress(37) at 2026-07-20 19:47:35: 13,696,309,834 states generated (26,659,997 s/min), 2,020,160,446 distinct states found (3,211,625 ds/min), 319,420,608 states left on queue.
Progress(37) at 2026-07-20 19:48:35: 13,722,444,450 states generated (26,134,616 s/min), 2,023,384,279 distinct states found (3,223,833 ds/min), 319,371,458 states left on queue.
Progress(37) at 2026-07-20 19:49:35: 13,750,575,181 states generated (28,130,731 s/min), 2,027,332,577 distinct states found (3,948,298 ds/min), 320,058,578 states left on queue.
Progress(37) at 2026-07-20 19:50:35: 13,779,398,580 states generated (28,823,399 s/min), 2,031,226,768 distinct states found (3,894,191 ds/min), 320,438,058 states left on queue.
Progress(37) at 2026-07-20 19:51:35: 13,807,622,549 states generated (28,223,969 s/min), 2,034,862,026 distinct states found (3,635,258 ds/min), 320,889,642 states left on queue.
Progress(37) at 2026-07-20 19:52:35: 13,835,066,482 states generated (27,443,933 s/min), 2,038,482,564 distinct states found (3,620,538 ds/min), 321,234,919 states left on queue.
Checkpointing of run states/26-07-20-11-22-39
Checkpointing completed at (2026-07-20 19:53:38)
Progress(37) at 2026-07-20 19:53:38: 13,862,737,496 states generated (27,671,014 s/min), 2,041,856,890 distinct states found (3,374,326 ds/min), 321,213,613 states left on queue.
Progress(37) at 2026-07-20 19:54:38: 13,889,498,456 states generated (26,760,960 s/min), 2,045,220,577 distinct states found (3,363,687 ds/min), 321,313,467 states left on queue.
Progress(37) at 2026-07-20 19:55:38: 13,917,584,809 states generated (28,086,353 s/min), 2,048,917,589 distinct states found (3,697,012 ds/min), 321,895,249 states left on queue.
Progress(37) at 2026-07-20 19:56:38: 13,945,825,537 states generated (28,240,728 s/min), 2,052,457,041 distinct states found (3,539,452 ds/min), 322,239,189 states left on queue.
Progress(37) at 2026-07-20 19:57:38: 13,973,797,809 states generated (27,972,272 s/min), 2,056,240,939 distinct states found (3,783,898 ds/min), 322,848,208 states left on queue.
Progress(37) at 2026-07-20 19:58:38: 14,001,333,404 states generated (27,535,595 s/min), 2,059,910,814 distinct states found (3,669,875 ds/min), 323,369,846 states left on queue.
Progress(37) at 2026-07-20 19:59:38: 14,029,263,731 states generated (27,930,327 s/min), 2,063,399,972 distinct states found (3,489,158 ds/min), 323,432,360 states left on queue.
Progress(37) at 2026-07-20 20:00:38: 14,056,854,061 states generated (27,590,330 s/min), 2,067,233,668 distinct states found (3,833,696 ds/min), 323,984,731 states left on queue.
Progress(37) at 2026-07-20 20:01:38: 14,083,854,317 states generated (27,000,256 s/min), 2,070,658,537 distinct states found (3,424,869 ds/min), 324,157,719 states left on queue.
Progress(37) at 2026-07-20 20:02:38: 14,111,932,031 states generated (28,077,714 s/min), 2,074,258,806 distinct states found (3,600,269 ds/min), 324,351,795 states left on queue.
Progress(37) at 2026-07-20 20:04:00: 14,136,099,068 states generated (24,167,037 s/min), 2,077,354,581 distinct states found (3,095,775 ds/min), 324,638,586 states left on queue.
Progress(37) at 2026-07-20 20:05:00: 14,163,239,787 states generated (27,140,719 s/min), 2,080,666,925 distinct states found (3,312,344 ds/min), 324,693,902 states left on queue.
Progress(37) at 2026-07-20 20:06:00: 14,190,264,541 states generated (27,024,754 s/min), 2,084,563,212 distinct states found (3,896,287 ds/min), 325,052,295 states left on queue.
Progress(37) at 2026-07-20 20:07:00: 14,218,230,777 states generated (27,966,236 s/min), 2,088,488,697 distinct states found (3,925,485 ds/min), 325,548,791 states left on queue.
Progress(37) at 2026-07-20 20:08:00: 14,246,791,193 states generated (28,560,416 s/min), 2,092,397,008 distinct states found (3,908,311 ds/min), 325,872,449 states left on queue.
Progress(37) at 2026-07-20 20:09:00: 14,273,328,619 states generated (26,537,426 s/min), 2,095,930,282 distinct states found (3,533,274 ds/min), 325,849,938 states left on queue.
Progress(37) at 2026-07-20 20:10:00: 14,299,420,277 states generated (26,091,658 s/min), 2,099,477,741 distinct states found (3,547,459 ds/min), 325,825,387 states left on queue.
Progress(37) at 2026-07-20 20:11:00: 14,327,228,975 states generated (27,808,698 s/min), 2,102,998,620 distinct states found (3,520,879 ds/min), 325,690,131 states left on queue.
Progress(37) at 2026-07-20 20:12:00: 14,354,534,071 states generated (27,305,096 s/min), 2,106,251,544 distinct states found (3,252,924 ds/min), 325,455,331 states left on queue.
Progress(37) at 2026-07-20 20:13:00: 14,380,189,236 states generated (25,655,165 s/min), 2,109,452,977 distinct states found (3,201,433 ds/min), 325,442,060 states left on queue.
Progress(37) at 2026-07-20 20:14:00: 14,407,499,121 states generated (27,309,885 s/min), 2,112,595,251 distinct states found (3,142,274 ds/min), 325,104,028 states left on queue.
Progress(37) at 2026-07-20 20:15:00: 14,437,560,907 states generated (30,061,786 s/min), 2,116,467,538 distinct states found (3,872,287 ds/min), 325,387,612 states left on queue.
Progress(37) at 2026-07-20 20:16:00: 14,466,627,500 states generated (29,066,593 s/min), 2,119,872,669 distinct states found (3,405,131 ds/min), 325,322,491 states left on queue.
Progress(37) at 2026-07-20 20:17:00: 14,493,924,337 states generated (27,296,837 s/min), 2,123,441,366 distinct states found (3,568,697 ds/min), 325,636,575 states left on queue.
Progress(37) at 2026-07-20 20:18:00: 14,520,390,720 states generated (26,466,383 s/min), 2,126,916,594 distinct states found (3,475,228 ds/min), 325,856,281 states left on queue.
Progress(37) at 2026-07-20 20:19:00: 14,547,343,764 states generated (26,953,044 s/min), 2,130,286,668 distinct states found (3,370,074 ds/min), 325,685,046 states left on queue.
Progress(37) at 2026-07-20 20:20:00: 14,574,715,640 states generated (27,371,876 s/min), 2,133,719,588 distinct states found (3,432,920 ds/min), 325,646,630 states left on queue.
Progress(37) at 2026-07-20 20:21:00: 14,604,462,594 states generated (29,746,954 s/min), 2,137,468,695 distinct states found (3,749,107 ds/min), 325,776,364 states left on queue.
Progress(37) at 2026-07-20 20:22:00: 14,634,436,101 states generated (29,973,507 s/min), 2,141,541,778 distinct states found (4,073,083 ds/min), 326,308,645 states left on queue.
Progress(37) at 2026-07-20 20:23:00: 14,663,963,216 states generated (29,527,115 s/min), 2,145,349,239 distinct states found (3,807,461 ds/min), 326,550,456 states left on queue.
Checkpointing of run states/26-07-20-11-22-39
Checkpointing completed at (2026-07-20 20:24:02)
Progress(37) at 2026-07-20 20:24:02: 14,692,888,452 states generated (28,925,236 s/min), 2,149,391,764 distinct states found (4,042,525 ds/min), 326,892,534 states left on queue.
Progress(37) at 2026-07-20 20:25:02: 14,720,398,252 states generated (27,509,800 s/min), 2,153,134,998 distinct states found (3,743,234 ds/min), 326,953,181 states left on queue.
Progress(37) at 2026-07-20 20:26:02: 14,747,400,217 states generated (27,001,965 s/min), 2,156,665,111 distinct states found (3,530,113 ds/min), 327,053,137 states left on queue.
Progress(37) at 2026-07-20 20:27:02: 14,774,274,126 states generated (26,873,909 s/min), 2,160,238,188 distinct states found (3,573,077 ds/min), 327,415,368 states left on queue.
Progress(37) at 2026-07-20 20:28:02: 14,800,727,149 states generated (26,453,023 s/min), 2,163,577,360 distinct states found (3,339,172 ds/min), 327,484,324 states left on queue.
Progress(38) at 2026-07-20 20:29:02: 14,827,463,164 states generated (26,736,015 s/min), 2,167,097,734 distinct states found (3,520,374 ds/min), 327,745,539 states left on queue.
Progress(38) at 2026-07-20 20:30:02: 14,854,028,169 states generated (26,565,005 s/min), 2,170,331,249 distinct states found (3,233,515 ds/min), 327,533,036 states left on queue.
Progress(38) at 2026-07-20 20:31:02: 14,880,936,187 states generated (26,908,018 s/min), 2,173,949,047 distinct states found (3,617,798 ds/min), 327,630,856 states left on queue.
Progress(38) at 2026-07-20 20:32:02: 14,909,799,385 states generated (28,863,198 s/min), 2,177,762,141 distinct states found (3,813,094 ds/min), 327,718,574 states left on queue.
Progress(38) at 2026-07-20 20:33:02: 14,937,967,226 states generated (28,167,841 s/min), 2,181,455,380 distinct states found (3,693,239 ds/min), 327,696,229 states left on queue.
Progress(38) at 2026-07-20 20:34:02: 14,964,921,296 states generated (26,954,070 s/min), 2,184,789,761 distinct states found (3,334,381 ds/min), 327,521,021 states left on queue.
Progress(38) at 2026-07-20 20:35:02: 14,991,604,664 states generated (26,683,368 s/min), 2,188,304,327 distinct states found (3,514,566 ds/min), 327,475,234 states left on queue.
Progress(38) at 2026-07-20 20:36:02: 15,017,821,337 states generated (26,216,673 s/min), 2,191,616,473 distinct states found (3,312,146 ds/min), 327,604,101 states left on queue.
Progress(38) at 2026-07-20 20:37:02: 15,044,202,270 states generated (26,380,933 s/min), 2,195,090,189 distinct states found (3,473,716 ds/min), 328,007,399 states left on queue.
Progress(38) at 2026-07-20 20:38:02: 15,072,187,651 states generated (27,985,381 s/min), 2,198,889,691 distinct states found (3,799,502 ds/min), 328,421,488 states left on queue.
Progress(38) at 2026-07-20 20:39:02: 15,098,149,782 states generated (25,962,131 s/min), 2,202,200,745 distinct states found (3,311,054 ds/min), 328,644,577 states left on queue.
Progress(38) at 2026-07-20 20:40:02: 15,125,067,315 states generated (26,917,533 s/min), 2,205,906,920 distinct states found (3,706,175 ds/min), 329,329,014 states left on queue.
Progress(38) at 2026-07-20 20:41:02: 15,151,949,692 states generated (26,882,377 s/min), 2,209,358,820 distinct states found (3,451,900 ds/min), 329,643,278 states left on queue.
Progress(38) at 2026-07-20 20:42:02: 15,178,880,092 states generated (26,930,400 s/min), 2,213,010,207 distinct states found (3,651,387 ds/min), 330,063,357 states left on queue.
Progress(38) at 2026-07-20 20:43:02: 15,205,214,823 states generated (26,334,731 s/min), 2,216,457,380 distinct states found (3,447,173 ds/min), 330,228,788 states left on queue.
Progress(38) at 2026-07-20 20:44:02: 15,231,266,305 states generated (26,051,482 s/min), 2,219,641,247 distinct states found (3,183,867 ds/min), 330,020,984 states left on queue.
Progress(38) at 2026-07-20 20:45:02: 15,258,443,989 states generated (27,177,684 s/min), 2,223,306,940 distinct states found (3,665,693 ds/min), 330,315,308 states left on queue.
Progress(38) at 2026-07-20 20:46:02: 15,287,119,573 states generated (28,675,584 s/min), 2,227,242,656 distinct states found (3,935,716 ds/min), 330,960,637 states left on queue.
Progress(38) at 2026-07-20 20:47:02: 15,314,394,105 states generated (27,274,532 s/min), 2,230,833,981 distinct states found (3,591,325 ds/min), 331,083,602 states left on queue.
Progress(38) at 2026-07-20 20:48:02: 15,341,302,600 states generated (26,908,495 s/min), 2,234,373,319 distinct states found (3,539,338 ds/min), 331,287,152 states left on queue.
Progress(38) at 2026-07-20 20:49:02: 15,367,260,625 states generated (25,958,025 s/min), 2,238,052,770 distinct states found (3,679,451 ds/min), 331,656,245 states left on queue.
Progress(38) at 2026-07-20 20:50:02: 15,393,073,074 states generated (25,812,449 s/min), 2,241,804,339 distinct states found (3,751,569 ds/min), 332,053,365 states left on queue.
Progress(38) at 2026-07-20 20:51:02: 15,419,230,244 states generated (26,157,170 s/min), 2,245,055,732 distinct states found (3,251,393 ds/min), 331,975,310 states left on queue.
Progress(38) at 2026-07-20 20:52:02: 15,446,396,344 states generated (27,166,100 s/min), 2,248,600,128 distinct states found (3,544,396 ds/min), 332,397,178 states left on queue.
Progress(38) at 2026-07-20 20:53:02: 15,472,193,524 states generated (25,797,180 s/min), 2,252,062,094 distinct states found (3,461,966 ds/min), 332,807,472 states left on queue.
Checkpointing of run states/26-07-20-11-22-39
Checkpointing completed at (2026-07-20 20:54:05)
Progress(38) at 2026-07-20 20:54:05: 15,499,712,510 states generated (27,518,986 s/min), 2,255,649,344 distinct states found (3,587,250 ds/min), 333,177,741 states left on queue.
Progress(38) at 2026-07-20 20:55:05: 15,525,554,122 states generated (25,841,612 s/min), 2,259,083,595 distinct states found (3,434,251 ds/min), 333,588,940 states left on queue.
Progress(38) at 2026-07-20 20:56:05: 15,551,742,746 states generated (26,188,624 s/min), 2,262,488,914 distinct states found (3,405,319 ds/min), 333,941,496 states left on queue.
Progress(38) at 2026-07-20 20:57:05: 15,577,085,270 states generated (25,342,524 s/min), 2,265,766,941 distinct states found (3,278,027 ds/min), 334,141,570 states left on queue.
Progress(38) at 2026-07-20 20:58:05: 15,604,482,939 states generated (27,397,669 s/min), 2,269,294,001 distinct states found (3,527,060 ds/min), 334,029,361 states left on queue.
Progress(38) at 2026-07-20 20:59:05: 15,630,674,687 states generated (26,191,748 s/min), 2,272,636,146 distinct states found (3,342,145 ds/min), 333,879,439 states left on queue.
Progress(38) at 2026-07-20 21:00:05: 15,656,623,324 states generated (25,948,637 s/min), 2,276,163,627 distinct states found (3,527,481 ds/min), 334,167,773 states left on queue.
Progress(38) at 2026-07-20 21:01:05: 15,682,744,204 states generated (26,120,880 s/min), 2,280,020,374 distinct states found (3,856,747 ds/min), 334,724,849 states left on queue.
Progress(38) at 2026-07-20 21:02:05: 15,708,872,438 states generated (26,128,234 s/min), 2,283,468,689 distinct states found (3,448,315 ds/min), 334,880,849 states left on queue.
Progress(38) at 2026-07-20 21:03:05: 15,736,066,851 states generated (27,194,413 s/min), 2,286,844,662 distinct states found (3,375,973 ds/min), 334,803,808 states left on queue.
Progress(38) at 2026-07-20 21:04:29: 15,760,829,372 states generated (24,762,521 s/min), 2,290,087,787 distinct states found (3,243,125 ds/min), 334,893,454 states left on queue.
Progress(38) at 2026-07-20 21:05:29: 15,788,161,424 states generated (27,332,052 s/min), 2,293,479,904 distinct states found (3,392,117 ds/min), 334,804,019 states left on queue.
Progress(38) at 2026-07-20 21:06:29: 15,816,041,238 states generated (27,879,814 s/min), 2,296,770,091 distinct states found (3,290,187 ds/min), 334,752,211 states left on queue.
Progress(38) at 2026-07-20 21:07:29: 15,844,406,288 states generated (28,365,050 s/min), 2,300,086,981 distinct states found (3,316,890 ds/min), 334,602,424 states left on queue.
Progress(38) at 2026-07-20 21:08:29: 15,872,385,257 states generated (27,978,969 s/min), 2,303,901,981 distinct states found (3,815,000 ds/min), 334,991,493 states left on queue.
Progress(38) at 2026-07-20 21:09:29: 15,898,724,984 states generated (26,339,727 s/min), 2,307,652,981 distinct states found (3,751,000 ds/min), 335,052,678 states left on queue.
Progress(38) at 2026-07-20 21:10:29: 15,925,668,651 states generated (26,943,667 s/min), 2,311,015,788 distinct states found (3,362,807 ds/min), 334,901,158 states left on queue.
Progress(38) at 2026-07-20 21:11:29: 15,953,888,222 states generated (28,219,571 s/min), 2,314,608,103 distinct states found (3,592,315 ds/min), 335,202,604 states left on queue.
Progress(38) at 2026-07-20 21:12:29: 15,982,058,291 states generated (28,170,069 s/min), 2,318,203,202 distinct states found (3,595,099 ds/min), 335,465,487 states left on queue.
Progress(38) at 2026-07-20 21:13:29: 16,010,152,862 states generated (28,094,571 s/min), 2,321,770,090 distinct states found (3,566,888 ds/min), 335,713,936 states left on queue.
Progress(38) at 2026-07-20 21:14:29: 16,037,257,605 states generated (27,104,743 s/min), 2,325,033,731 distinct states found (3,263,641 ds/min), 335,458,665 states left on queue.
Progress(38) at 2026-07-20 21:15:29: 16,063,245,428 states generated (25,987,823 s/min), 2,328,262,521 distinct states found (3,228,790 ds/min), 335,300,279 states left on queue.
Progress(38) at 2026-07-20 21:16:29: 16,089,172,174 states generated (25,926,746 s/min), 2,331,405,214 distinct states found (3,142,693 ds/min), 335,080,615 states left on queue.
Progress(38) at 2026-07-20 21:17:29: 16,115,218,086 states generated (26,045,912 s/min), 2,334,639,125 distinct states found (3,233,911 ds/min), 335,234,811 states left on queue.
Progress(38) at 2026-07-20 21:18:29: 16,142,243,445 states generated (27,025,359 s/min), 2,337,648,397 distinct states found (3,009,272 ds/min), 335,013,902 states left on queue.
Progress(38) at 2026-07-20 21:19:29: 16,169,639,269 states generated (27,395,824 s/min), 2,340,886,402 distinct states found (3,238,005 ds/min), 334,988,170 states left on queue.
Progress(38) at 2026-07-20 21:20:29: 16,196,904,330 states generated (27,265,061 s/min), 2,344,165,573 distinct states found (3,279,171 ds/min), 334,968,769 states left on queue.
Progress(38) at 2026-07-20 21:21:29: 16,224,458,905 states generated (27,554,575 s/min), 2,347,266,454 distinct states found (3,100,881 ds/min), 334,829,798 states left on queue.
Progress(38) at 2026-07-20 21:22:29: 16,250,607,718 states generated (26,148,813 s/min), 2,350,752,883 distinct states found (3,486,429 ds/min), 334,990,697 states left on queue.
Progress(38) at 2026-07-20 21:23:29: 16,277,130,445 states generated (26,522,727 s/min), 2,353,954,304 distinct states found (3,201,421 ds/min), 334,874,752 states left on queue.
Checkpointing of run states/26-07-20-11-22-39
Checkpointing completed at (2026-07-20 21:24:31)
Progress(38) at 2026-07-20 21:24:31: 16,304,354,929 states generated (27,224,484 s/min), 2,357,209,623 distinct states found (3,255,319 ds/min), 334,837,435 states left on queue.
Progress(38) at 2026-07-20 21:25:31: 16,331,177,971 states generated (26,823,042 s/min), 2,360,747,347 distinct states found (3,537,724 ds/min), 335,082,303 states left on queue.
Progress(38) at 2026-07-20 21:26:31: 16,360,319,424 states generated (29,141,453 s/min), 2,364,610,830 distinct states found (3,863,483 ds/min), 335,447,476 states left on queue.
Progress(38) at 2026-07-20 21:27:31: 16,389,227,962 states generated (28,908,538 s/min), 2,368,459,379 distinct states found (3,848,549 ds/min), 335,972,250 states left on queue.
Progress(38) at 2026-07-20 21:28:31: 16,417,059,495 states generated (27,831,533 s/min), 2,371,852,020 distinct states found (3,392,641 ds/min), 336,209,143 states left on queue.
Progress(38) at 2026-07-20 21:29:31: 16,444,479,941 states generated (27,420,446 s/min), 2,375,313,878 distinct states found (3,461,858 ds/min), 336,385,719 states left on queue.
Progress(38) at 2026-07-20 21:30:31: 16,470,782,729 states generated (26,302,788 s/min), 2,378,511,236 distinct states found (3,197,358 ds/min), 336,366,243 states left on queue.
Progress(38) at 2026-07-20 21:31:31: 16,497,648,701 states generated (26,865,972 s/min), 2,381,773,274 distinct states found (3,262,038 ds/min), 336,368,993 states left on queue.
Progress(38) at 2026-07-20 21:32:31: 16,525,746,691 states generated (28,097,990 s/min), 2,385,369,546 distinct states found (3,596,272 ds/min), 336,886,471 states left on queue.
Progress(38) at 2026-07-20 21:33:31: 16,553,598,066 states generated (27,851,375 s/min), 2,388,774,173 distinct states found (3,404,627 ds/min), 337,102,813 states left on queue.
Progress(38) at 2026-07-20 21:34:31: 16,581,341,634 states generated (27,743,568 s/min), 2,392,181,744 distinct states found (3,407,571 ds/min), 337,372,114 states left on queue.
Progress(38) at 2026-07-20 21:35:31: 16,608,897,892 states generated (27,556,258 s/min), 2,396,105,495 distinct states found (3,923,751 ds/min), 338,143,655 states left on queue.
Progress(38) at 2026-07-20 21:36:31: 16,636,806,028 states generated (27,908,136 s/min), 2,399,481,866 distinct states found (3,376,371 ds/min), 338,270,969 states left on queue.
Progress(38) at 2026-07-20 21:37:31: 16,664,404,894 states generated (27,598,866 s/min), 2,403,070,893 distinct states found (3,589,027 ds/min), 338,470,149 states left on queue.
Progress(38) at 2026-07-20 21:38:31: 16,692,001,717 states generated (27,596,823 s/min), 2,406,751,810 distinct states found (3,680,917 ds/min), 338,875,469 states left on queue.
Progress(38) at 2026-07-20 21:39:31: 16,719,161,065 states generated (27,159,348 s/min), 2,410,095,075 distinct states found (3,343,265 ds/min), 338,896,709 states left on queue.
Progress(38) at 2026-07-20 21:40:31: 16,746,923,288 states generated (27,762,223 s/min), 2,413,517,272 distinct states found (3,422,197 ds/min), 338,942,993 states left on queue.
Progress(38) at 2026-07-20 21:41:31: 16,773,615,491 states generated (26,692,203 s/min), 2,416,828,676 distinct states found (3,311,404 ds/min), 339,185,100 states left on queue.
Progress(38) at 2026-07-20 21:42:31: 16,800,523,427 states generated (26,907,936 s/min), 2,420,040,361 distinct states found (3,211,685 ds/min), 339,127,833 states left on queue.
Progress(38) at 2026-07-20 21:43:31: 16,827,520,244 states generated (26,996,817 s/min), 2,423,869,342 distinct states found (3,828,981 ds/min), 339,432,421 states left on queue.
Progress(38) at 2026-07-20 21:44:31: 16,855,232,859 states generated (27,712,615 s/min), 2,427,711,749 distinct states found (3,842,407 ds/min), 339,840,793 states left on queue.
Progress(38) at 2026-07-20 21:45:31: 16,883,911,259 states generated (28,678,400 s/min), 2,431,550,969 distinct states found (3,839,220 ds/min), 340,071,662 states left on queue.
Progress(38) at 2026-07-20 21:46:31: 16,911,002,744 states generated (27,091,485 s/min), 2,434,910,750 distinct states found (3,359,781 ds/min), 339,945,429 states left on queue.
Progress(38) at 2026-07-20 21:47:31: 16,936,902,655 states generated (25,899,911 s/min), 2,438,480,621 distinct states found (3,569,871 ds/min), 339,927,950 states left on queue.
Progress(38) at 2026-07-20 21:48:31: 16,964,030,983 states generated (27,128,328 s/min), 2,441,868,742 distinct states found (3,388,121 ds/min), 339,695,164 states left on queue.
Progress(38) at 2026-07-20 21:49:31: 16,991,770,668 states generated (27,739,685 s/min), 2,445,069,655 distinct states found (3,200,913 ds/min), 339,340,123 states left on queue.
Progress(38) at 2026-07-20 21:50:31: 17,017,479,799 states generated (25,709,131 s/min), 2,448,161,806 distinct states found (3,092,151 ds/min), 339,244,249 states left on queue.
Progress(38) at 2026-07-20 21:51:31: 17,044,145,100 states generated (26,665,301 s/min), 2,451,151,579 distinct states found (2,989,773 ds/min), 338,865,660 states left on queue.
Progress(38) at 2026-07-20 21:52:31: 17,074,030,511 states generated (29,885,411 s/min), 2,454,859,035 distinct states found (3,707,456 ds/min), 338,986,253 states left on queue.
Progress(38) at 2026-07-20 21:53:31: 17,103,747,769 states generated (29,717,258 s/min), 2,458,394,761 distinct states found (3,535,726 ds/min), 338,944,929 states left on queue.
Checkpointing of run states/26-07-20-11-22-39
Checkpointing completed at (2026-07-20 21:54:34)
Progress(38) at 2026-07-20 21:54:34: 17,132,129,395 states generated (28,381,626 s/min), 2,461,969,305 distinct states found (3,574,544 ds/min), 339,151,868 states left on queue.
Progress(38) at 2026-07-20 21:55:34: 17,158,644,305 states generated (26,514,910 s/min), 2,465,337,789 distinct states found (3,368,484 ds/min), 339,272,426 states left on queue.
Progress(38) at 2026-07-20 21:56:34: 17,185,290,323 states generated (26,646,018 s/min), 2,468,618,186 distinct states found (3,280,397 ds/min), 339,067,453 states left on queue.
Progress(38) at 2026-07-20 21:57:34: 17,212,718,315 states generated (27,427,992 s/min), 2,471,871,681 distinct states found (3,253,495 ds/min), 338,898,624 states left on queue.
Progress(38) at 2026-07-20 21:58:34: 17,241,858,030 states generated (29,139,715 s/min), 2,475,508,897 distinct states found (3,637,216 ds/min), 338,928,724 states left on queue.
Progress(38) at 2026-07-20 21:59:34: 17,272,053,118 states generated (30,195,088 s/min), 2,479,428,355 distinct states found (3,919,458 ds/min), 339,264,496 states left on queue.
Progress(38) at 2026-07-20 22:00:34: 17,301,959,382 states generated (29,906,264 s/min), 2,483,254,893 distinct states found (3,826,538 ds/min), 339,445,037 states left on queue.
Progress(38) at 2026-07-20 22:01:34: 17,330,532,761 states generated (28,573,379 s/min), 2,486,919,500 distinct states found (3,664,607 ds/min), 339,622,659 states left on queue.
Progress(38) at 2026-07-20 22:02:34: 17,357,949,260 states generated (27,416,499 s/min), 2,490,622,908 distinct states found (3,703,408 ds/min), 339,726,626 states left on queue.
Progress(38) at 2026-07-20 22:03:34: 17,385,023,433 states generated (27,074,173 s/min), 2,494,107,321 distinct states found (3,484,413 ds/min), 339,549,926 states left on queue.
Progress(38) at 2026-07-20 22:04:55: 17,410,006,460 states generated (24,983,027 s/min), 2,497,425,410 distinct states found (3,318,089 ds/min), 339,914,831 states left on queue.
Progress(38) at 2026-07-20 22:05:55: 17,436,582,880 states generated (26,576,420 s/min), 2,500,751,128 distinct states found (3,325,718 ds/min), 340,042,969 states left on queue.
Progress(39) at 2026-07-20 22:06:55: 17,462,999,516 states generated (26,416,636 s/min), 2,503,977,465 distinct states found (3,226,337 ds/min), 339,995,792 states left on queue.
Progress(39) at 2026-07-20 22:07:55: 17,489,627,971 states generated (26,628,455 s/min), 2,507,457,636 distinct states found (3,480,171 ds/min), 340,219,324 states left on queue.
Progress(39) at 2026-07-20 22:08:55: 17,516,263,944 states generated (26,635,973 s/min), 2,510,592,129 distinct states found (3,134,493 ds/min), 339,924,929 states left on queue.
Progress(39) at 2026-07-20 22:09:55: 17,543,033,676 states generated (26,769,732 s/min), 2,514,054,962 distinct states found (3,462,833 ds/min), 339,902,020 states left on queue.
Progress(39) at 2026-07-20 22:10:55: 17,571,884,258 states generated (28,850,582 s/min), 2,517,780,530 distinct states found (3,725,568 ds/min), 339,891,626 states left on queue.
Progress(39) at 2026-07-20 22:11:55: 17,600,064,446 states generated (28,180,188 s/min), 2,521,399,762 distinct states found (3,619,232 ds/min), 339,773,599 states left on queue.
Progress(39) at 2026-07-20 22:12:55: 17,626,990,894 states generated (26,926,448 s/min), 2,524,641,886 distinct states found (3,242,124 ds/min), 339,516,713 states left on queue.
Progress(39) at 2026-07-20 22:13:55: 17,653,575,728 states generated (26,584,834 s/min), 2,528,006,678 distinct states found (3,364,792 ds/min), 339,357,478 states left on queue.
Progress(39) at 2026-07-20 22:14:55: 17,679,683,360 states generated (26,107,632 s/min), 2,531,229,734 distinct states found (3,223,056 ds/min), 339,413,714 states left on queue.
Progress(39) at 2026-07-20 22:15:55: 17,705,854,112 states generated (26,170,752 s/min), 2,534,549,142 distinct states found (3,319,408 ds/min), 339,696,939 states left on queue.
Progress(39) at 2026-07-20 22:16:55: 17,733,882,420 states generated (28,028,308 s/min), 2,538,218,587 distinct states found (3,669,445 ds/min), 339,965,416 states left on queue.
Progress(39) at 2026-07-20 22:17:55: 17,759,968,660 states generated (26,086,240 s/min), 2,541,611,022 distinct states found (3,392,435 ds/min), 340,241,897 states left on queue.
Progress(39) at 2026-07-20 22:18:55: 17,786,788,177 states generated (26,819,517 s/min), 2,545,141,194 distinct states found (3,530,172 ds/min), 340,665,552 states left on queue.
Progress(39) at 2026-07-20 22:19:55: 17,813,289,007 states generated (26,500,830 s/min), 2,548,581,329 distinct states found (3,440,135 ds/min), 341,173,048 states left on queue.
Progress(39) at 2026-07-20 22:20:55: 17,840,620,888 states generated (27,331,881 s/min), 2,551,971,480 distinct states found (3,390,151 ds/min), 341,316,036 states left on queue.
Progress(39) at 2026-07-20 22:21:55: 17,866,961,138 states generated (26,340,250 s/min), 2,555,481,233 distinct states found (3,509,753 ds/min), 341,583,841 states left on queue.
Progress(39) at 2026-07-20 22:22:55: 17,892,983,028 states generated (26,021,890 s/min), 2,558,743,775 distinct states found (3,262,542 ds/min), 341,651,664 states left on queue.
Progress(39) at 2026-07-20 22:23:55: 17,919,085,380 states generated (26,102,352 s/min), 2,561,782,808 distinct states found (3,039,033 ds/min), 341,310,084 states left on queue.
Checkpointing of run states/26-07-20-11-22-39
Checkpointing completed at (2026-07-20 22:24:57)
Progress(39) at 2026-07-20 22:24:57: 17,947,803,308 states generated (28,717,928 s/min), 2,565,801,038 distinct states found (4,018,230 ds/min), 341,847,023 states left on queue.
Progress(39) at 2026-07-20 22:25:57: 17,976,278,465 states generated (28,475,157 s/min), 2,569,531,173 distinct states found (3,730,135 ds/min), 342,293,527 states left on queue.
Progress(39) at 2026-07-20 22:26:57: 18,003,396,116 states generated (27,117,651 s/min), 2,572,990,546 distinct states found (3,459,373 ds/min), 342,302,847 states left on queue.
Progress(39) at 2026-07-20 22:27:57: 18,030,353,685 states generated (26,957,569 s/min), 2,576,428,113 distinct states found (3,437,567 ds/min), 342,417,008 states left on queue.
Progress(39) at 2026-07-20 22:28:57: 18,056,217,817 states generated (25,864,132 s/min), 2,580,017,386 distinct states found (3,589,273 ds/min), 342,682,740 states left on queue.
Progress(39) at 2026-07-20 22:29:57: 18,082,781,586 states generated (26,563,769 s/min), 2,583,805,307 distinct states found (3,787,921 ds/min), 343,090,314 states left on queue.
Progress(39) at 2026-07-20 22:30:57: 18,108,219,912 states generated (25,438,326 s/min), 2,586,956,990 distinct states found (3,151,683 ds/min), 342,949,264 states left on queue.
Progress(39) at 2026-07-20 22:31:57: 18,134,789,566 states generated (26,569,654 s/min), 2,590,304,701 distinct states found (3,347,711 ds/min), 343,254,250 states left on queue.
Progress(39) at 2026-07-20 22:32:57: 18,161,617,729 states generated (26,828,163 s/min), 2,593,671,093 distinct states found (3,366,392 ds/min), 343,383,917 states left on queue.
Progress(39) at 2026-07-20 22:33:57: 18,187,297,491 states generated (25,679,762 s/min), 2,597,079,200 distinct states found (3,408,107 ds/min), 343,793,549 states left on queue.
Progress(39) at 2026-07-20 22:34:57: 18,213,374,006 states generated (26,076,515 s/min), 2,600,480,436 distinct states found (3,401,236 ds/min), 344,150,932 states left on queue.
Progress(39) at 2026-07-20 22:35:57: 18,239,517,057 states generated (26,143,051 s/min), 2,603,828,412 distinct states found (3,347,976 ds/min), 344,448,532 states left on queue.
Progress(39) at 2026-07-20 22:36:57: 18,265,660,894 states generated (26,143,837 s/min), 2,607,128,908 distinct states found (3,300,496 ds/min), 344,699,023 states left on queue.
Progress(39) at 2026-07-20 22:37:57: 18,290,755,055 states generated (25,094,161 s/min), 2,610,283,338 distinct states found (3,154,430 ds/min), 344,857,553 states left on queue.
Progress(39) at 2026-07-20 22:38:57: 18,317,950,598 states generated (27,195,543 s/min), 2,613,684,503 distinct states found (3,401,165 ds/min), 344,622,389 states left on queue.
Progress(39) at 2026-07-20 22:39:57: 18,344,326,603 states generated (26,376,005 s/min), 2,616,986,227 distinct states found (3,301,724 ds/min), 344,426,393 states left on queue.
Progress(39) at 2026-07-20 22:40:57: 18,370,270,063 states generated (25,943,460 s/min), 2,620,431,806 distinct states found (3,445,579 ds/min), 344,643,833 states left on queue.
Progress(39) at 2026-07-20 22:41:57: 18,396,485,755 states generated (26,215,692 s/min), 2,624,227,929 distinct states found (3,796,123 ds/min), 345,110,277 states left on queue.
Progress(39) at 2026-07-20 22:42:57: 18,422,496,103 states generated (26,010,348 s/min), 2,627,603,273 distinct states found (3,375,344 ds/min), 345,187,862 states left on queue.
Progress(39) at 2026-07-20 22:43:57: 18,449,137,149 states generated (26,641,046 s/min), 2,630,778,479 distinct states found (3,175,206 ds/min), 344,991,147 states left on queue.
Progress(39) at 2026-07-20 22:44:57: 18,476,654,265 states generated (27,517,116 s/min), 2,634,316,321 distinct states found (3,537,842 ds/min), 345,062,228 states left on queue.
Progress(39) at 2026-07-20 22:45:57: 18,503,632,744 states generated (26,978,479 s/min), 2,637,653,498 distinct states found (3,337,177 ds/min), 344,868,289 states left on queue.
Progress(39) at 2026-07-20 22:46:57: 18,531,466,703 states generated (27,833,959 s/min), 2,640,759,817 distinct states found (3,106,319 ds/min), 344,704,815 states left on queue.
Progress(39) at 2026-07-20 22:47:57: 18,559,344,391 states generated (27,877,688 s/min), 2,643,951,229 distinct states found (3,191,412 ds/min), 344,445,130 states left on queue.
Progress(39) at 2026-07-20 22:48:57: 18,588,158,984 states generated (28,814,593 s/min), 2,647,536,129 distinct states found (3,584,900 ds/min), 344,556,265 states left on queue.
Progress(39) at 2026-07-20 22:49:57: 18,614,053,223 states generated (25,894,239 s/min), 2,651,256,380 distinct states found (3,720,251 ds/min), 344,740,262 states left on queue.
Progress(39) at 2026-07-20 22:50:57: 18,640,986,537 states generated (26,933,314 s/min), 2,654,647,634 distinct states found (3,391,254 ds/min), 344,479,568 states left on queue.
Progress(39) at 2026-07-20 22:51:57: 18,668,584,160 states generated (27,597,623 s/min), 2,657,951,493 distinct states found (3,303,859 ds/min), 344,537,617 states left on queue.
Progress(39) at 2026-07-20 22:52:57: 18,697,068,458 states generated (28,484,298 s/min), 2,661,509,172 distinct states found (3,557,679 ds/min), 344,787,745 states left on queue.
Progress(39) at 2026-07-20 22:53:57: 18,725,290,495 states generated (28,222,037 s/min), 2,665,065,570 distinct states found (3,556,398 ds/min), 344,936,971 states left on queue.
Checkpointing of run states/26-07-20-11-22-39
Checkpointing completed at (2026-07-20 22:55:00)
Progress(39) at 2026-07-20 22:55:00: 18,753,597,366 states generated (28,306,871 s/min), 2,668,405,977 distinct states found (3,340,407 ds/min), 344,838,444 states left on queue.
Progress(39) at 2026-07-20 22:56:00: 18,780,271,034 states generated (26,673,668 s/min), 2,671,603,525 distinct states found (3,197,548 ds/min), 344,593,738 states left on queue.
Progress(39) at 2026-07-20 22:57:00: 18,805,883,217 states generated (25,612,183 s/min), 2,674,523,319 distinct states found (2,919,794 ds/min), 344,088,633 states left on queue.
Progress(39) at 2026-07-20 22:58:00: 18,831,487,589 states generated (25,604,372 s/min), 2,677,767,511 distinct states found (3,244,192 ds/min), 344,322,075 states left on queue.
Progress(39) at 2026-07-20 22:59:00: 18,858,526,676 states generated (27,039,087 s/min), 2,680,778,049 distinct states found (3,010,538 ds/min), 344,015,013 states left on queue.
Progress(39) at 2026-07-20 23:00:00: 18,885,805,300 states generated (27,278,624 s/min), 2,683,799,849 distinct states found (3,021,800 ds/min), 343,914,567 states left on queue.
Progress(39) at 2026-07-20 23:01:00: 18,912,779,509 states generated (26,974,209 s/min), 2,686,911,051 distinct states found (3,111,202 ds/min), 343,763,212 states left on queue.
Progress(39) at 2026-07-20 23:02:00: 18,940,400,800 states generated (27,621,291 s/min), 2,690,054,215 distinct states found (3,143,164 ds/min), 343,615,412 states left on queue.
Progress(39) at 2026-07-20 23:03:00: 18,966,694,331 states generated (26,293,531 s/min), 2,693,361,245 distinct states found (3,307,030 ds/min), 343,656,702 states left on queue.
Progress(39) at 2026-07-20 23:04:00: 18,993,244,043 states generated (26,549,712 s/min), 2,696,441,086 distinct states found (3,079,841 ds/min), 343,459,314 states left on queue.
Progress(39) at 2026-07-20 23:05:50: 19,016,984,672 states generated (23,740,629 s/min), 2,699,262,661 distinct states found (2,821,575 ds/min), 343,346,702 states left on queue.
Progress(39) at 2026-07-20 23:06:50: 19,042,730,936 states generated (25,746,264 s/min), 2,702,311,627 distinct states found (3,048,966 ds/min), 343,194,244 states left on queue.
Progress(39) at 2026-07-20 23:07:50: 19,071,934,024 states generated (29,203,088 s/min), 2,706,266,568 distinct states found (3,954,941 ds/min), 343,815,057 states left on queue.
Progress(39) at 2026-07-20 23:08:50: 19,100,645,858 states generated (28,711,834 s/min), 2,709,959,367 distinct states found (3,692,799 ds/min), 343,989,117 states left on queue.
Progress(39) at 2026-07-20 23:09:50: 19,129,321,022 states generated (28,675,164 s/min), 2,713,560,063 distinct states found (3,600,696 ds/min), 344,364,417 states left on queue.
Progress(39) at 2026-07-20 23:10:50: 19,156,738,052 states generated (27,417,030 s/min), 2,716,802,346 distinct states found (3,242,283 ds/min), 344,375,300 states left on queue.
Progress(39) at 2026-07-20 23:11:50: 19,184,122,303 states generated (27,384,251 s/min), 2,720,147,868 distinct states found (3,345,522 ds/min), 344,453,543 states left on queue.
Progress(39) at 2026-07-20 23:12:50: 19,210,480,930 states generated (26,358,627 s/min), 2,723,287,750 distinct states found (3,139,882 ds/min), 344,422,706 states left on queue.
Progress(39) at 2026-07-20 23:13:50: 19,237,694,000 states generated (27,213,070 s/min), 2,726,507,958 distinct states found (3,220,208 ds/min), 344,318,214 states left on queue.
Progress(39) at 2026-07-20 23:14:50: 19,265,606,981 states generated (27,912,981 s/min), 2,730,028,120 distinct states found (3,520,162 ds/min), 344,870,537 states left on queue.
Progress(39) at 2026-07-20 23:15:50: 19,293,261,533 states generated (27,654,552 s/min), 2,733,362,762 distinct states found (3,334,642 ds/min), 345,016,856 states left on queue.
Progress(39) at 2026-07-20 23:16:50: 19,321,136,183 states generated (27,874,650 s/min), 2,736,621,536 distinct states found (3,258,774 ds/min), 345,172,696 states left on queue.
Progress(39) at 2026-07-20 23:17:50: 19,349,129,890 states generated (27,993,707 s/min), 2,740,503,195 distinct states found (3,881,659 ds/min), 345,845,055 states left on queue.
Progress(39) at 2026-07-20 23:18:50: 19,376,422,006 states generated (27,292,116 s/min), 2,743,894,367 distinct states found (3,391,172 ds/min), 346,032,848 states left on queue.
Progress(39) at 2026-07-20 23:19:50: 19,404,009,085 states generated (27,587,079 s/min), 2,747,115,352 distinct states found (3,220,985 ds/min), 345,850,216 states left on queue.
Progress(39) at 2026-07-20 23:20:50: 19,431,260,952 states generated (27,251,867 s/min), 2,750,646,586 distinct states found (3,531,234 ds/min), 346,202,745 states left on queue.
Progress(39) at 2026-07-20 23:21:50: 19,458,891,397 states generated (27,630,445 s/min), 2,754,248,888 distinct states found (3,602,302 ds/min), 346,488,566 states left on queue.
Progress(39) at 2026-07-20 23:22:50: 19,486,144,502 states generated (27,253,105 s/min), 2,757,512,498 distinct states found (3,263,610 ds/min), 346,322,324 states left on queue.
Progress(39) at 2026-07-20 23:23:50: 19,513,601,729 states generated (27,457,227 s/min), 2,760,920,401 distinct states found (3,407,903 ds/min), 346,529,139 states left on queue.
Progress(39) at 2026-07-20 23:24:50: 19,540,067,801 states generated (26,466,072 s/min), 2,763,892,663 distinct states found (2,972,262 ds/min), 346,436,921 states left on queue.
Checkpointing of run states/26-07-20-11-22-39
Checkpointing completed at (2026-07-20 23:25:52)
Progress(39) at 2026-07-20 23:25:52: 19,567,412,046 states generated (27,344,245 s/min), 2,767,243,144 distinct states found (3,350,481 ds/min), 346,327,466 states left on queue.
Progress(39) at 2026-07-20 23:26:52: 19,595,642,460 states generated (28,230,414 s/min), 2,771,203,014 distinct states found (3,959,870 ds/min), 346,694,067 states left on queue.
Progress(39) at 2026-07-20 23:27:52: 19,623,339,072 states generated (27,696,612 s/min), 2,774,879,646 distinct states found (3,676,632 ds/min), 346,916,065 states left on queue.
Progress(39) at 2026-07-20 23:28:52: 19,651,835,435 states generated (28,496,363 s/min), 2,778,592,185 distinct states found (3,712,539 ds/min), 347,012,921 states left on queue.
Progress(39) at 2026-07-20 23:29:52: 19,678,725,457 states generated (26,890,022 s/min), 2,781,845,586 distinct states found (3,253,401 ds/min), 346,796,789 states left on queue.
Progress(39) at 2026-07-20 23:30:52: 19,704,613,116 states generated (25,887,659 s/min), 2,785,310,383 distinct states found (3,464,797 ds/min), 346,705,075 states left on queue.
Progress(39) at 2026-07-20 23:31:52: 19,731,778,808 states generated (27,165,692 s/min), 2,788,560,941 distinct states found (3,250,558 ds/min), 346,347,401 states left on queue.
Progress(39) at 2026-07-20 23:32:52: 19,759,108,777 states generated (27,329,969 s/min), 2,791,626,634 distinct states found (3,065,693 ds/min), 345,970,861 states left on queue.
Progress(39) at 2026-07-20 23:33:52: 19,784,633,436 states generated (25,524,659 s/min), 2,794,590,395 distinct states found (2,963,761 ds/min), 345,755,005 states left on queue.
Progress(39) at 2026-07-20 23:34:52: 19,812,549,940 states generated (27,916,504 s/min), 2,797,659,921 distinct states found (3,069,526 ds/min), 345,338,243 states left on queue.
Progress(39) at 2026-07-20 23:35:52: 19,842,742,419 states generated (30,192,479 s/min), 2,801,426,163 distinct states found (3,766,242 ds/min), 345,472,239 states left on queue.
Progress(39) at 2026-07-20 23:36:52: 19,871,440,022 states generated (28,697,603 s/min), 2,804,636,406 distinct states found (3,210,243 ds/min), 345,296,692 states left on queue.
Progress(39) at 2026-07-20 23:37:52: 19,898,443,508 states generated (27,003,486 s/min), 2,808,039,247 distinct states found (3,402,841 ds/min), 345,403,208 states left on queue.
Progress(39) at 2026-07-20 23:38:52: 19,924,724,660 states generated (26,281,152 s/min), 2,811,289,816 distinct states found (3,250,569 ds/min), 345,428,860 states left on queue.
Progress(39) at 2026-07-20 23:39:52: 19,951,583,456 states generated (26,858,796 s/min), 2,814,499,505 distinct states found (3,209,689 ds/min), 345,121,894 states left on queue.
Progress(39) at 2026-07-20 23:40:52: 19,978,878,946 states generated (27,295,490 s/min), 2,817,677,076 distinct states found (3,177,571 ds/min), 344,854,123 states left on queue.
Progress(39) at 2026-07-20 23:41:52: 20,008,997,440 states generated (30,118,494 s/min), 2,821,299,438 distinct states found (3,622,362 ds/min), 344,882,375 states left on queue.
Progress(39) at 2026-07-20 23:42:52: 20,038,991,686 states generated (29,994,246 s/min), 2,825,119,680 distinct states found (3,820,242 ds/min), 345,129,824 states left on queue.
Progress(39) at 2026-07-20 23:43:53: 20,068,753,416 states generated (29,761,730 s/min), 2,828,817,923 distinct states found (3,698,243 ds/min), 345,197,397 states left on queue.
Progress(39) at 2026-07-20 23:44:53: 20,097,089,328 states generated (28,335,912 s/min), 2,832,403,981 distinct states found (3,586,058 ds/min), 345,284,229 states left on queue.
Progress(39) at 2026-07-20 23:45:53: 20,124,345,487 states generated (27,256,159 s/min), 2,835,928,753 distinct states found (3,524,772 ds/min), 345,229,365 states left on queue.
Progress(39) at 2026-07-20 23:46:53: 20,151,255,829 states generated (26,910,342 s/min), 2,839,282,395 distinct states found (3,353,642 ds/min), 344,969,411 states left on queue.
Progress(39) at 2026-07-20 23:47:53: 20,178,609,044 states generated (27,353,215 s/min), 2,842,826,019 distinct states found (3,543,624 ds/min), 345,311,302 states left on queue.
Progress(39) at 2026-07-20 23:48:53: 20,205,242,461 states generated (26,633,417 s/min), 2,846,042,909 distinct states found (3,216,890 ds/min), 345,327,006 states left on queue.
Progress(40) at 2026-07-20 23:49:53: 20,231,711,775 states generated (26,469,314 s/min), 2,849,188,579 distinct states found (3,145,670 ds/min), 345,192,153 states left on queue.
Progress(40) at 2026-07-20 23:50:53: 20,258,357,104 states generated (26,645,329 s/min), 2,852,633,953 distinct states found (3,445,374 ds/min), 345,417,847 states left on queue.
Progress(40) at 2026-07-20 23:51:53: 20,284,964,040 states generated (26,606,936 s/min), 2,855,698,289 distinct states found (3,064,336 ds/min), 345,057,223 states left on queue.
Progress(40) at 2026-07-20 23:52:53: 20,311,698,524 states generated (26,734,484 s/min), 2,859,006,805 distinct states found (3,308,516 ds/min), 344,892,001 states left on queue.
Progress(40) at 2026-07-20 23:53:53: 20,340,601,957 states generated (28,903,433 s/min), 2,862,653,670 distinct states found (3,646,865 ds/min), 344,798,695 states left on queue.
Progress(40) at 2026-07-20 23:54:53: 20,368,666,038 states generated (28,064,081 s/min), 2,866,171,055 distinct states found (3,517,385 ds/min), 344,589,372 states left on queue.
Checkpointing of run states/26-07-20-11-22-39
Checkpointing completed at (2026-07-20 23:55:56)
Progress(40) at 2026-07-20 23:55:56: 20,397,020,873 states generated (28,354,835 s/min), 2,869,507,156 distinct states found (3,336,101 ds/min), 344,253,604 states left on queue.
Progress(40) at 2026-07-20 23:56:56: 20,423,184,563 states generated (26,163,690 s/min), 2,872,615,227 distinct states found (3,108,071 ds/min), 343,921,170 states left on queue.
Progress(40) at 2026-07-20 23:57:56: 20,449,402,340 states generated (26,217,777 s/min), 2,875,852,886 distinct states found (3,237,659 ds/min), 344,017,868 states left on queue.
Progress(40) at 2026-07-20 23:58:56: 20,475,662,180 states generated (26,259,840 s/min), 2,879,194,987 distinct states found (3,342,101 ds/min), 344,327,078 states left on queue.
Progress(40) at 2026-07-20 23:59:56: 20,503,584,202 states generated (27,922,022 s/min), 2,882,708,488 distinct states found (3,513,501 ds/min), 344,426,968 states left on queue.
Progress(40) at 2026-07-21 00:00:56: 20,529,642,165 states generated (26,057,963 s/min), 2,886,044,354 distinct states found (3,335,866 ds/min), 344,650,728 states left on queue.
Progress(40) at 2026-07-21 00:01:56: 20,556,607,083 states generated (26,964,918 s/min), 2,889,466,194 distinct states found (3,421,840 ds/min), 344,927,506 states left on queue.
Progress(40) at 2026-07-21 00:02:56: 20,583,009,520 states generated (26,402,437 s/min), 2,892,839,768 distinct states found (3,373,574 ds/min), 345,415,501 states left on queue.
Progress(40) at 2026-07-21 00:03:56: 20,609,883,898 states generated (26,874,378 s/min), 2,896,089,376 distinct states found (3,249,608 ds/min), 345,521,611 states left on queue.
Progress(40) at 2026-07-21 00:04:56: 20,636,622,354 states generated (26,738,456 s/min), 2,899,534,985 distinct states found (3,445,609 ds/min), 345,753,878 states left on queue.
Progress(40) at 2026-07-21 00:06:20: 20,660,458,571 states generated (23,836,217 s/min), 2,902,483,342 distinct states found (2,948,357 ds/min), 345,744,511 states left on queue.
Progress(40) at 2026-07-21 00:07:20: 20,686,501,257 states generated (26,042,686 s/min), 2,905,579,752 distinct states found (3,096,410 ds/min), 345,570,999 states left on queue.
Progress(40) at 2026-07-21 00:08:20: 20,712,909,516 states generated (26,408,259 s/min), 2,908,749,955 distinct states found (3,170,203 ds/min), 345,406,760 states left on queue.
Progress(40) at 2026-07-21 00:09:20: 20,740,370,340 states generated (27,460,824 s/min), 2,912,544,572 distinct states found (3,794,617 ds/min), 345,936,018 states left on queue.
Progress(40) at 2026-07-21 00:10:20: 20,769,292,710 states generated (28,922,370 s/min), 2,916,172,278 distinct states found (3,627,706 ds/min), 346,212,461 states left on queue.
Progress(40) at 2026-07-21 00:11:20: 20,796,108,912 states generated (26,816,202 s/min), 2,919,523,419 distinct states found (3,351,141 ds/min), 346,166,564 states left on queue.
Progress(40) at 2026-07-21 00:12:20: 20,822,902,565 states generated (26,793,653 s/min), 2,922,847,475 distinct states found (3,324,056 ds/min), 346,170,537 states left on queue.
Progress(40) at 2026-07-21 00:13:20: 20,848,779,801 states generated (25,877,236 s/min), 2,926,372,004 distinct states found (3,524,529 ds/min), 346,361,573 states left on queue.
Progress(40) at 2026-07-21 00:14:20: 20,875,352,480 states generated (26,572,679 s/min), 2,930,038,765 distinct states found (3,666,761 ds/min), 346,631,464 states left on queue.
Progress(40) at 2026-07-21 00:15:20: 20,900,685,373 states generated (25,332,893 s/min), 2,933,119,586 distinct states found (3,080,821 ds/min), 346,460,702 states left on queue.
Progress(40) at 2026-07-21 00:16:20: 20,927,074,541 states generated (26,389,168 s/min), 2,936,355,866 distinct states found (3,236,280 ds/min), 346,630,418 states left on queue.
Progress(40) at 2026-07-21 00:17:20: 20,953,925,063 states generated (26,850,522 s/min), 2,939,563,829 distinct states found (3,207,963 ds/min), 346,638,629 states left on queue.
Progress(40) at 2026-07-21 00:18:20: 20,979,619,866 states generated (25,694,803 s/min), 2,942,977,400 distinct states found (3,413,571 ds/min), 347,028,073 states left on queue.
Progress(40) at 2026-07-21 00:19:20: 21,005,651,900 states generated (26,032,034 s/min), 2,946,191,409 distinct states found (3,214,009 ds/min), 347,159,488 states left on queue.
Progress(40) at 2026-07-21 00:20:20: 21,031,807,554 states generated (26,155,654 s/min), 2,949,566,402 distinct states found (3,374,993 ds/min), 347,533,836 states left on queue.
Progress(40) at 2026-07-21 00:21:20: 21,057,780,619 states generated (25,973,065 s/min), 2,952,824,616 distinct states found (3,258,214 ds/min), 347,745,689 states left on queue.
Progress(40) at 2026-07-21 00:22:20: 21,083,480,056 states generated (25,699,437 s/min), 2,956,013,950 distinct states found (3,189,334 ds/min), 347,953,548 states left on queue.
Progress(40) at 2026-07-21 00:23:20: 21,109,015,015 states generated (25,534,959 s/min), 2,959,106,158 distinct states found (3,092,208 ds/min), 347,863,048 states left on queue.
Progress(40) at 2026-07-21 00:24:20: 21,136,599,234 states generated (27,584,219 s/min), 2,962,449,786 distinct states found (3,343,628 ds/min), 347,594,086 states left on queue.
Progress(40) at 2026-07-21 00:25:20: 21,162,275,194 states generated (25,675,960 s/min), 2,965,677,744 distinct states found (3,227,958 ds/min), 347,468,120 states left on queue.
Checkpointing of run states/26-07-20-11-22-39
Checkpointing completed at (2026-07-21 00:26:23)
Progress(40) at 2026-07-21 00:26:23: 21,189,446,116 states generated (27,170,922 s/min), 2,969,305,548 distinct states found (3,627,804 ds/min), 347,705,169 states left on queue.
Progress(40) at 2026-07-21 00:27:23: 21,215,395,783 states generated (25,949,667 s/min), 2,972,845,014 distinct states found (3,539,466 ds/min), 347,925,046 states left on queue.
Progress(40) at 2026-07-21 00:28:23: 21,241,317,561 states generated (25,921,778 s/min), 2,976,062,373 distinct states found (3,217,359 ds/min), 347,852,406 states left on queue.
Progress(40) at 2026-07-21 00:29:23: 21,268,120,158 states generated (26,802,597 s/min), 2,979,231,241 distinct states found (3,168,868 ds/min), 347,639,217 states left on queue.
Progress(40) at 2026-07-21 00:30:23: 21,295,109,921 states generated (26,989,763 s/min), 2,982,570,364 distinct states found (3,339,123 ds/min), 347,536,509 states left on queue.
Progress(40) at 2026-07-21 00:31:23: 21,322,498,566 states generated (27,388,645 s/min), 2,985,698,516 distinct states found (3,128,152 ds/min), 347,196,810 states left on queue.
Progress(40) at 2026-07-21 00:32:23: 21,350,094,577 states generated (27,596,011 s/min), 2,988,783,104 distinct states found (3,084,588 ds/min), 346,942,875 states left on queue.
Progress(40) at 2026-07-21 00:33:23: 21,378,881,851 states generated (28,787,274 s/min), 2,991,990,611 distinct states found (3,207,507 ds/min), 346,711,138 states left on queue.
Progress(40) at 2026-07-21 00:34:23: 21,406,104,374 states generated (27,222,523 s/min), 2,995,555,706 distinct states found (3,565,095 ds/min), 346,894,042 states left on queue.
Progress(40) at 2026-07-21 00:35:23: 21,432,225,548 states generated (26,121,174 s/min), 2,998,975,460 distinct states found (3,419,754 ds/min), 346,636,017 states left on queue.
Progress(40) at 2026-07-21 00:36:23: 21,458,830,039 states generated (26,604,491 s/min), 3,002,045,913 distinct states found (3,070,453 ds/min), 346,249,506 states left on queue.
Progress(40) at 2026-07-21 00:37:23: 21,487,408,983 states generated (28,578,944 s/min), 3,005,495,078 distinct states found (3,449,165 ds/min), 346,433,028 states left on queue.
Progress(40) at 2026-07-21 00:38:23: 21,515,499,428 states generated (28,090,445 s/min), 3,008,911,164 distinct states found (3,416,086 ds/min), 346,549,081 states left on queue.
Progress(40) at 2026-07-21 00:39:23: 21,543,540,207 states generated (28,040,779 s/min), 3,012,314,640 distinct states found (3,403,476 ds/min), 346,605,515 states left on queue.
Progress(40) at 2026-07-21 00:40:23: 21,570,588,756 states generated (27,048,549 s/min), 3,015,387,348 distinct states found (3,072,708 ds/min), 346,311,167 states left on queue.
Progress(40) at 2026-07-21 00:41:23: 21,596,745,946 states generated (26,157,190 s/min), 3,018,473,256 distinct states found (3,085,908 ds/min), 346,010,770 states left on queue.
Progress(40) at 2026-07-21 00:42:23: 21,622,544,528 states generated (25,798,582 s/min), 3,021,481,469 distinct states found (3,008,213 ds/min), 345,745,774 states left on queue.
Progress(40) at 2026-07-21 00:43:23: 21,648,482,578 states generated (25,938,050 s/min), 3,024,530,598 distinct states found (3,049,129 ds/min), 345,757,174 states left on queue.
Progress(40) at 2026-07-21 00:44:23: 21,675,364,371 states generated (26,881,793 s/min), 3,027,359,674 distinct states found (2,829,076 ds/min), 345,443,106 states left on queue.
Progress(40) at 2026-07-21 00:45:23: 21,702,619,969 states generated (27,255,598 s/min), 3,030,348,254 distinct states found (2,988,580 ds/min), 345,171,385 states left on queue.
Progress(40) at 2026-07-21 00:46:23: 21,729,723,862 states generated (27,103,893 s/min), 3,033,372,273 distinct states found (3,024,019 ds/min), 344,956,425 states left on queue.
Progress(40) at 2026-07-21 00:47:23: 21,756,856,219 states generated (27,132,357 s/min), 3,036,458,898 distinct states found (3,086,625 ds/min), 344,803,112 states left on queue.
Progress(40) at 2026-07-21 00:48:23: 21,782,637,717 states generated (25,781,498 s/min), 3,039,610,061 distinct states found (3,151,163 ds/min), 344,664,363 states left on queue.
Progress(40) at 2026-07-21 00:49:23: 21,809,165,240 states generated (26,527,523 s/min), 3,042,528,134 distinct states found (2,918,073 ds/min), 344,326,759 states left on queue.
Progress(40) at 2026-07-21 00:50:23: 21,834,931,599 states generated (25,766,359 s/min), 3,045,485,869 distinct states found (2,957,735 ds/min), 344,113,720 states left on queue.
Progress(40) at 2026-07-21 00:51:23: 21,862,727,977 states generated (27,796,378 s/min), 3,049,129,521 distinct states found (3,643,652 ds/min), 344,448,562 states left on queue.
Progress(40) at 2026-07-21 00:52:23: 21,892,108,036 states generated (29,380,059 s/min), 3,052,826,273 distinct states found (3,696,752 ds/min), 344,663,318 states left on queue.
Progress(40) at 2026-07-21 00:53:23: 21,921,305,480 states generated (29,197,444 s/min), 3,056,497,299 distinct states found (3,671,026 ds/min), 344,891,262 states left on queue.
Progress(40) at 2026-07-21 00:54:23: 21,949,019,141 states generated (27,713,661 s/min), 3,059,757,371 distinct states found (3,260,072 ds/min), 345,044,564 states left on queue.
Progress(40) at 2026-07-21 00:55:23: 21,976,495,597 states generated (27,476,456 s/min), 3,063,150,402 distinct states found (3,393,031 ds/min), 345,193,233 states left on queue.
Checkpointing of run states/26-07-20-11-22-39
Checkpointing completed at (2026-07-21 00:56:25)
Progress(40) at 2026-07-21 00:56:25: 22,004,368,029 states generated (27,872,432 s/min), 3,066,303,529 distinct states found (3,153,127 ds/min), 345,009,708 states left on queue.
Progress(40) at 2026-07-21 00:57:25: 22,030,898,501 states generated (26,530,472 s/min), 3,069,363,587 distinct states found (3,060,058 ds/min), 344,904,050 states left on queue.
Progress(40) at 2026-07-21 00:58:26: 22,058,510,515 states generated (27,612,014 s/min), 3,072,725,716 distinct states found (3,362,129 ds/min), 345,017,926 states left on queue.
Progress(40) at 2026-07-21 00:59:26: 22,086,120,675 states generated (27,610,160 s/min), 3,076,039,594 distinct states found (3,313,878 ds/min), 345,368,746 states left on queue.
Progress(40) at 2026-07-21 01:00:26: 22,113,720,352 states generated (27,599,677 s/min), 3,079,188,791 distinct states found (3,149,197 ds/min), 345,327,265 states left on queue.
Progress(40) at 2026-07-21 01:01:26: 22,141,366,654 states generated (27,646,302 s/min), 3,082,451,319 distinct states found (3,262,528 ds/min), 345,454,735 states left on queue.
Progress(40) at 2026-07-21 01:02:26: 22,169,521,477 states generated (28,154,823 s/min), 3,086,309,384 distinct states found (3,858,065 ds/min), 346,085,594 states left on queue.
Progress(40) at 2026-07-21 01:03:26: 22,196,599,344 states generated (27,077,867 s/min), 3,089,531,670 distinct states found (3,222,286 ds/min), 346,121,940 states left on queue.
Progress(40) at 2026-07-21 01:04:26: 22,224,207,112 states generated (27,607,768 s/min), 3,092,724,693 distinct states found (3,193,023 ds/min), 345,916,954 states left on queue.
Progress(40) at 2026-07-21 01:05:26: 22,251,325,556 states generated (27,118,444 s/min), 3,096,198,103 distinct states found (3,473,410 ds/min), 346,191,728 states left on queue.
Progress(40) at 2026-07-21 01:06:53: 22,276,279,743 states generated (24,954,187 s/min), 3,099,379,558 distinct states found (3,181,455 ds/min), 346,360,961 states left on queue.
Progress(40) at 2026-07-21 01:07:53: 22,303,313,090 states generated (27,033,347 s/min), 3,102,522,712 distinct states found (3,143,154 ds/min), 346,204,146 states left on queue.
Progress(40) at 2026-07-21 01:08:53: 22,331,098,505 states generated (27,785,415 s/min), 3,105,805,579 distinct states found (3,282,867 ds/min), 346,135,564 states left on queue.
Progress(40) at 2026-07-21 01:09:53: 22,357,588,409 states generated (26,489,904 s/min), 3,108,942,646 distinct states found (3,137,067 ds/min), 346,220,619 states left on queue.
Progress(40) at 2026-07-21 01:10:53: 22,384,036,637 states generated (26,448,228 s/min), 3,111,942,120 distinct states found (2,999,474 ds/min), 346,027,106 states left on queue.
Progress(40) at 2026-07-21 01:11:53: 22,410,991,736 states generated (26,955,099 s/min), 3,115,444,685 distinct states found (3,502,565 ds/min), 345,992,580 states left on queue.
Progress(40) at 2026-07-21 01:12:53: 22,438,758,959 states generated (27,767,223 s/min), 3,119,183,172 distinct states found (3,738,487 ds/min), 346,287,715 states left on queue.
Progress(40) at 2026-07-21 01:13:53: 22,466,804,931 states generated (28,045,972 s/min), 3,122,744,661 distinct states found (3,561,489 ds/min), 346,323,219 states left on queue.
Progress(40) at 2026-07-21 01:14:53: 22,494,600,034 states generated (27,795,103 s/min), 3,126,126,943 distinct states found (3,382,282 ds/min), 346,206,458 states left on queue.
Progress(40) at 2026-07-21 01:15:53: 22,521,007,181 states generated (26,407,147 s/min), 3,129,471,177 distinct states found (3,344,234 ds/min), 345,933,401 states left on queue.
Progress(40) at 2026-07-21 01:16:53: 22,546,685,947 states generated (25,678,766 s/min), 3,132,639,133 distinct states found (3,167,956 ds/min), 345,618,724 states left on queue.
Progress(40) at 2026-07-21 01:17:53: 22,574,832,206 states generated (28,146,259 s/min), 3,135,719,231 distinct states found (3,080,098 ds/min), 345,125,510 states left on queue.
Progress(40) at 2026-07-21 01:18:53: 22,600,547,205 states generated (25,714,999 s/min), 3,138,585,353 distinct states found (2,866,122 ds/min), 344,800,361 states left on queue.
Progress(40) at 2026-07-21 01:19:53: 22,627,332,908 states generated (26,785,703 s/min), 3,141,398,039 distinct states found (2,812,686 ds/min), 344,246,420 states left on queue.
Progress(40) at 2026-07-21 01:20:53: 22,657,320,166 states generated (29,987,258 s/min), 3,145,068,634 distinct states found (3,670,595 ds/min), 344,351,485 states left on queue.
Progress(40) at 2026-07-21 01:21:53: 22,686,548,175 states generated (29,228,009 s/min), 3,148,305,387 distinct states found (3,236,753 ds/min), 344,078,663 states left on queue.
Progress(40) at 2026-07-21 01:22:53: 22,713,472,032 states generated (26,923,857 s/min), 3,151,634,050 distinct states found (3,328,663 ds/min), 344,131,030 states left on queue.
Progress(40) at 2026-07-21 01:23:53: 22,739,892,690 states generated (26,420,658 s/min), 3,154,770,755 distinct states found (3,136,705 ds/min), 344,025,579 states left on queue.
Progress(40) at 2026-07-21 01:24:53: 22,766,459,661 states generated (26,566,971 s/min), 3,157,837,600 distinct states found (3,066,845 ds/min), 343,648,432 states left on queue.
Progress(40) at 2026-07-21 01:25:53: 22,793,632,386 states generated (27,172,725 s/min), 3,160,949,054 distinct states found (3,111,454 ds/min), 343,333,985 states left on queue.
Checkpointing of run states/26-07-20-11-22-39
Checkpointing completed at (2026-07-21 01:26:56)
Progress(40) at 2026-07-21 01:26:56: 22,825,186,375 states generated (31,553,989 s/min), 3,164,632,299 distinct states found (3,683,245 ds/min), 343,272,388 states left on queue.
Progress(40) at 2026-07-21 01:27:56: 22,855,082,322 states generated (29,895,947 s/min), 3,168,348,333 distinct states found (3,716,034 ds/min), 343,417,046 states left on queue.
Progress(40) at 2026-07-21 01:28:56: 22,884,718,712 states generated (29,636,390 s/min), 3,171,916,542 distinct states found (3,568,209 ds/min), 343,353,214 states left on queue.
Progress(40) at 2026-07-21 01:29:56: 22,913,178,059 states generated (28,459,347 s/min), 3,175,346,694 distinct states found (3,430,152 ds/min), 343,294,426 states left on queue.
Progress(40) at 2026-07-21 01:30:56: 22,940,321,143 states generated (27,143,084 s/min), 3,178,750,339 distinct states found (3,403,645 ds/min), 343,150,590 states left on queue.
Progress(40) at 2026-07-21 01:31:56: 22,967,142,669 states generated (26,821,526 s/min), 3,182,037,656 distinct states found (3,287,317 ds/min), 342,830,909 states left on queue.
Progress(40) at 2026-07-21 01:32:56: 22,994,655,044 states generated (27,512,375 s/min), 3,185,477,467 distinct states found (3,439,811 ds/min), 343,017,914 states left on queue.
Progress(40) at 2026-07-21 01:33:56: 23,021,413,278 states generated (26,758,234 s/min), 3,188,666,525 distinct states found (3,189,058 ds/min), 343,035,841 states left on queue.
Progress(40) at 2026-07-21 01:34:56: 23,047,719,341 states generated (26,306,063 s/min), 3,191,700,449 distinct states found (3,033,924 ds/min), 342,822,182 states left on queue.
Progress(41) at 2026-07-21 01:35:56: 23,074,341,221 states generated (26,621,880 s/min), 3,195,115,143 distinct states found (3,414,694 ds/min), 343,074,912 states left on queue.
Progress(41) at 2026-07-21 01:36:56: 23,100,784,706 states generated (26,443,485 s/min), 3,198,043,710 distinct states found (2,928,567 ds/min), 342,610,840 states left on queue.
Progress(41) at 2026-07-21 01:37:56: 23,127,465,958 states generated (26,681,252 s/min), 3,201,270,177 distinct states found (3,226,467 ds/min), 342,373,261 states left on queue.
Progress(41) at 2026-07-21 01:38:56: 23,156,280,739 states generated (28,814,781 s/min), 3,204,801,009 distinct states found (3,530,832 ds/min), 342,180,735 states left on queue.
Progress(41) at 2026-07-21 01:39:56: 23,184,257,182 states generated (27,976,443 s/min), 3,208,210,613 distinct states found (3,409,604 ds/min), 341,877,216 states left on queue.
Progress(41) at 2026-07-21 01:40:56: 23,211,273,626 states generated (27,016,444 s/min), 3,211,302,490 distinct states found (3,091,877 ds/min), 341,447,558 states left on queue.
Progress(41) at 2026-07-21 01:41:56: 23,237,239,557 states generated (25,965,931 s/min), 3,214,258,521 distinct states found (2,956,031 ds/min), 341,021,704 states left on queue.
Progress(41) at 2026-07-21 01:42:56: 23,263,430,096 states generated (26,190,539 s/min), 3,217,512,006 distinct states found (3,253,485 ds/min), 341,208,262 states left on queue.
Progress(41) at 2026-07-21 01:43:56: 23,289,765,168 states generated (26,335,072 s/min), 3,220,781,423 distinct states found (3,269,417 ds/min), 341,429,501 states left on queue.
Progress(41) at 2026-07-21 01:44:56: 23,317,519,975 states generated (27,754,807 s/min), 3,224,164,981 distinct states found (3,383,558 ds/min), 341,406,790 states left on queue.
Progress(41) at 2026-07-21 01:45:56: 23,343,553,763 states generated (26,033,788 s/min), 3,227,414,591 distinct states found (3,249,610 ds/min), 341,534,512 states left on queue.
Progress(41) at 2026-07-21 01:46:56: 23,370,470,832 states generated (26,917,069 s/min), 3,230,739,763 distinct states found (3,325,172 ds/min), 341,701,455 states left on queue.
Progress(41) at 2026-07-21 01:47:56: 23,396,838,501 states generated (26,367,669 s/min), 3,234,035,274 distinct states found (3,295,511 ds/min), 342,118,169 states left on queue.
Progress(41) at 2026-07-21 01:48:56: 23,423,248,496 states generated (26,409,995 s/min), 3,237,164,046 distinct states found (3,128,772 ds/min), 342,175,131 states left on queue.
Progress(41) at 2026-07-21 01:49:56: 23,437,174,031 states generated (13,925,535 s/min), 3,238,862,802 distinct states found (1,698,756 ds/min), 342,299,632 states left on queue.
Progress(41) at 2026-07-21 01:50:56: 23,463,431,607 states generated (26,257,576 s/min), 3,242,134,181 distinct states found (3,271,379 ds/min), 342,375,150 states left on queue.
Progress(41) at 2026-07-21 01:51:56: 23,489,812,815 states generated (26,381,208 s/min), 3,245,287,836 distinct states found (3,153,655 ds/min), 342,311,946 states left on queue.
Progress(41) at 2026-07-21 01:52:56: 23,515,524,148 states generated (25,711,333 s/min), 3,248,202,300 distinct states found (2,914,464 ds/min), 341,961,715 states left on queue.
Progress(41) at 2026-07-21 01:53:56: 23,542,092,091 states generated (26,567,943 s/min), 3,251,433,953 distinct states found (3,231,653 ds/min), 341,805,941 states left on queue.
Progress(41) at 2026-07-21 01:54:56: 23,570,098,921 states generated (28,006,830 s/min), 3,255,210,992 distinct states found (3,777,039 ds/min), 342,347,405 states left on queue.
Progress(41) at 2026-07-21 01:55:56: 23,598,735,208 states generated (28,636,287 s/min), 3,258,716,107 distinct states found (3,505,115 ds/min), 342,491,880 states left on queue.
Checkpointing of run states/26-07-20-11-22-39
Checkpointing completed at (2026-07-21 01:56:59)
Progress(41) at 2026-07-21 01:56:59: 23,626,825,214 states generated (28,090,006 s/min), 3,262,108,251 distinct states found (3,392,144 ds/min), 342,372,529 states left on queue.
Progress(41) at 2026-07-21 01:57:59: 23,653,457,019 states generated (26,631,805 s/min), 3,265,355,175 distinct states found (3,246,924 ds/min), 342,303,840 states left on queue.
Progress(41) at 2026-07-21 01:58:59: 23,679,201,053 states generated (25,744,034 s/min), 3,268,800,257 distinct states found (3,445,082 ds/min), 342,416,735 states left on queue.
Progress(41) at 2026-07-21 01:59:59: 23,705,709,336 states generated (26,508,283 s/min), 3,272,331,411 distinct states found (3,531,154 ds/min), 342,548,588 states left on queue.
Progress(41) at 2026-07-21 02:00:59: 23,730,978,465 states generated (25,269,129 s/min), 3,275,338,799 distinct states found (3,007,388 ds/min), 342,313,689 states left on queue.
Progress(41) at 2026-07-21 02:01:59: 23,757,469,068 states generated (26,490,603 s/min), 3,278,502,576 distinct states found (3,163,777 ds/min), 342,410,922 states left on queue.
Progress(41) at 2026-07-21 02:02:59: 23,784,506,622 states generated (27,037,554 s/min), 3,281,655,414 distinct states found (3,152,838 ds/min), 342,379,516 states left on queue.
Progress(41) at 2026-07-21 02:03:59: 23,810,276,763 states generated (25,770,141 s/min), 3,285,043,133 distinct states found (3,387,719 ds/min), 342,691,523 states left on queue.
Progress(41) at 2026-07-21 02:04:59: 23,835,881,012 states generated (25,604,249 s/min), 3,288,131,517 distinct states found (3,088,384 ds/min), 342,757,782 states left on queue.
Progress(41) at 2026-07-21 02:05:59: 23,862,216,036 states generated (26,335,024 s/min), 3,291,480,241 distinct states found (3,348,724 ds/min), 343,090,959 states left on queue.
Progress(41) at 2026-07-21 02:06:59: 23,888,169,654 states generated (25,953,618 s/min), 3,294,603,031 distinct states found (3,122,790 ds/min), 343,183,026 states left on queue.
Progress(41) at 2026-07-21 02:07:59: 23,914,408,271 states generated (26,238,617 s/min), 3,297,776,397 distinct states found (3,173,366 ds/min), 343,362,687 states left on queue.
Progress(41) at 2026-07-21 02:08:59: 23,939,487,289 states generated (25,079,018 s/min), 3,300,791,096 distinct states found (3,014,699 ds/min), 343,365,403 states left on queue.
Progress(41) at 2026-07-21 02:09:59: 23,966,211,818 states generated (26,724,529 s/min), 3,303,858,565 distinct states found (3,067,469 ds/min), 342,965,156 states left on queue.
Progress(41) at 2026-07-21 02:10:59: 23,992,519,065 states generated (26,307,247 s/min), 3,307,005,515 distinct states found (3,146,950 ds/min), 342,613,510 states left on queue.
Progress(41) at 2026-07-21 02:11:59: 24,018,658,947 states generated (26,139,882 s/min), 3,310,336,800 distinct states found (3,331,285 ds/min), 342,716,221 states left on queue.
Progress(41) at 2026-07-21 02:12:59: 24,044,919,785 states generated (26,260,838 s/min), 3,313,970,590 distinct states found (3,633,790 ds/min), 342,975,193 states left on queue.
Progress(41) at 2026-07-21 02:13:59: 24,070,491,887 states generated (25,572,102 s/min), 3,317,040,892 distinct states found (3,070,302 ds/min), 342,798,739 states left on queue.
Progress(41) at 2026-07-21 02:14:59: 24,096,466,718 states generated (25,974,831 s/min), 3,320,157,427 distinct states found (3,116,535 ds/min), 342,595,616 states left on queue.
Progress(41) at 2026-07-21 02:15:59: 24,123,830,079 states generated (27,363,361 s/min), 3,323,431,496 distinct states found (3,274,069 ds/min), 342,439,130 states left on queue.
Progress(41) at 2026-07-21 02:16:59: 24,150,484,507 states generated (26,654,428 s/min), 3,326,525,034 distinct states found (3,093,538 ds/min), 342,033,649 states left on queue.
Progress(41) at 2026-07-21 02:17:59: 24,178,409,122 states generated (27,924,615 s/min), 3,329,442,166 distinct states found (2,917,132 ds/min), 341,678,508 states left on queue.
Progress(41) at 2026-07-21 02:18:59: 24,206,527,845 states generated (28,118,723 s/min), 3,332,481,916 distinct states found (3,039,750 ds/min), 341,294,362 states left on queue.
Progress(41) at 2026-07-21 02:19:59: 24,234,559,886 states generated (28,032,041 s/min), 3,335,921,365 distinct states found (3,439,449 ds/min), 341,302,506 states left on queue.
Progress(41) at 2026-07-21 02:20:59: 24,260,192,163 states generated (25,632,277 s/min), 3,339,300,464 distinct states found (3,379,099 ds/min), 341,142,616 states left on queue.
Progress(41) at 2026-07-21 02:21:59: 24,286,939,015 states generated (26,746,852 s/min), 3,342,322,546 distinct states found (3,022,082 ds/min), 340,637,240 states left on queue.
Progress(41) at 2026-07-21 02:22:59: 24,314,955,620 states generated (28,016,605 s/min), 3,345,569,298 distinct states found (3,246,752 ds/min), 340,670,310 states left on queue.
Progress(41) at 2026-07-21 02:23:59: 24,343,179,221 states generated (28,223,601 s/min), 3,348,948,070 distinct states found (3,378,772 ds/min), 340,757,332 states left on queue.
Progress(41) at 2026-07-21 02:24:59: 24,371,278,989 states generated (28,099,768 s/min), 3,352,273,058 distinct states found (3,324,988 ds/min), 340,686,005 states left on queue.
Progress(41) at 2026-07-21 02:25:59: 24,398,296,590 states generated (27,017,601 s/min), 3,355,282,252 distinct states found (3,009,194 ds/min), 340,447,601 states left on queue.
Checkpointing of run states/26-07-20-11-22-39
Checkpointing completed at (2026-07-21 02:27:02)
Progress(41) at 2026-07-21 02:27:02: 24,425,762,333 states generated (27,465,743 s/min), 3,358,407,165 distinct states found (3,124,913 ds/min), 340,013,391 states left on queue.
Progress(41) at 2026-07-21 02:28:02: 24,451,477,639 states generated (25,715,306 s/min), 3,361,360,681 distinct states found (2,953,516 ds/min), 339,747,669 states left on queue.
Progress(41) at 2026-07-21 02:29:02: 24,477,614,089 states generated (26,136,450 s/min), 3,364,340,122 distinct states found (2,979,441 ds/min), 339,684,293 states left on queue.
Progress(41) at 2026-07-21 02:30:02: 24,504,448,835 states generated (26,834,746 s/min), 3,367,084,110 distinct states found (2,743,988 ds/min), 339,338,012 states left on queue.
Progress(41) at 2026-07-21 02:31:02: 24,531,355,758 states generated (26,906,923 s/min), 3,369,982,177 distinct states found (2,898,067 ds/min), 338,962,619 states left on queue.
Progress(41) at 2026-07-21 02:32:02: 24,558,826,945 states generated (27,471,187 s/min), 3,372,935,883 distinct states found (2,953,706 ds/min), 338,676,604 states left on queue.
Progress(41) at 2026-07-21 02:33:02: 24,585,151,844 states generated (26,324,899 s/min), 3,376,016,695 distinct states found (3,080,812 ds/min), 338,520,138 states left on queue.
Progress(41) at 2026-07-21 02:34:02: 24,611,145,918 states generated (25,994,074 s/min), 3,378,837,658 distinct states found (2,820,963 ds/min), 338,099,008 states left on queue.
Progress(41) at 2026-07-21 02:35:02: 24,636,992,788 states generated (25,846,870 s/min), 3,381,744,115 distinct states found (2,906,457 ds/min), 337,837,684 states left on queue.
Progress(41) at 2026-07-21 02:36:02: 24,663,043,210 states generated (26,050,422 s/min), 3,384,761,222 distinct states found (3,017,107 ds/min), 337,596,566 states left on queue.
Progress(41) at 2026-07-21 02:37:02: 24,692,513,911 states generated (29,470,701 s/min), 3,388,584,337 distinct states found (3,823,115 ds/min), 338,086,414 states left on queue.
Progress(41) at 2026-07-21 02:38:02: 24,721,616,134 states generated (29,102,223 s/min), 3,392,152,231 distinct states found (3,567,894 ds/min), 338,082,338 states left on queue.
Progress(41) at 2026-07-21 02:39:02: 24,750,403,521 states generated (28,787,387 s/min), 3,395,643,793 distinct states found (3,491,562 ds/min), 338,277,782 states left on queue.
Progress(41) at 2026-07-21 02:40:02: 24,777,897,331 states generated (27,493,810 s/min), 3,398,759,018 distinct states found (3,115,225 ds/min), 338,308,358 states left on queue.
Progress(41) at 2026-07-21 02:41:02: 24,804,993,479 states generated (27,096,148 s/min), 3,402,014,466 distinct states found (3,255,448 ds/min), 338,328,058 states left on queue.
Progress(41) at 2026-07-21 02:42:02: 24,831,447,579 states generated (26,454,100 s/min), 3,404,878,620 distinct states found (2,864,154 ds/min), 338,031,163 states left on queue.
Progress(41) at 2026-07-21 02:43:11: 24,846,022,707 states generated (14,575,128 s/min), 3,406,567,743 distinct states found (1,689,123 ds/min), 337,991,798 states left on queue.
Progress(41) at 2026-07-21 02:44:11: 24,873,381,188 states generated (27,358,481 s/min), 3,409,719,042 distinct states found (3,151,299 ds/min), 337,872,789 states left on queue.
Progress(41) at 2026-07-21 02:45:11: 24,901,134,674 states generated (27,753,486 s/min), 3,413,061,936 distinct states found (3,342,894 ds/min), 338,253,209 states left on queue.
Progress(41) at 2026-07-21 02:46:11: 24,928,510,189 states generated (27,375,515 s/min), 3,416,252,345 distinct states found (3,190,409 ds/min), 338,289,535 states left on queue.
Progress(41) at 2026-07-21 02:47:11: 24,956,001,633 states generated (27,491,444 s/min), 3,419,373,377 distinct states found (3,121,032 ds/min), 338,376,792 states left on queue.
Progress(41) at 2026-07-21 02:48:11: 24,983,960,871 states generated (27,959,238 s/min), 3,422,811,899 distinct states found (3,438,522 ds/min), 338,536,694 states left on queue.
Progress(41) at 2026-07-21 02:49:11: 25,011,293,251 states generated (27,332,380 s/min), 3,426,311,985 distinct states found (3,500,086 ds/min), 338,865,995 states left on queue.
Progress(41) at 2026-07-21 02:50:11: 25,038,588,784 states generated (27,295,533 s/min), 3,429,455,965 distinct states found (3,143,980 ds/min), 338,769,927 states left on queue.
Progress(41) at 2026-07-21 02:51:11: 25,065,782,182 states generated (27,193,398 s/min), 3,432,640,849 distinct states found (3,184,884 ds/min), 338,599,983 states left on queue.
Progress(41) at 2026-07-21 02:52:11: 25,092,948,613 states generated (27,166,431 s/min), 3,435,972,302 distinct states found (3,331,453 ds/min), 338,734,517 states left on queue.
Progress(41) at 2026-07-21 02:53:11: 25,120,365,964 states generated (27,417,351 s/min), 3,439,288,448 distinct states found (3,316,146 ds/min), 338,761,680 states left on queue.
Progress(41) at 2026-07-21 02:54:11: 25,147,595,878 states generated (27,229,914 s/min), 3,442,415,678 distinct states found (3,127,230 ds/min), 338,470,443 states left on queue.
Progress(41) at 2026-07-21 02:55:11: 25,174,930,745 states generated (27,334,867 s/min), 3,445,671,127 distinct states found (3,255,449 ds/min), 338,569,535 states left on queue.
Progress(41) at 2026-07-21 02:56:11: 25,201,177,863 states generated (26,247,118 s/min), 3,448,465,271 distinct states found (2,794,144 ds/min), 338,302,565 states left on queue.
Checkpointing of run states/26-07-20-11-22-39
Checkpointing completed at (2026-07-21 02:57:14)
Progress(41) at 2026-07-21 02:57:14: 25,228,142,847 states generated (26,964,984 s/min), 3,451,632,340 distinct states found (3,167,069 ds/min), 338,021,791 states left on queue.
Progress(41) at 2026-07-21 02:58:14: 25,256,613,361 states generated (28,470,514 s/min), 3,455,424,595 distinct states found (3,792,255 ds/min), 338,200,323 states left on queue.
Progress(41) at 2026-07-21 02:59:14: 25,283,976,971 states generated (27,363,610 s/min), 3,458,864,220 distinct states found (3,439,625 ds/min), 338,222,012 states left on queue.
Progress(41) at 2026-07-21 03:00:14: 25,312,274,779 states generated (28,297,808 s/min), 3,462,401,275 distinct states found (3,537,055 ds/min), 338,149,262 states left on queue.
Progress(41) at 2026-07-21 03:01:14: 25,339,339,196 states generated (27,064,417 s/min), 3,465,501,257 distinct states found (3,099,982 ds/min), 337,794,251 states left on queue.
Progress(41) at 2026-07-21 03:02:14: 25,365,061,705 states generated (25,722,509 s/min), 3,468,736,717 distinct states found (3,235,460 ds/min), 337,508,296 states left on queue.
Progress(41) at 2026-07-21 03:03:14: 25,392,113,656 states generated (27,051,951 s/min), 3,471,770,126 distinct states found (3,033,409 ds/min), 337,033,863 states left on queue.
Progress(41) at 2026-07-21 03:04:14: 25,418,539,652 states generated (26,425,996 s/min), 3,474,596,665 distinct states found (2,826,539 ds/min), 336,558,964 states left on queue.
Progress(41) at 2026-07-21 03:05:14: 25,444,673,221 states generated (26,133,569 s/min), 3,477,276,898 distinct states found (2,680,233 ds/min), 335,954,453 states left on queue.
Progress(41) at 2026-07-21 03:06:14: 25,474,633,970 states generated (29,960,749 s/min), 3,480,822,714 distinct states found (3,545,816 ds/min), 335,936,869 states left on queue.
Progress(41) at 2026-07-21 03:07:14: 25,503,935,541 states generated (29,301,571 s/min), 3,484,051,799 distinct states found (3,229,085 ds/min), 335,635,458 states left on queue.
Progress(41) at 2026-07-21 03:08:14: 25,530,813,408 states generated (26,877,867 s/min), 3,487,275,386 distinct states found (3,223,587 ds/min), 335,567,318 states left on queue.
Progress(41) at 2026-07-21 03:09:14: 25,557,167,252 states generated (26,353,844 s/min), 3,490,301,552 distinct states found (3,026,166 ds/min), 335,366,717 states left on queue.
Progress(41) at 2026-07-21 03:10:14: 25,583,528,463 states generated (26,361,211 s/min), 3,493,285,663 distinct states found (2,984,111 ds/min), 334,920,491 states left on queue.
Progress(41) at 2026-07-21 03:11:14: 25,610,848,251 states generated (27,319,788 s/min), 3,496,260,144 distinct states found (2,974,481 ds/min), 334,456,074 states left on queue.
Progress(41) at 2026-07-21 03:12:14: 25,641,572,266 states generated (30,724,015 s/min), 3,499,782,340 distinct states found (3,522,196 ds/min), 334,423,685 states left on queue.
Progress(41) at 2026-07-21 03:13:14: 25,671,392,326 states generated (29,820,060 s/min), 3,503,513,831 distinct states found (3,731,491 ds/min), 334,557,666 states left on queue.
Progress(41) at 2026-07-21 03:14:14: 25,700,756,686 states generated (29,364,360 s/min), 3,506,887,308 distinct states found (3,373,477 ds/min), 334,360,539 states left on queue.
Progress(41) at 2026-07-21 03:15:14: 25,728,531,417 states generated (27,774,731 s/min), 3,510,181,421 distinct states found (3,294,113 ds/min), 334,172,810 states left on queue.
Progress(41) at 2026-07-21 03:16:14: 25,755,423,826 states generated (26,892,409 s/min), 3,513,437,138 distinct states found (3,255,717 ds/min), 333,903,199 states left on queue.
Progress(41) at 2026-07-21 03:17:14: 25,782,218,695 states generated (26,794,869 s/min), 3,516,594,698 distinct states found (3,157,560 ds/min), 333,582,525 states left on queue.
Progress(41) at 2026-07-21 03:18:14: 25,809,818,586 states generated (27,599,891 s/min), 3,519,961,221 distinct states found (3,366,523 ds/min), 333,755,198 states left on queue.
Progress(41) at 2026-07-21 03:19:14: 25,836,296,623 states generated (26,478,037 s/min), 3,522,969,106 distinct states found (3,007,885 ds/min), 333,596,259 states left on queue.
Progress(42) at 2026-07-21 03:20:14: 25,862,578,068 states generated (26,281,445 s/min), 3,525,986,151 distinct states found (3,017,045 ds/min), 333,359,844 states left on queue.
Progress(42) at 2026-07-21 03:21:14: 25,888,967,510 states generated (26,389,442 s/min), 3,529,255,409 distinct states found (3,269,258 ds/min), 333,447,502 states left on queue.
Progress(42) at 2026-07-21 03:22:14: 25,915,751,995 states generated (26,784,485 s/min), 3,532,238,848 distinct states found (2,983,439 ds/min), 333,019,470 states left on queue.
Progress(42) at 2026-07-21 03:23:14: 25,943,188,625 states generated (27,436,630 s/min), 3,535,452,549 distinct states found (3,213,701 ds/min), 332,689,661 states left on queue.
Progress(42) at 2026-07-21 03:24:14: 25,972,233,336 states generated (29,044,711 s/min), 3,538,947,290 distinct states found (3,494,741 ds/min), 332,366,256 states left on queue.
Progress(42) at 2026-07-21 03:25:14: 25,998,951,738 states generated (26,718,402 s/min), 3,541,876,569 distinct states found (2,929,279 ds/min), 331,802,081 states left on queue.
Progress(42) at 2026-07-21 03:26:14: 26,025,518,400 states generated (26,566,662 s/min), 3,544,896,820 distinct states found (3,020,251 ds/min), 331,322,157 states left on queue.
Checkpointing of run states/26-07-20-11-22-39
Checkpointing completed at (2026-07-21 03:27:17)
Progress(42) at 2026-07-21 03:27:17: 26,053,008,901 states generated (27,490,501 s/min), 3,548,142,813 distinct states found (3,245,993 ds/min), 331,298,278 states left on queue.
Progress(42) at 2026-07-21 03:28:51: 26,076,875,432 states generated (23,866,531 s/min), 3,551,010,594 distinct states found (2,867,781 ds/min), 331,435,945 states left on queue.
Progress(42) at 2026-07-21 03:29:51: 26,104,995,513 states generated (28,120,081 s/min), 3,554,429,325 distinct states found (3,418,731 ds/min), 331,436,350 states left on queue.
Progress(42) at 2026-07-21 03:30:51: 26,131,509,533 states generated (26,514,020 s/min), 3,557,775,128 distinct states found (3,345,803 ds/min), 331,575,519 states left on queue.
Progress(42) at 2026-07-21 03:31:51: 26,157,580,939 states generated (26,071,406 s/min), 3,560,715,786 distinct states found (2,940,658 ds/min), 331,363,110 states left on queue.
Progress(42) at 2026-07-21 03:32:51: 26,184,289,095 states generated (26,708,156 s/min), 3,564,046,616 distinct states found (3,330,830 ds/min), 331,685,459 states left on queue.
Progress(42) at 2026-07-21 03:33:51: 26,210,597,751 states generated (26,308,656 s/min), 3,567,254,853 distinct states found (3,208,237 ds/min), 332,038,774 states left on queue.
Progress(42) at 2026-07-21 03:34:51: 26,237,523,747 states generated (26,925,996 s/min), 3,570,337,105 distinct states found (3,082,252 ds/min), 331,979,998 states left on queue.
Progress(42) at 2026-07-21 03:35:51: 26,264,164,480 states generated (26,640,733 s/min), 3,573,627,765 distinct states found (3,290,660 ds/min), 332,064,523 states left on queue.
Progress(42) at 2026-07-21 03:36:51: 26,290,395,777 states generated (26,231,297 s/min), 3,576,656,029 distinct states found (3,028,264 ds/min), 331,870,634 states left on queue.
Progress(42) at 2026-07-21 03:37:51: 26,316,152,469 states generated (25,756,692 s/min), 3,579,511,461 distinct states found (2,855,432 ds/min), 331,512,969 states left on queue.
Progress(42) at 2026-07-21 03:38:51: 26,342,538,764 states generated (26,386,295 s/min), 3,582,615,464 distinct states found (3,104,003 ds/min), 331,248,858 states left on queue.
Progress(42) at 2026-07-21 03:39:51: 26,370,310,283 states generated (27,771,519 s/min), 3,586,329,547 distinct states found (3,714,083 ds/min), 331,699,265 states left on queue.
Progress(42) at 2026-07-21 03:40:51: 26,398,856,061 states generated (28,545,778 s/min), 3,589,734,954 distinct states found (3,405,407 ds/min), 331,809,126 states left on queue.
Progress(42) at 2026-07-21 03:41:51: 26,425,888,141 states generated (27,032,080 s/min), 3,592,915,721 distinct states found (3,180,767 ds/min), 331,587,793 states left on queue.
Progress(42) at 2026-07-21 03:42:51: 26,452,629,410 states generated (26,741,269 s/min), 3,596,041,101 distinct states found (3,125,380 ds/min), 331,432,802 states left on queue.
Progress(42) at 2026-07-21 03:43:51: 26,478,544,664 states generated (25,915,254 s/min), 3,599,377,018 distinct states found (3,335,917 ds/min), 331,443,667 states left on queue.
Progress(42) at 2026-07-21 03:44:51: 26,504,619,484 states generated (26,074,820 s/min), 3,602,717,235 distinct states found (3,340,217 ds/min), 331,455,498 states left on queue.
Progress(42) at 2026-07-21 03:45:51: 26,530,440,747 states generated (25,821,263 s/min), 3,605,885,953 distinct states found (3,168,718 ds/min), 331,278,413 states left on queue.
Progress(42) at 2026-07-21 03:46:51: 26,556,629,422 states generated (26,188,675 s/min), 3,608,916,172 distinct states found (3,030,219 ds/min), 331,195,234 states left on queue.
Progress(42) at 2026-07-21 03:47:51: 26,583,699,392 states generated (27,069,970 s/min), 3,612,038,194 distinct states found (3,122,022 ds/min), 331,234,531 states left on queue.
Progress(42) at 2026-07-21 03:48:51: 26,609,832,898 states generated (26,133,506 s/min), 3,615,334,891 distinct states found (3,296,697 ds/min), 331,390,932 states left on queue.
Progress(42) at 2026-07-21 03:49:51: 26,635,047,894 states generated (25,214,996 s/min), 3,618,323,885 distinct states found (2,988,994 ds/min), 331,390,743 states left on queue.
Progress(42) at 2026-07-21 03:50:51: 26,661,679,560 states generated (26,631,666 s/min), 3,621,604,732 distinct states found (3,280,847 ds/min), 331,555,298 states left on queue.
Progress(42) at 2026-07-21 03:51:51: 26,687,283,158 states generated (25,603,598 s/min), 3,624,631,623 distinct states found (3,026,891 ds/min), 331,601,106 states left on queue.
Progress(42) at 2026-07-21 03:52:51: 26,713,284,146 states generated (26,000,988 s/min), 3,627,746,835 distinct states found (3,115,212 ds/min), 331,726,375 states left on queue.
Progress(42) at 2026-07-21 03:53:51: 26,739,039,947 states generated (25,755,801 s/min), 3,630,781,266 distinct states found (3,034,431 ds/min), 331,787,656 states left on queue.
Progress(42) at 2026-07-21 03:54:51: 26,764,310,014 states generated (25,270,067 s/min), 3,633,663,978 distinct states found (2,882,712 ds/min), 331,565,840 states left on queue.
Progress(42) at 2026-07-21 03:55:51: 26,791,645,702 states generated (27,335,688 s/min), 3,636,748,523 distinct states found (3,084,545 ds/min), 331,064,536 states left on queue.
Progress(42) at 2026-07-21 03:56:51: 26,817,406,122 states generated (25,760,420 s/min), 3,639,941,639 distinct states found (3,193,116 ds/min), 330,985,340 states left on queue.
Checkpointing of run states/26-07-20-11-22-39
Checkpointing completed at (2026-07-21 03:57:54)
Progress(42) at 2026-07-21 03:57:54: 26,844,431,539 states generated (27,025,417 s/min), 3,643,401,415 distinct states found (3,459,776 ds/min), 331,024,318 states left on queue.
Progress(42) at 2026-07-21 03:58:54: 26,870,186,341 states generated (25,754,802 s/min), 3,646,676,239 distinct states found (3,274,824 ds/min), 330,981,198 states left on queue.
Progress(42) at 2026-07-21 03:59:54: 26,895,750,236 states generated (25,563,895 s/min), 3,649,665,361 distinct states found (2,989,122 ds/min), 330,720,046 states left on queue.
Progress(42) at 2026-07-21 04:00:54: 26,922,618,259 states generated (26,868,023 s/min), 3,652,782,564 distinct states found (3,117,203 ds/min), 330,442,632 states left on queue.
Progress(42) at 2026-07-21 04:01:54: 26,949,204,546 states generated (26,586,287 s/min), 3,655,769,717 distinct states found (2,987,153 ds/min), 329,996,849 states left on queue.
Progress(42) at 2026-07-21 04:02:54: 26,976,910,924 states generated (27,706,378 s/min), 3,658,636,193 distinct states found (2,866,476 ds/min), 329,563,634 states left on queue.
Progress(42) at 2026-07-21 04:03:54: 27,004,946,478 states generated (28,035,554 s/min), 3,661,572,252 distinct states found (2,936,059 ds/min), 329,088,122 states left on queue.
Progress(42) at 2026-07-21 04:04:54: 27,032,645,368 states generated (27,698,890 s/min), 3,664,888,052 distinct states found (3,315,800 ds/min), 328,997,593 states left on queue.
Progress(42) at 2026-07-21 04:05:54: 27,058,200,168 states generated (25,554,800 s/min), 3,668,120,619 distinct states found (3,232,567 ds/min), 328,711,098 states left on queue.
Progress(42) at 2026-07-21 04:06:54: 27,085,032,759 states generated (26,832,591 s/min), 3,671,058,457 distinct states found (2,937,838 ds/min), 328,181,041 states left on queue.
Progress(42) at 2026-07-21 04:07:54: 27,113,401,622 states generated (28,368,863 s/min), 3,674,283,643 distinct states found (3,225,186 ds/min), 328,198,387 states left on queue.
Progress(42) at 2026-07-21 04:08:54: 27,141,294,153 states generated (27,892,531 s/min), 3,677,498,002 distinct states found (3,214,359 ds/min), 328,133,599 states left on queue.
Progress(42) at 2026-07-21 04:10:16: 27,162,683,753 states generated (21,389,600 s/min), 3,679,983,648 distinct states found (2,485,646 ds/min), 328,018,655 states left on queue.
Progress(42) at 2026-07-21 04:11:16: 27,189,707,409 states generated (27,023,656 s/min), 3,682,920,899 distinct states found (2,937,251 ds/min), 327,747,666 states left on queue.
Progress(42) at 2026-07-21 04:12:16: 27,215,737,950 states generated (26,030,541 s/min), 3,685,807,633 distinct states found (2,886,734 ds/min), 327,261,005 states left on queue.
Progress(42) at 2026-07-21 04:13:16: 27,241,565,759 states generated (25,827,809 s/min), 3,688,706,396 distinct states found (2,898,763 ds/min), 327,017,290 states left on queue.
Progress(42) at 2026-07-21 04:14:16: 27,267,672,803 states generated (26,107,044 s/min), 3,691,589,957 distinct states found (2,883,561 ds/min), 326,806,903 states left on queue.
Progress(42) at 2026-07-21 04:15:16: 27,294,740,166 states generated (27,067,363 s/min), 3,694,300,757 distinct states found (2,710,800 ds/min), 326,418,139 states left on queue.
Progress(42) at 2026-07-21 04:16:16: 27,321,675,801 states generated (26,935,635 s/min), 3,697,092,006 distinct states found (2,791,249 ds/min), 326,009,162 states left on queue.
Progress(42) at 2026-07-21 04:17:16: 27,348,836,867 states generated (27,161,066 s/min), 3,699,867,055 distinct states found (2,775,049 ds/min), 325,585,220 states left on queue.
Progress(42) at 2026-07-21 04:18:16: 27,374,408,511 states generated (25,571,644 s/min), 3,702,867,508 distinct states found (3,000,453 ds/min), 325,323,145 states left on queue.
Progress(42) at 2026-07-21 04:19:16: 27,400,679,057 states generated (26,270,546 s/min), 3,705,667,759 distinct states found (2,800,251 ds/min), 324,889,296 states left on queue.
Progress(42) at 2026-07-21 04:20:16: 27,426,213,100 states generated (25,534,043 s/min), 3,708,508,995 distinct states found (2,841,236 ds/min), 324,570,005 states left on queue.
Progress(42) at 2026-07-21 04:21:16: 27,455,038,175 states generated (28,825,075 s/min), 3,712,157,464 distinct states found (3,648,469 ds/min), 324,865,087 states left on queue.
Progress(42) at 2026-07-21 04:22:16: 27,484,457,887 states generated (29,419,712 s/min), 3,715,686,405 distinct states found (3,528,941 ds/min), 324,898,020 states left on queue.
Progress(42) at 2026-07-21 04:23:16: 27,513,419,295 states generated (28,961,408 s/min), 3,719,125,935 distinct states found (3,439,530 ds/min), 324,908,279 states left on queue.
Progress(42) at 2026-07-21 04:24:16: 27,541,339,921 states generated (27,920,626 s/min), 3,722,320,462 distinct states found (3,194,527 ds/min), 324,952,121 states left on queue.
Progress(42) at 2026-07-21 04:25:16: 27,568,308,827 states generated (26,968,906 s/min), 3,725,351,112 distinct states found (3,030,650 ds/min), 324,831,300 states left on queue.
Progress(42) at 2026-07-21 04:26:16: 27,595,337,188 states generated (27,028,361 s/min), 3,728,399,363 distinct states found (3,048,251 ds/min), 324,651,864 states left on queue.
Progress(42) at 2026-07-21 04:27:16: 27,621,696,110 states generated (26,358,922 s/min), 3,731,302,078 distinct states found (2,902,715 ds/min), 324,458,388 states left on queue.
Checkpointing of run states/26-07-20-11-22-39
Checkpointing completed at (2026-07-21 04:28:19)
Progress(42) at 2026-07-21 04:28:19: 27,650,577,901 states generated (28,881,791 s/min), 3,734,627,355 distinct states found (3,325,277 ds/min), 324,411,402 states left on queue.
Progress(42) at 2026-07-21 04:29:19: 27,678,104,315 states generated (27,526,414 s/min), 3,737,803,286 distinct states found (3,175,931 ds/min), 324,622,124 states left on queue.
Progress(42) at 2026-07-21 04:30:19: 27,705,418,910 states generated (27,314,595 s/min), 3,740,912,882 distinct states found (3,109,596 ds/min), 324,589,304 states left on queue.
Progress(42) at 2026-07-21 04:31:19: 27,732,886,279 states generated (27,467,369 s/min), 3,743,970,418 distinct states found (3,057,536 ds/min), 324,607,219 states left on queue.
Progress(42) at 2026-07-21 04:32:19: 27,760,789,658 states generated (27,903,379 s/min), 3,747,333,844 distinct states found (3,363,426 ds/min), 324,689,080 states left on queue.
Progress(42) at 2026-07-21 04:33:19: 27,788,503,636 states generated (27,713,978 s/min), 3,750,800,369 distinct states found (3,466,525 ds/min), 324,956,002 states left on queue.
Progress(42) at 2026-07-21 04:34:19: 27,815,402,708 states generated (26,899,072 s/min), 3,753,875,541 distinct states found (3,075,172 ds/min), 324,794,279 states left on queue.
Progress(42) at 2026-07-21 04:35:19: 27,842,566,000 states generated (27,163,292 s/min), 3,756,975,665 distinct states found (3,100,124 ds/min), 324,559,157 states left on queue.
Progress(42) at 2026-07-21 04:36:19: 27,869,570,547 states generated (27,004,547 s/min), 3,760,161,401 distinct states found (3,185,736 ds/min), 324,578,263 states left on queue.
Progress(42) at 2026-07-21 04:37:19: 27,897,088,621 states generated (27,518,074 s/min), 3,763,449,465 distinct states found (3,288,064 ds/min), 324,550,502 states left on queue.
Progress(42) at 2026-07-21 04:38:19: 27,924,193,648 states generated (27,105,027 s/min), 3,766,489,025 distinct states found (3,039,560 ds/min), 324,188,540 states left on queue.
Progress(42) at 2026-07-21 04:39:19: 27,951,552,035 states generated (27,358,387 s/min), 3,769,698,648 distinct states found (3,209,623 ds/min), 324,248,064 states left on queue.
Progress(42) at 2026-07-21 04:40:19: 27,977,618,449 states generated (26,066,414 s/min), 3,772,406,678 distinct states found (2,708,030 ds/min), 323,915,860 states left on queue.
Progress(42) at 2026-07-21 04:41:19: 28,003,406,339 states generated (25,787,890 s/min), 3,775,371,825 distinct states found (2,965,147 ds/min), 323,586,543 states left on queue.
Progress(42) at 2026-07-21 04:42:19: 28,031,846,338 states generated (28,439,999 s/min), 3,779,076,460 distinct states found (3,704,635 ds/min), 323,678,243 states left on queue.
Progress(42) at 2026-07-21 04:43:19: 28,059,192,094 states generated (27,345,756 s/min), 3,782,412,074 distinct states found (3,335,614 ds/min), 323,605,031 states left on queue.
Progress(42) at 2026-07-21 04:44:19: 28,087,338,234 states generated (28,146,140 s/min), 3,785,871,747 distinct states found (3,459,673 ds/min), 323,465,712 states left on queue.
Progress(42) at 2026-07-21 04:45:19: 28,114,189,539 states generated (26,851,305 s/min), 3,788,924,591 distinct states found (3,052,844 ds/min), 323,071,176 states left on queue.
Progress(42) at 2026-07-21 04:46:19: 28,139,851,901 states generated (25,662,362 s/min), 3,791,981,264 distinct states found (3,056,673 ds/min), 322,642,348 states left on queue.
Progress(42) at 2026-07-21 04:47:20: 28,167,273,956 states generated (27,422,055 s/min), 3,794,865,221 distinct states found (2,883,957 ds/min), 322,029,995 states left on queue.
Progress(42) at 2026-07-21 04:48:20: 28,192,633,659 states generated (25,359,703 s/min), 3,797,532,443 distinct states found (2,667,222 ds/min), 321,568,611 states left on queue.
Progress(42) at 2026-07-21 04:49:33: 28,209,539,160 states generated (16,905,501 s/min), 3,799,298,905 distinct states found (1,766,462 ds/min), 321,259,590 states left on queue.
Progress(42) at 2026-07-21 04:50:33: 28,239,727,538 states generated (30,188,378 s/min), 3,802,783,765 distinct states found (3,484,860 ds/min), 321,091,443 states left on queue.
Progress(42) at 2026-07-21 04:51:33: 28,267,677,961 states generated (27,950,423 s/min), 3,805,756,800 distinct states found (2,973,035 ds/min), 320,702,266 states left on queue.
Progress(42) at 2026-07-21 04:52:33: 28,294,798,489 states generated (27,120,528 s/min), 3,808,923,105 distinct states found (3,166,305 ds/min), 320,549,447 states left on queue.
Progress(42) at 2026-07-21 04:53:33: 28,320,668,764 states generated (25,870,275 s/min), 3,811,789,700 distinct states found (2,866,595 ds/min), 320,193,107 states left on queue.
Progress(42) at 2026-07-21 04:54:33: 28,347,612,947 states generated (26,944,183 s/min), 3,814,667,578 distinct states found (2,877,878 ds/min), 319,640,674 states left on queue.
Progress(42) at 2026-07-21 04:55:33: 28,377,416,260 states generated (29,803,313 s/min), 3,818,000,877 distinct states found (3,333,299 ds/min), 319,453,731 states left on queue.
Progress(42) at 2026-07-21 04:56:33: 28,407,203,540 states generated (29,787,280 s/min), 3,821,525,347 distinct states found (3,524,470 ds/min), 319,373,386 states left on queue.
Progress(42) at 2026-07-21 04:57:33: 28,436,546,622 states generated (29,343,082 s/min), 3,824,886,996 distinct states found (3,361,649 ds/min), 319,103,236 states left on queue.
Checkpointing of run states/26-07-20-11-22-39
Checkpointing completed at (2026-07-21 04:58:36)
Progress(42) at 2026-07-21 04:58:36: 28,466,462,354 states generated (29,915,732 s/min), 3,828,206,927 distinct states found (3,319,931 ds/min), 318,783,355 states left on queue.
Progress(42) at 2026-07-21 04:59:36: 28,493,285,962 states generated (26,823,608 s/min), 3,831,381,133 distinct states found (3,174,206 ds/min), 318,461,344 states left on queue.
Progress(42) at 2026-07-21 05:00:36: 28,520,038,261 states generated (26,752,299 s/min), 3,834,481,810 distinct states found (3,100,677 ds/min), 318,082,864 states left on queue.
Progress(42) at 2026-07-21 05:01:36: 28,547,604,560 states generated (27,566,299 s/min), 3,837,744,933 distinct states found (3,263,123 ds/min), 318,157,387 states left on queue.
Progress(42) at 2026-07-21 05:02:36: 28,574,277,539 states generated (26,672,979 s/min), 3,840,675,553 distinct states found (2,930,620 ds/min), 317,922,146 states left on queue.
Progress(43) at 2026-07-21 05:03:36: 28,600,357,990 states generated (26,080,451 s/min), 3,843,616,010 distinct states found (2,940,457 ds/min), 317,646,253 states left on queue.
Progress(43) at 2026-07-21 05:04:36: 28,626,811,677 states generated (26,453,687 s/min), 3,846,869,714 distinct states found (3,253,704 ds/min), 317,734,965 states left on queue.
Progress(43) at 2026-07-21 05:05:36: 28,653,479,905 states generated (26,668,228 s/min), 3,849,751,914 distinct states found (2,882,200 ds/min), 317,231,146 states left on queue.
Progress(43) at 2026-07-21 05:06:36: 28,681,194,258 states generated (27,714,353 s/min), 3,852,952,596 distinct states found (3,200,682 ds/min), 316,837,144 states left on queue.
Progress(43) at 2026-07-21 05:07:36: 28,709,676,948 states generated (28,482,690 s/min), 3,856,247,225 distinct states found (3,294,629 ds/min), 316,383,568 states left on queue.
Progress(43) at 2026-07-21 05:08:36: 28,736,458,123 states generated (26,781,175 s/min), 3,859,144,574 distinct states found (2,897,349 ds/min), 315,762,791 states left on queue.
Progress(43) at 2026-07-21 05:09:36: 28,762,613,395 states generated (26,155,272 s/min), 3,862,050,596 distinct states found (2,906,022 ds/min), 315,405,173 states left on queue.
Progress(43) at 2026-07-21 05:10:36: 28,788,531,523 states generated (25,918,128 s/min), 3,865,149,176 distinct states found (3,098,580 ds/min), 315,513,456 states left on queue.
Progress(43) at 2026-07-21 05:11:36: 28,815,195,093 states generated (26,663,570 s/min), 3,868,293,676 distinct states found (3,144,500 ds/min), 315,504,731 states left on queue.
Progress(43) at 2026-07-21 05:12:36: 28,842,549,158 states generated (27,354,065 s/min), 3,871,577,594 distinct states found (3,283,918 ds/min), 315,427,177 states left on queue.
Progress(43) at 2026-07-21 05:13:36: 28,868,403,973 states generated (25,854,815 s/min), 3,874,480,333 distinct states found (2,902,739 ds/min), 315,203,576 states left on queue.
Progress(43) at 2026-07-21 05:14:36: 28,895,435,409 states generated (27,031,436 s/min), 3,877,756,497 distinct states found (3,276,164 ds/min), 315,364,539 states left on queue.
Progress(43) at 2026-07-21 05:15:36: 28,921,644,043 states generated (26,208,634 s/min), 3,880,911,114 distinct states found (3,154,617 ds/min), 315,621,012 states left on queue.
Progress(43) at 2026-07-21 05:16:36: 28,947,954,830 states generated (26,310,787 s/min), 3,883,969,748 distinct states found (3,058,634 ds/min), 315,715,999 states left on queue.
Progress(43) at 2026-07-21 05:17:36: 28,975,536,995 states generated (27,582,165 s/min), 3,887,048,415 distinct states found (3,078,667 ds/min), 315,604,772 states left on queue.
Progress(43) at 2026-07-21 05:18:36: 29,001,288,802 states generated (25,751,807 s/min), 3,890,124,478 distinct states found (3,076,063 ds/min), 315,512,445 states left on queue.
Progress(43) at 2026-07-21 05:19:36: 29,027,377,055 states generated (26,088,253 s/min), 3,893,068,442 distinct states found (2,943,964 ds/min), 315,289,303 states left on queue.
Progress(43) at 2026-07-21 05:20:36: 29,053,490,499 states generated (26,113,444 s/min), 3,895,803,711 distinct states found (2,735,269 ds/min), 314,729,782 states left on queue.
Progress(43) at 2026-07-21 05:21:36: 29,080,737,804 states generated (27,247,305 s/min), 3,899,382,627 distinct states found (3,578,916 ds/min), 314,967,116 states left on queue.
Progress(43) at 2026-07-21 05:22:36: 29,108,601,154 states generated (27,863,350 s/min), 3,902,676,535 distinct states found (3,293,908 ds/min), 314,993,308 states left on queue.
Progress(43) at 2026-07-21 05:23:36: 29,136,405,596 states generated (27,804,442 s/min), 3,905,974,381 distinct states found (3,297,846 ds/min), 314,933,036 states left on queue.
Progress(43) at 2026-07-21 05:24:37: 29,163,251,609 states generated (26,846,013 s/min), 3,909,013,961 distinct states found (3,039,580 ds/min), 314,706,780 states left on queue.
Progress(43) at 2026-07-21 05:26:16: 29,188,902,663 states generated (25,651,054 s/min), 3,911,963,908 distinct states found (2,949,947 ds/min), 314,428,720 states left on queue.
Progress(43) at 2026-07-21 05:27:16: 29,214,623,379 states generated (25,720,716 s/min), 3,915,304,640 distinct states found (3,340,732 ds/min), 314,458,258 states left on queue.
Progress(43) at 2026-07-21 05:28:16: 29,241,016,545 states generated (26,393,166 s/min), 3,918,580,657 distinct states found (3,276,017 ds/min), 314,314,963 states left on queue.
Checkpointing of run states/26-07-20-11-22-39
Checkpointing completed at (2026-07-21 05:29:19)
Progress(43) at 2026-07-21 05:29:19: 29,267,499,546 states generated (26,483,001 s/min), 3,921,461,108 distinct states found (2,880,451 ds/min), 313,854,821 states left on queue.
Progress(43) at 2026-07-21 05:30:19: 29,294,200,333 states generated (26,700,787 s/min), 3,924,661,554 distinct states found (3,200,446 ds/min), 314,154,312 states left on queue.
Progress(43) at 2026-07-21 05:31:19: 29,320,895,461 states generated (26,695,128 s/min), 3,927,692,092 distinct states found (3,030,538 ds/min), 313,960,106 states left on queue.
Progress(43) at 2026-07-21 05:32:19: 29,346,416,760 states generated (25,521,299 s/min), 3,930,846,075 distinct states found (3,153,983 ds/min), 314,060,462 states left on queue.
Progress(43) at 2026-07-21 05:33:19: 29,371,966,053 states generated (25,549,293 s/min), 3,933,727,515 distinct states found (2,881,440 ds/min), 313,891,819 states left on queue.
Progress(43) at 2026-07-21 05:34:19: 29,398,704,796 states generated (26,738,743 s/min), 3,937,089,948 distinct states found (3,362,433 ds/min), 314,219,491 states left on queue.
Progress(43) at 2026-07-21 05:35:19: 29,424,569,069 states generated (25,864,273 s/min), 3,940,031,501 distinct states found (2,941,553 ds/min), 314,139,827 states left on queue.
Progress(43) at 2026-07-21 05:36:19: 29,450,633,948 states generated (26,064,879 s/min), 3,943,057,086 distinct states found (3,025,585 ds/min), 314,209,276 states left on queue.
Progress(43) at 2026-07-21 05:37:19: 29,475,671,387 states generated (25,037,439 s/min), 3,945,850,436 distinct states found (2,793,350 ds/min), 314,036,491 states left on queue.
Progress(43) at 2026-07-21 05:38:19: 29,502,102,164 states generated (26,430,777 s/min), 3,948,791,562 distinct states found (2,941,126 ds/min), 313,642,560 states left on queue.
Progress(43) at 2026-07-21 05:39:19: 29,528,237,702 states generated (26,135,538 s/min), 3,951,801,920 distinct states found (3,010,358 ds/min), 313,212,940 states left on queue.
Progress(43) at 2026-07-21 05:40:19: 29,554,372,795 states generated (26,135,093 s/min), 3,954,928,267 distinct states found (3,126,347 ds/min), 313,108,216 states left on queue.
Progress(43) at 2026-07-21 05:41:19: 29,580,621,656 states generated (26,248,861 s/min), 3,958,404,052 distinct states found (3,475,785 ds/min), 313,208,000 states left on queue.
Progress(43) at 2026-07-21 05:42:19: 29,605,944,615 states generated (25,322,959 s/min), 3,961,280,228 distinct states found (2,876,176 ds/min), 312,881,547 states left on queue.
Progress(43) at 2026-07-21 05:43:19: 29,632,046,045 states generated (26,101,430 s/min), 3,964,144,517 distinct states found (2,864,289 ds/min), 312,440,202 states left on queue.
Progress(43) at 2026-07-21 05:44:19: 29,658,787,384 states generated (26,741,339 s/min), 3,967,253,944 distinct states found (3,109,427 ds/min), 312,124,580 states left on queue.
Progress(43) at 2026-07-21 05:45:19: 29,686,237,532 states generated (27,450,148 s/min), 3,970,031,809 distinct states found (2,777,865 ds/min), 311,578,107 states left on queue.
Progress(43) at 2026-07-21 05:46:19: 29,714,344,815 states generated (28,107,283 s/min), 3,972,908,007 distinct states found (2,876,198 ds/min), 311,047,178 states left on queue.
Progress(43) at 2026-07-21 05:47:19: 29,741,397,904 states generated (27,053,089 s/min), 3,976,127,659 distinct states found (3,219,652 ds/min), 310,898,447 states left on queue.
Progress(43) at 2026-07-21 05:48:19: 29,767,188,459 states generated (25,790,555 s/min), 3,979,165,329 distinct states found (3,037,670 ds/min), 310,404,790 states left on queue.
Progress(43) at 2026-07-21 05:49:19: 29,794,466,884 states generated (27,278,425 s/min), 3,982,140,413 distinct states found (2,975,084 ds/min), 310,086,296 states left on queue.
Progress(43) at 2026-07-21 05:50:19: 29,822,731,366 states generated (28,264,482 s/min), 3,985,209,096 distinct states found (3,068,683 ds/min), 309,880,268 states left on queue.
Progress(43) at 2026-07-21 05:51:19: 29,850,330,353 states generated (27,598,987 s/min), 3,988,341,978 distinct states found (3,132,882 ds/min), 309,685,513 states left on queue.
Progress(43) at 2026-07-21 05:52:19: 29,878,071,042 states generated (27,740,689 s/min), 3,991,317,499 distinct states found (2,975,521 ds/min), 309,430,150 states left on queue.
Progress(43) at 2026-07-21 05:53:19: 29,904,451,580 states generated (26,380,538 s/min), 3,994,187,936 distinct states found (2,870,437 ds/min), 308,957,347 states left on queue.
Progress(43) at 2026-07-21 05:54:19: 29,930,097,789 states generated (25,646,209 s/min), 3,997,010,661 distinct states found (2,822,725 ds/min), 308,602,968 states left on queue.
Progress(43) at 2026-07-21 05:55:19: 29,956,267,919 states generated (26,170,130 s/min), 3,999,822,735 distinct states found (2,812,074 ds/min), 308,362,848 states left on queue.
Progress(43) at 2026-07-21 05:56:19: 29,983,200,881 states generated (26,932,962 s/min), 4,002,441,235 distinct states found (2,618,500 ds/min), 307,890,485 states left on queue.
Progress(43) at 2026-07-21 05:57:19: 30,010,069,608 states generated (26,868,727 s/min), 4,005,151,043 distinct states found (2,709,808 ds/min), 307,408,536 states left on queue.
Progress(43) at 2026-07-21 05:58:19: 30,036,761,541 states generated (26,691,933 s/min), 4,007,996,944 distinct states found (2,845,901 ds/min), 307,024,918 states left on queue.
Checkpointing of run states/26-07-20-11-22-39
Checkpointing completed at (2026-07-21 05:59:22)
Progress(43) at 2026-07-21 05:59:22: 30,063,638,687 states generated (26,877,146 s/min), 4,010,824,733 distinct states found (2,827,789 ds/min), 306,449,903 states left on queue.
Progress(43) at 2026-07-21 06:00:22: 30,089,524,611 states generated (25,885,924 s/min), 4,013,529,801 distinct states found (2,705,068 ds/min), 306,062,963 states left on queue.
Progress(43) at 2026-07-21 06:01:22: 30,117,435,505 states generated (27,910,894 s/min), 4,016,939,460 distinct states found (3,409,659 ds/min), 306,101,164 states left on queue.
Progress(43) at 2026-07-21 06:02:37: 30,134,724,656 states generated (17,289,151 s/min), 4,019,020,280 distinct states found (2,080,820 ds/min), 306,202,244 states left on queue.
Progress(43) at 2026-07-21 06:03:37: 30,163,672,665 states generated (28,948,009 s/min), 4,022,396,724 distinct states found (3,376,444 ds/min), 306,009,671 states left on queue.
Progress(43) at 2026-07-21 06:04:37: 30,192,684,547 states generated (29,011,882 s/min), 4,025,728,407 distinct states found (3,331,683 ds/min), 305,956,405 states left on queue.
Progress(43) at 2026-07-21 06:05:37: 30,219,893,236 states generated (27,208,689 s/min), 4,028,737,953 distinct states found (3,009,546 ds/min), 305,936,490 states left on queue.
Progress(43) at 2026-07-21 06:06:37: 30,247,204,746 states generated (27,311,510 s/min), 4,031,839,159 distinct states found (3,101,206 ds/min), 305,839,260 states left on queue.
Progress(43) at 2026-07-21 06:07:37: 30,273,706,449 states generated (26,501,703 s/min), 4,034,654,346 distinct states found (2,815,187 ds/min), 305,512,504 states left on queue.
Progress(43) at 2026-07-21 06:08:37: 30,300,151,659 states generated (26,445,210 s/min), 4,037,472,638 distinct states found (2,818,292 ds/min), 305,188,589 states left on queue.
Progress(43) at 2026-07-21 06:09:37: 30,327,985,553 states generated (27,833,894 s/min), 4,040,742,922 distinct states found (3,270,284 ds/min), 305,328,983 states left on queue.
Progress(43) at 2026-07-21 06:10:37: 30,355,578,516 states generated (27,592,963 s/min), 4,043,771,454 distinct states found (3,028,532 ds/min), 305,373,743 states left on queue.
Progress(43) at 2026-07-21 06:11:37: 30,382,554,679 states generated (26,976,163 s/min), 4,046,726,192 distinct states found (2,954,738 ds/min), 305,215,409 states left on queue.
Progress(43) at 2026-07-21 06:12:37: 30,410,027,142 states generated (27,472,463 s/min), 4,049,732,904 distinct states found (3,006,712 ds/min), 305,168,255 states left on queue.
Progress(43) at 2026-07-21 06:13:37: 30,438,073,243 states generated (28,046,101 s/min), 4,053,200,014 distinct states found (3,467,110 ds/min), 305,282,626 states left on queue.
Progress(43) at 2026-07-21 06:14:37: 30,465,446,602 states generated (27,373,359 s/min), 4,056,483,277 distinct states found (3,283,263 ds/min), 305,365,326 states left on queue.
Progress(43) at 2026-07-21 06:15:37: 30,492,414,951 states generated (26,968,349 s/min), 4,059,426,030 distinct states found (2,942,753 ds/min), 305,049,101 states left on queue.
Progress(43) at 2026-07-21 06:16:37: 30,519,447,236 states generated (27,032,285 s/min), 4,062,564,480 distinct states found (3,138,450 ds/min), 304,889,810 states left on queue.
Progress(43) at 2026-07-21 06:17:37: 30,546,721,713 states generated (27,274,477 s/min), 4,065,723,119 distinct states found (3,158,639 ds/min), 304,812,522 states left on queue.
Progress(43) at 2026-07-21 06:18:37: 30,574,018,243 states generated (27,296,530 s/min), 4,068,799,960 distinct states found (3,076,841 ds/min), 304,617,479 states left on queue.
Progress(43) at 2026-07-21 06:19:37: 30,600,991,944 states generated (26,973,701 s/min), 4,071,809,407 distinct states found (3,009,447 ds/min), 304,306,976 states left on queue.
Progress(43) at 2026-07-21 06:20:37: 30,627,842,436 states generated (26,850,492 s/min), 4,074,800,399 distinct states found (2,990,992 ds/min), 304,245,610 states left on queue.
Progress(43) at 2026-07-21 06:21:37: 30,653,876,799 states generated (26,034,363 s/min), 4,077,535,075 distinct states found (2,734,676 ds/min), 303,840,379 states left on queue.
Progress(43) at 2026-07-21 06:22:37: 30,680,914,044 states generated (27,037,245 s/min), 4,080,833,035 distinct states found (3,297,960 ds/min), 303,629,422 states left on queue.
Progress(43) at 2026-07-21 06:23:37: 30,708,713,265 states generated (27,799,221 s/min), 4,084,176,855 distinct states found (3,343,820 ds/min), 303,556,694 states left on queue.
Progress(43) at 2026-07-21 06:24:37: 30,736,102,118 states generated (27,388,853 s/min), 4,087,433,106 distinct states found (3,256,251 ds/min), 303,311,288 states left on queue.
Progress(43) at 2026-07-21 06:25:37: 30,763,541,339 states generated (27,439,221 s/min), 4,090,611,881 distinct states found (3,178,775 ds/min), 303,011,824 states left on queue.
Progress(43) at 2026-07-21 06:26:37: 30,789,517,849 states generated (25,976,510 s/min), 4,093,615,148 distinct states found (3,003,267 ds/min), 302,523,981 states left on queue.
Progress(43) at 2026-07-21 06:27:37: 30,816,535,153 states generated (27,017,304 s/min), 4,096,439,870 distinct states found (2,824,722 ds/min), 301,865,973 states left on queue.
Progress(43) at 2026-07-21 06:28:37: 30,841,883,144 states generated (25,347,991 s/min), 4,098,992,903 distinct states found (2,553,033 ds/min), 301,280,016 states left on queue.
Checkpointing of run states/26-07-20-11-22-39
Checkpointing completed at (2026-07-21 06:29:40)
Progress(43) at 2026-07-21 06:29:40: 30,872,514,138 states generated (30,630,994 s/min), 4,102,312,604 distinct states found (3,319,701 ds/min), 300,904,036 states left on queue.
Progress(43) at 2026-07-21 06:30:40: 30,901,821,653 states generated (29,307,515 s/min), 4,105,476,487 distinct states found (3,163,883 ds/min), 300,500,010 states left on queue.
Progress(43) at 2026-07-21 06:31:40: 30,928,602,283 states generated (26,780,630 s/min), 4,108,459,166 distinct states found (2,982,679 ds/min), 300,184,718 states left on queue.
Progress(43) at 2026-07-21 06:32:40: 30,954,736,006 states generated (26,133,723 s/min), 4,111,291,459 distinct states found (2,832,293 ds/min), 299,810,633 states left on queue.
Progress(43) at 2026-07-21 06:33:40: 30,981,541,123 states generated (26,805,117 s/min), 4,114,110,784 distinct states found (2,819,325 ds/min), 299,204,460 states left on queue.
Progress(43) at 2026-07-21 06:34:40: 31,011,640,135 states generated (30,099,012 s/min), 4,117,352,701 distinct states found (3,241,917 ds/min), 298,920,214 states left on queue.
Progress(43) at 2026-07-21 06:35:40: 31,041,087,010 states generated (29,446,875 s/min), 4,120,731,503 distinct states found (3,378,802 ds/min), 298,731,172 states left on queue.
Progress(43) at 2026-07-21 06:37:15: 31,067,476,497 states generated (26,389,487 s/min), 4,123,667,735 distinct states found (2,936,232 ds/min), 298,403,187 states left on queue.
Progress(43) at 2026-07-21 06:38:15: 31,095,526,123 states generated (28,049,626 s/min), 4,126,796,446 distinct states found (3,128,711 ds/min), 298,064,122 states left on queue.
Progress(43) at 2026-07-21 06:39:15: 31,122,129,785 states generated (26,603,662 s/min), 4,129,796,548 distinct states found (3,000,102 ds/min), 297,598,375 states left on queue.
Progress(43) at 2026-07-21 06:40:15: 31,148,891,804 states generated (26,762,019 s/min), 4,132,764,628 distinct states found (2,968,080 ds/min), 297,190,539 states left on queue.
Progress(43) at 2026-07-21 06:41:15: 31,176,573,142 states generated (27,681,338 s/min), 4,135,971,383 distinct states found (3,206,755 ds/min), 297,254,219 states left on queue.
Progress(43) at 2026-07-21 06:42:15: 31,202,644,930 states generated (26,071,788 s/min), 4,138,725,346 distinct states found (2,753,963 ds/min), 296,875,755 states left on queue.
Progress(44) at 2026-07-21 06:43:15: 31,228,741,816 states generated (26,096,886 s/min), 4,141,895,863 distinct states found (3,170,517 ds/min), 296,871,967 states left on queue.
Progress(44) at 2026-07-21 06:44:15: 31,255,234,057 states generated (26,492,241 s/min), 4,144,772,395 distinct states found (2,876,532 ds/min), 296,463,461 states left on queue.
Progress(44) at 2026-07-21 06:45:15: 31,281,868,076 states generated (26,634,019 s/min), 4,147,630,985 distinct states found (2,858,590 ds/min), 295,952,941 states left on queue.
Progress(44) at 2026-07-21 06:46:15: 31,310,913,231 states generated (29,045,155 s/min), 4,151,019,348 distinct states found (3,388,363 ds/min), 295,531,238 states left on queue.
Progress(44) at 2026-07-21 06:47:15: 31,337,804,697 states generated (26,891,466 s/min), 4,153,830,843 distinct states found (2,811,495 ds/min), 294,817,954 states left on queue.
Progress(44) at 2026-07-21 06:48:15: 31,363,961,625 states generated (26,156,928 s/min), 4,156,695,144 distinct states found (2,864,301 ds/min), 294,434,645 states left on queue.
Progress(44) at 2026-07-21 06:49:15: 31,389,856,858 states generated (25,895,233 s/min), 4,159,726,240 distinct states found (3,031,096 ds/min), 294,479,311 states left on queue.
Progress(44) at 2026-07-21 06:50:15: 31,416,566,135 states generated (26,709,277 s/min), 4,162,788,688 distinct states found (3,062,448 ds/min), 294,364,005 states left on queue.
Progress(44) at 2026-07-21 06:51:15: 31,443,705,416 states generated (27,139,281 s/min), 4,166,000,370 distinct states found (3,211,682 ds/min), 294,230,573 states left on queue.
Progress(44) at 2026-07-21 06:52:15: 31,469,582,594 states generated (25,877,178 s/min), 4,168,827,287 distinct states found (2,826,917 ds/min), 293,938,946 states left on queue.
Progress(44) at 2026-07-21 06:53:15: 31,496,727,205 states generated (27,144,611 s/min), 4,172,055,613 distinct states found (3,228,326 ds/min), 294,075,000 states left on queue.
Progress(44) at 2026-07-21 06:54:15: 31,522,957,540 states generated (26,230,335 s/min), 4,175,138,480 distinct states found (3,082,867 ds/min), 294,239,235 states left on queue.
Progress(44) at 2026-07-21 06:55:15: 31,549,280,612 states generated (26,323,072 s/min), 4,178,125,026 distinct states found (2,986,546 ds/min), 294,261,189 states left on queue.
Progress(44) at 2026-07-21 06:56:15: 31,576,765,877 states generated (27,485,265 s/min), 4,181,123,508 distinct states found (2,998,482 ds/min), 294,082,913 states left on queue.
Progress(44) at 2026-07-21 06:57:15: 31,602,382,306 states generated (25,616,429 s/min), 4,184,085,317 distinct states found (2,961,809 ds/min), 293,883,708 states left on queue.
Progress(44) at 2026-07-21 06:58:15: 31,628,313,355 states generated (25,931,049 s/min), 4,186,899,093 distinct states found (2,813,776 ds/min), 293,552,636 states left on queue.
Progress(44) at 2026-07-21 06:59:15: 31,654,424,640 states generated (26,111,285 s/min), 4,189,711,746 distinct states found (2,812,653 ds/min), 293,024,379 states left on queue.
Checkpointing of run states/26-07-20-11-22-39
Checkpointing completed at (2026-07-21 07:00:18)
Progress(44) at 2026-07-21 07:00:18: 31,683,618,850 states generated (29,194,210 s/min), 4,193,433,155 distinct states found (3,721,409 ds/min), 293,286,149 states left on queue.
Progress(44) at 2026-07-21 07:01:18: 31,711,185,943 states generated (27,567,093 s/min), 4,196,587,924 distinct states found (3,154,769 ds/min), 293,193,775 states left on queue.
Progress(44) at 2026-07-21 07:02:18: 31,738,773,495 states generated (27,587,552 s/min), 4,199,670,330 distinct states found (3,082,406 ds/min), 292,857,704 states left on queue.
Progress(44) at 2026-07-21 07:03:18: 31,765,515,389 states generated (26,741,894 s/min), 4,202,669,820 distinct states found (2,999,490 ds/min), 292,632,490 states left on queue.
Progress(44) at 2026-07-21 07:04:18: 31,791,443,279 states generated (25,927,890 s/min), 4,205,764,036 distinct states found (3,094,216 ds/min), 292,397,054 states left on queue.
Progress(44) at 2026-07-21 07:05:18: 31,817,310,886 states generated (25,867,607 s/min), 4,208,900,594 distinct states found (3,136,558 ds/min), 292,247,971 states left on queue.
Progress(44) at 2026-07-21 07:06:18: 31,843,258,116 states generated (25,947,230 s/min), 4,211,905,189 distinct states found (3,004,595 ds/min), 291,923,443 states left on queue.
Progress(44) at 2026-07-21 07:07:18: 31,869,651,092 states generated (26,392,976 s/min), 4,214,893,913 distinct states found (2,988,724 ds/min), 291,852,252 states left on queue.
Progress(44) at 2026-07-21 07:08:18: 31,896,438,961 states generated (26,787,869 s/min), 4,217,820,265 distinct states found (2,926,352 ds/min), 291,724,846 states left on queue.
Progress(44) at 2026-07-21 07:09:18: 31,922,533,994 states generated (26,095,033 s/min), 4,220,980,989 distinct states found (3,160,724 ds/min), 291,730,224 states left on queue.
Progress(44) at 2026-07-21 07:10:18: 31,947,614,341 states generated (25,080,347 s/min), 4,223,812,758 distinct states found (2,831,769 ds/min), 291,571,101 states left on queue.
Progress(44) at 2026-07-21 07:11:41: 31,966,272,029 states generated (18,657,688 s/min), 4,225,943,639 distinct states found (2,130,881 ds/min), 291,485,983 states left on queue.
Progress(44) at 2026-07-21 07:12:41: 31,992,551,816 states generated (26,279,787 s/min), 4,229,108,028 distinct states found (3,164,389 ds/min), 291,677,032 states left on queue.
Progress(44) at 2026-07-21 07:13:41: 32,018,281,240 states generated (25,729,424 s/min), 4,231,981,714 distinct states found (2,873,686 ds/min), 291,570,895 states left on queue.
Progress(44) at 2026-07-21 07:14:41: 32,044,325,799 states generated (26,044,559 s/min), 4,234,904,801 distinct states found (2,923,087 ds/min), 291,531,487 states left on queue.
Progress(44) at 2026-07-21 07:15:41: 32,069,440,445 states generated (25,114,646 s/min), 4,237,674,758 distinct states found (2,769,957 ds/min), 291,300,867 states left on queue.
Progress(44) at 2026-07-21 07:16:41: 32,096,050,805 states generated (26,610,360 s/min), 4,240,509,768 distinct states found (2,835,010 ds/min), 290,726,436 states left on queue.
Progress(44) at 2026-07-21 07:17:41: 32,122,060,612 states generated (26,009,807 s/min), 4,243,579,382 distinct states found (3,069,614 ds/min), 290,510,031 states left on queue.
Progress(44) at 2026-07-21 07:18:41: 32,147,929,708 states generated (25,869,096 s/min), 4,246,690,254 distinct states found (3,110,872 ds/min), 290,346,232 states left on queue.
Progress(44) at 2026-07-21 07:19:41: 32,173,704,165 states generated (25,774,457 s/min), 4,249,774,949 distinct states found (3,084,695 ds/min), 290,104,361 states left on queue.
Progress(44) at 2026-07-21 07:20:41: 32,199,034,100 states generated (25,329,935 s/min), 4,252,573,671 distinct states found (2,798,722 ds/min), 289,686,305 states left on queue.
Progress(44) at 2026-07-21 07:21:41: 32,225,830,130 states generated (26,796,030 s/min), 4,255,494,038 distinct states found (2,920,367 ds/min), 289,239,169 states left on queue.
Progress(44) at 2026-07-21 07:22:41: 32,252,860,431 states generated (27,030,301 s/min), 4,258,218,358 distinct states found (2,724,320 ds/min), 288,595,911 states left on queue.
Progress(44) at 2026-07-21 07:23:41: 32,280,784,426 states generated (27,923,995 s/min), 4,261,015,468 distinct states found (2,797,110 ds/min), 288,045,991 states left on queue.
Progress(44) at 2026-07-21 07:24:41: 32,307,375,855 states generated (26,591,429 s/min), 4,264,120,181 distinct states found (3,104,713 ds/min), 287,812,976 states left on queue.
Progress(44) at 2026-07-21 07:25:41: 32,333,326,492 states generated (25,950,637 s/min), 4,267,004,844 distinct states found (2,884,663 ds/min), 287,184,928 states left on queue.
Progress(44) at 2026-07-21 07:26:41: 32,360,956,749 states generated (27,630,257 s/min), 4,269,940,914 distinct states found (2,936,070 ds/min), 286,912,873 states left on queue.
Progress(44) at 2026-07-21 07:27:41: 32,388,879,652 states generated (27,922,903 s/min), 4,272,940,533 distinct states found (2,999,619 ds/min), 286,650,568 states left on queue.
Progress(44) at 2026-07-21 07:28:41: 32,416,733,326 states generated (27,853,674 s/min), 4,275,995,970 distinct states found (3,055,437 ds/min), 286,345,687 states left on queue.
Progress(44) at 2026-07-21 07:29:41: 32,443,718,435 states generated (26,985,109 s/min), 4,278,740,821 distinct states found (2,744,851 ds/min), 285,856,341 states left on queue.
Checkpointing of run states/26-07-20-11-22-39
Checkpointing completed at (2026-07-21 07:30:44)
Progress(44) at 2026-07-21 07:30:44: 32,470,674,717 states generated (26,956,282 s/min), 4,281,629,517 distinct states found (2,888,696 ds/min), 285,354,718 states left on queue.
Progress(44) at 2026-07-21 07:31:44: 32,496,292,295 states generated (25,617,578 s/min), 4,284,375,282 distinct states found (2,745,765 ds/min), 285,146,750 states left on queue.
Progress(44) at 2026-07-21 07:32:44: 32,523,321,198 states generated (27,028,903 s/min), 4,286,986,472 distinct states found (2,611,190 ds/min), 284,633,754 states left on queue.
Progress(44) at 2026-07-21 07:33:44: 32,550,151,983 states generated (26,830,785 s/min), 4,289,597,346 distinct states found (2,610,874 ds/min), 284,079,934 states left on queue.
Progress(44) at 2026-07-21 07:34:44: 32,576,174,120 states generated (26,022,137 s/min), 4,292,354,878 distinct states found (2,757,532 ds/min), 283,615,732 states left on queue.
Progress(44) at 2026-07-21 07:35:44: 32,601,278,034 states generated (25,103,914 s/min), 4,294,846,009 distinct states found (2,491,131 ds/min), 283,022,134 states left on queue.
Progress(44) at 2026-07-21 07:36:44: 32,601,278,034 states generated (0 s/min), 4,294,846,009 distinct states found (0 ds/min), 283,022,134 states left on queue.
Progress(44) at 2026-07-21 07:37:44: 32,601,278,034 states generated (0 s/min), 4,294,846,009 distinct states found (0 ds/min), 283,022,134 states left on queue.
Progress(44) at 2026-07-21 07:38:44: 32,603,411,933 states generated (2,133,899 s/min), 4,295,089,102 distinct states found (243,093 ds/min), 283,010,372 states left on queue.
Progress(44) at 2026-07-21 07:39:44: 32,603,411,933 states generated (0 s/min), 4,295,089,102 distinct states found (0 ds/min), 283,010,372 states left on queue.
Progress(44) at 2026-07-21 07:40:44: 32,603,411,933 states generated (0 s/min), 4,295,089,102 distinct states found (0 ds/min), 283,010,372 states left on queue.
Progress(44) at 2026-07-21 07:41:44: 32,618,034,697 states generated (14,622,764 s/min), 4,296,599,137 distinct states found (1,510,035 ds/min), 282,746,219 states left on queue.
Progress(44) at 2026-07-21 07:42:44: 32,646,430,204 states generated (28,395,507 s/min), 4,299,996,573 distinct states found (3,397,436 ds/min), 282,780,981 states left on queue.
Progress(44) at 2026-07-21 07:43:44: 32,675,696,990 states generated (29,266,786 s/min), 4,303,483,307 distinct states found (3,486,734 ds/min), 282,817,926 states left on queue.
Progress(44) at 2026-07-21 07:44:44: 32,704,320,796 states generated (28,623,806 s/min), 4,306,691,612 distinct states found (3,208,305 ds/min), 282,551,954 states left on queue.
Progress(44) at 2026-07-21 07:45:44: 32,732,423,666 states generated (28,102,870 s/min), 4,309,790,152 distinct states found (3,098,540 ds/min), 282,439,078 states left on queue.
Progress(44) at 2026-07-21 07:46:44: 32,759,497,003 states generated (27,073,337 s/min), 4,312,619,238 distinct states found (2,829,086 ds/min), 282,179,561 states left on queue.
Progress(44) at 2026-07-21 07:47:44: 32,786,523,843 states generated (27,026,840 s/min), 4,315,567,455 distinct states found (2,948,217 ds/min), 281,868,646 states left on queue.
Progress(44) at 2026-07-21 07:48:44: 32,812,862,182 states generated (26,338,339 s/min), 4,318,346,674 distinct states found (2,779,219 ds/min), 281,580,254 states left on queue.
Progress(44) at 2026-07-21 07:49:44: 32,840,624,736 states generated (27,762,554 s/min), 4,321,467,176 distinct states found (3,120,502 ds/min), 281,529,418 states left on queue.
Progress(44) at 2026-07-21 07:50:44: 32,868,005,336 states generated (27,380,600 s/min), 4,324,478,163 distinct states found (3,010,987 ds/min), 281,558,681 states left on queue.
Progress(44) at 2026-07-21 07:51:44: 32,894,966,924 states generated (26,961,588 s/min), 4,327,380,263 distinct states found (2,902,100 ds/min), 281,360,961 states left on queue.
Progress(44) at 2026-07-21 07:52:44: 32,922,289,534 states generated (27,322,610 s/min), 4,330,332,286 distinct states found (2,952,023 ds/min), 281,275,031 states left on queue.
Progress(44) at 2026-07-21 07:53:44: 32,950,039,351 states generated (27,749,817 s/min), 4,333,522,675 distinct states found (3,190,389 ds/min), 281,182,012 states left on queue.
Progress(44) at 2026-07-21 07:54:44: 32,977,581,954 states generated (27,542,603 s/min), 4,336,817,902 distinct states found (3,295,227 ds/min), 281,254,410 states left on queue.
Progress(44) at 2026-07-21 07:55:44: 33,004,432,615 states generated (26,850,661 s/min), 4,339,749,598 distinct states found (2,931,696 ds/min), 280,928,762 states left on queue.
Progress(44) at 2026-07-21 07:56:44: 33,031,363,227 states generated (26,930,612 s/min), 4,342,736,957 distinct states found (2,987,359 ds/min), 280,619,004 states left on queue.
Progress(44) at 2026-07-21 07:57:44: 33,058,423,296 states generated (27,060,069 s/min), 4,345,810,848 distinct states found (3,073,891 ds/min), 280,507,982 states left on queue.
Progress(44) at 2026-07-21 07:58:44: 33,085,723,969 states generated (27,300,673 s/min), 4,348,831,918 distinct states found (3,021,070 ds/min), 280,240,315 states left on queue.
Progress(44) at 2026-07-21 07:59:44: 33,112,770,619 states generated (27,046,650 s/min), 4,351,776,815 distinct states found (2,944,897 ds/min), 279,875,554 states left on queue.
Checkpointing of run states/26-07-20-11-22-39
Checkpointing completed at (2026-07-21 08:00:46)
Progress(44) at 2026-07-21 08:00:46: 33,140,179,443 states generated (27,408,824 s/min), 4,354,746,382 distinct states found (2,969,567 ds/min), 279,716,054 states left on queue.
Progress(44) at 2026-07-21 08:01:46: 33,165,962,048 states generated (25,782,605 s/min), 4,357,398,915 distinct states found (2,652,533 ds/min), 279,214,288 states left on queue.
Progress(44) at 2026-07-21 08:02:46: 33,193,516,527 states generated (27,554,479 s/min), 4,360,756,696 distinct states found (3,357,781 ds/min), 279,004,810 states left on queue.
Progress(44) at 2026-07-21 08:03:46: 33,220,691,273 states generated (27,174,746 s/min), 4,363,917,123 distinct states found (3,160,427 ds/min), 278,783,072 states left on queue.
Progress(44) at 2026-07-21 08:04:46: 33,248,549,721 states generated (27,858,448 s/min), 4,367,195,075 distinct states found (3,277,952 ds/min), 278,520,191 states left on queue.
Progress(44) at 2026-07-21 08:05:46: 33,275,274,864 states generated (26,725,143 s/min), 4,370,126,261 distinct states found (2,931,186 ds/min), 278,002,900 states left on queue.
Progress(44) at 2026-07-21 08:06:46: 33,301,376,857 states generated (26,101,993 s/min), 4,372,946,527 distinct states found (2,820,266 ds/min), 277,366,633 states left on queue.
Progress(44) at 2026-07-21 08:07:46: 33,327,184,991 states generated (25,808,134 s/min), 4,375,468,191 distinct states found (2,521,664 ds/min), 276,710,129 states left on queue.
Progress(44) at 2026-07-21 08:08:46: 33,356,162,997 states generated (28,978,006 s/min), 4,378,510,557 distinct states found (3,042,366 ds/min), 276,251,052 states left on queue.
Progress(44) at 2026-07-21 08:09:46: 33,385,220,059 states generated (29,057,062 s/min), 4,381,587,745 distinct states found (3,077,188 ds/min), 275,774,876 states left on queue.
Progress(44) at 2026-07-21 08:10:46: 33,412,240,089 states generated (27,020,030 s/min), 4,384,551,018 distinct states found (2,963,273 ds/min), 275,427,106 states left on queue.
Progress(44) at 2026-07-21 08:13:02: 33,436,071,390 states generated (23,831,301 s/min), 4,387,033,779 distinct states found (2,482,761 ds/min), 274,890,632 states left on queue.
Progress(44) at 2026-07-21 08:14:02: 33,465,852,662 states generated (29,781,272 s/min), 4,390,099,797 distinct states found (3,066,018 ds/min), 274,322,813 states left on queue.
Progress(44) at 2026-07-21 08:15:02: 33,497,180,050 states generated (31,327,388 s/min), 4,393,524,038 distinct states found (3,424,241 ds/min), 274,041,284 states left on queue.
Progress(44) at 2026-07-21 08:16:02: 33,527,779,422 states generated (30,599,372 s/min), 4,396,885,804 distinct states found (3,361,766 ds/min), 273,606,838 states left on queue.
Progress(44) at 2026-07-21 08:17:02: 33,557,364,203 states generated (29,584,781 s/min), 4,400,044,640 distinct states found (3,158,836 ds/min), 273,125,640 states left on queue.
Progress(44) at 2026-07-21 08:18:02: 33,585,346,905 states generated (27,982,702 s/min), 4,403,099,162 distinct states found (3,054,522 ds/min), 272,518,511 states left on queue.
Progress(44) at 2026-07-21 08:19:02: 33,614,057,831 states generated (28,710,926 s/min), 4,406,293,499 distinct states found (3,194,337 ds/min), 272,291,464 states left on queue.
Progress(44) at 2026-07-21 08:20:02: 33,642,582,747 states generated (28,524,916 s/min), 4,409,338,279 distinct states found (3,044,780 ds/min), 272,034,495 states left on queue.
Progress(45) at 2026-07-21 08:21:02: 33,669,819,567 states generated (27,236,820 s/min), 4,412,253,362 distinct states found (2,915,083 ds/min), 271,611,243 states left on queue.
Progress(45) at 2026-07-21 08:22:02: 33,697,428,235 states generated (27,608,668 s/min), 4,415,536,770 distinct states found (3,283,408 ds/min), 271,563,969 states left on queue.
Progress(45) at 2026-07-21 08:23:02: 33,725,067,220 states generated (27,638,985 s/min), 4,418,378,679 distinct states found (2,841,909 ds/min), 270,928,468 states left on queue.
Progress(45) at 2026-07-21 08:24:02: 33,755,096,174 states generated (30,028,954 s/min), 4,421,739,888 distinct states found (3,361,209 ds/min), 270,360,263 states left on queue.
Progress(45) at 2026-07-21 08:25:02: 33,783,109,702 states generated (28,013,528 s/min), 4,424,574,643 distinct states found (2,834,755 ds/min), 269,513,125 states left on queue.
Progress(45) at 2026-07-21 08:26:02: 33,810,270,688 states generated (27,160,986 s/min), 4,427,637,978 distinct states found (3,063,335 ds/min), 269,372,245 states left on queue.
Progress(45) at 2026-07-21 08:27:02: 33,837,674,140 states generated (27,403,452 s/min), 4,430,689,672 distinct states found (3,051,694 ds/min), 269,268,275 states left on queue.
Progress(45) at 2026-07-21 08:28:02: 33,866,476,124 states generated (28,801,984 s/min), 4,433,970,863 distinct states found (3,281,191 ds/min), 268,978,824 states left on queue.
Progress(45) at 2026-07-21 08:29:02: 33,894,088,268 states generated (27,612,144 s/min), 4,437,044,892 distinct states found (3,074,029 ds/min), 268,713,150 states left on queue.
Progress(45) at 2026-07-21 08:30:02: 33,922,589,042 states generated (28,500,774 s/min), 4,440,341,913 distinct states found (3,297,021 ds/min), 268,746,740 states left on queue.
Checkpointing of run states/26-07-20-11-22-39
Checkpointing completed at (2026-07-21 08:31:04)
Progress(45) at 2026-07-21 08:31:04: 33,951,122,867 states generated (28,533,825 s/min), 4,443,605,495 distinct states found (3,263,582 ds/min), 268,800,871 states left on queue.
Progress(45) at 2026-07-21 08:32:04: 33,978,880,410 states generated (27,757,543 s/min), 4,446,690,741 distinct states found (3,085,246 ds/min), 268,794,016 states left on queue.
Progress(45) at 2026-07-21 08:33:04: 34,007,736,337 states generated (28,855,927 s/min), 4,449,800,446 distinct states found (3,109,705 ds/min), 268,547,405 states left on queue.
Progress(45) at 2026-07-21 08:34:04: 34,034,254,419 states generated (26,518,082 s/min), 4,452,747,294 distinct states found (2,946,848 ds/min), 268,204,035 states left on queue.
Progress(45) at 2026-07-21 08:35:04: 34,061,727,244 states generated (27,472,825 s/min), 4,455,576,793 distinct states found (2,829,499 ds/min), 267,695,115 states left on queue.
Progress(45) at 2026-07-21 08:36:04: 34,089,905,928 states generated (28,178,684 s/min), 4,458,829,995 distinct states found (3,253,202 ds/min), 267,424,535 states left on queue.
Progress(45) at 2026-07-21 08:37:04: 34,118,625,444 states generated (28,719,516 s/min), 4,462,312,808 distinct states found (3,482,813 ds/min), 267,507,998 states left on queue.
Progress(45) at 2026-07-21 08:38:04: 34,148,148,381 states generated (29,522,937 s/min), 4,465,605,216 distinct states found (3,292,408 ds/min), 267,305,858 states left on queue.
Progress(45) at 2026-07-21 08:39:04: 34,175,705,522 states generated (27,557,141 s/min), 4,468,533,828 distinct states found (2,928,612 ds/min), 266,849,875 states left on queue.
Progress(45) at 2026-07-21 08:40:04: 34,203,319,868 states generated (27,614,346 s/min), 4,471,634,552 distinct states found (3,100,724 ds/min), 266,449,974 states left on queue.
Progress(45) at 2026-07-21 08:41:04: 34,230,541,267 states generated (27,221,399 s/min), 4,474,861,573 distinct states found (3,227,021 ds/min), 266,216,050 states left on queue.
Progress(45) at 2026-07-21 08:42:04: 34,257,474,969 states generated (26,933,702 s/min), 4,477,875,397 distinct states found (3,013,824 ds/min), 265,802,640 states left on queue.
Progress(45) at 2026-07-21 08:43:04: 34,285,292,053 states generated (27,817,084 s/min), 4,481,010,236 distinct states found (3,134,839 ds/min), 265,755,965 states left on queue.
Progress(45) at 2026-07-21 08:44:04: 34,313,454,750 states generated (28,162,697 s/min), 4,483,994,147 distinct states found (2,983,911 ds/min), 265,468,965 states left on queue.
Progress(45) at 2026-07-21 08:45:04: 34,340,921,458 states generated (27,466,708 s/min), 4,487,300,054 distinct states found (3,305,907 ds/min), 265,477,701 states left on queue.
Progress(45) at 2026-07-21 08:46:04: 34,367,350,232 states generated (26,428,774 s/min), 4,490,108,951 distinct states found (2,808,897 ds/min), 265,102,680 states left on queue.
Progress(45) at 2026-07-21 08:47:04: 34,395,138,271 states generated (27,788,039 s/min), 4,493,458,224 distinct states found (3,349,273 ds/min), 265,272,153 states left on queue.
Progress(45) at 2026-07-21 08:48:04: 34,422,576,818 states generated (27,438,547 s/min), 4,496,440,492 distinct states found (2,982,268 ds/min), 265,091,995 states left on queue.
Progress(45) at 2026-07-21 08:49:04: 34,449,396,907 states generated (26,820,089 s/min), 4,499,373,069 distinct states found (2,932,577 ds/min), 264,970,655 states left on queue.
Progress(45) at 2026-07-21 08:50:04: 34,476,242,542 states generated (26,845,635 s/min), 4,502,264,836 distinct states found (2,891,767 ds/min), 264,692,985 states left on queue.
Progress(45) at 2026-07-21 08:51:04: 34,503,907,770 states generated (27,665,228 s/min), 4,505,145,726 distinct states found (2,880,890 ds/min), 264,010,509 states left on queue.
Progress(45) at 2026-07-21 08:52:04: 34,531,512,445 states generated (27,604,675 s/min), 4,508,320,109 distinct states found (3,174,383 ds/min), 263,753,055 states left on queue.
Progress(45) at 2026-07-21 08:53:04: 34,558,817,445 states generated (27,305,000 s/min), 4,511,628,226 distinct states found (3,308,117 ds/min), 263,576,744 states left on queue.
Progress(45) at 2026-07-21 08:54:04: 34,585,528,879 states generated (26,711,434 s/min), 4,514,539,237 distinct states found (2,911,011 ds/min), 263,111,432 states left on queue.
Progress(45) at 2026-07-21 08:55:04: 34,613,289,674 states generated (27,760,795 s/min), 4,517,548,142 distinct states found (3,008,905 ds/min), 262,593,097 states left on queue.
Progress(45) at 2026-07-21 08:56:04: 34,641,509,617 states generated (28,219,943 s/min), 4,520,301,205 distinct states found (2,753,063 ds/min), 261,857,214 states left on queue.
Progress(45) at 2026-07-21 08:57:04: 34,671,007,532 states generated (29,497,915 s/min), 4,523,145,016 distinct states found (2,843,811 ds/min), 261,143,207 states left on queue.
Progress(45) at 2026-07-21 08:58:04: 34,697,750,192 states generated (26,742,660 s/min), 4,526,359,721 distinct states found (3,214,705 ds/min), 260,863,935 states left on queue.
Progress(45) at 2026-07-21 08:59:05: 34,726,315,880 states generated (28,565,688 s/min), 4,529,350,771 distinct states found (2,991,050 ds/min), 260,325,751 states left on queue.
Progress(45) at 2026-07-21 09:00:05: 34,755,775,456 states generated (29,459,576 s/min), 4,532,392,372 distinct states found (3,041,601 ds/min), 259,953,630 states left on queue.
Checkpointing of run states/26-07-20-11-22-39
Checkpointing completed at (2026-07-21 09:01:07)
Progress(45) at 2026-07-21 09:01:07: 34,786,341,554 states generated (30,566,098 s/min), 4,535,638,363 distinct states found (3,245,991 ds/min), 259,529,285 states left on queue.
Progress(45) at 2026-07-21 09:02:07: 34,814,578,277 states generated (28,236,723 s/min), 4,538,478,146 distinct states found (2,839,783 ds/min), 258,959,719 states left on queue.
Progress(45) at 2026-07-21 09:03:07: 34,841,100,001 states generated (26,521,724 s/min), 4,541,285,892 distinct states found (2,807,746 ds/min), 258,561,470 states left on queue.
Progress(45) at 2026-07-21 09:04:07: 34,868,826,738 states generated (27,726,737 s/min), 4,544,013,918 distinct states found (2,728,026 ds/min), 258,087,347 states left on queue.
Progress(45) at 2026-07-21 09:05:07: 34,896,865,684 states generated (28,038,946 s/min), 4,546,654,880 distinct states found (2,640,962 ds/min), 257,446,406 states left on queue.
Progress(45) at 2026-07-21 09:06:07: 34,924,037,678 states generated (27,171,994 s/min), 4,549,381,129 distinct states found (2,726,249 ds/min), 256,832,229 states left on queue.
Progress(45) at 2026-07-21 09:07:07: 34,951,212,708 states generated (27,175,030 s/min), 4,552,060,493 distinct states found (2,679,364 ds/min), 256,228,023 states left on queue.
Progress(45) at 2026-07-21 09:08:07: 34,980,390,486 states generated (29,177,778 s/min), 4,555,380,800 distinct states found (3,320,307 ds/min), 256,000,001 states left on queue.
Progress(45) at 2026-07-21 09:09:07: 35,010,937,722 states generated (30,547,236 s/min), 4,558,995,061 distinct states found (3,614,261 ds/min), 256,046,286 states left on queue.
Progress(45) at 2026-07-21 09:10:07: 35,041,072,257 states generated (30,134,535 s/min), 4,562,281,347 distinct states found (3,286,286 ds/min), 255,688,283 states left on queue.
Progress(45) at 2026-07-21 09:11:07: 35,070,440,163 states generated (29,367,906 s/min), 4,565,462,891 distinct states found (3,181,544 ds/min), 255,509,270 states left on queue.
Progress(45) at 2026-07-21 09:12:07: 35,098,888,004 states generated (28,447,841 s/min), 4,568,410,296 distinct states found (2,947,405 ds/min), 255,168,434 states left on queue.
Progress(45) at 2026-07-21 09:13:10: 35,124,391,427 states generated (25,503,423 s/min), 4,571,091,764 distinct states found (2,681,468 ds/min), 254,828,883 states left on queue.
Progress(45) at 2026-07-21 09:14:10: 35,152,512,413 states generated (28,120,986 s/min), 4,573,908,926 distinct states found (2,817,162 ds/min), 254,299,565 states left on queue.
Progress(45) at 2026-07-21 09:15:10: 35,181,134,347 states generated (28,621,934 s/min), 4,577,208,201 distinct states found (3,299,275 ds/min), 254,471,344 states left on queue.
Progress(45) at 2026-07-21 09:16:10: 35,209,847,283 states generated (28,712,936 s/min), 4,580,248,577 distinct states found (3,040,376 ds/min), 254,370,886 states left on queue.
Progress(45) at 2026-07-21 09:17:10: 35,238,294,372 states generated (28,447,089 s/min), 4,583,180,734 distinct states found (2,932,157 ds/min), 254,035,490 states left on queue.
Progress(45) at 2026-07-21 09:18:10: 35,266,540,629 states generated (28,246,257 s/min), 4,586,294,440 distinct states found (3,113,706 ds/min), 253,886,326 states left on queue.
Progress(45) at 2026-07-21 09:19:10: 35,295,731,017 states generated (29,190,388 s/min), 4,589,778,657 distinct states found (3,484,217 ds/min), 253,883,316 states left on queue.
Progress(45) at 2026-07-21 09:20:10: 35,324,056,782 states generated (28,325,765 s/min), 4,592,823,207 distinct states found (3,044,550 ds/min), 253,531,448 states left on queue.
Progress(45) at 2026-07-21 09:21:10: 35,352,365,783 states generated (28,309,001 s/min), 4,595,931,522 distinct states found (3,108,315 ds/min), 253,183,622 states left on queue.
Progress(45) at 2026-07-21 09:22:10: 35,380,922,033 states generated (28,556,250 s/min), 4,599,099,867 distinct states found (3,168,345 ds/min), 252,972,679 states left on queue.
Progress(45) at 2026-07-21 09:23:10: 35,408,850,381 states generated (27,928,348 s/min), 4,602,066,065 distinct states found (2,966,198 ds/min), 252,555,425 states left on queue.
Progress(45) at 2026-07-21 09:24:10: 35,437,536,343 states generated (28,685,962 s/min), 4,605,169,159 distinct states found (3,103,094 ds/min), 252,246,474 states left on queue.
Progress(45) at 2026-07-21 09:25:10: 35,465,167,821 states generated (27,631,478 s/min), 4,607,946,801 distinct states found (2,777,642 ds/min), 251,789,434 states left on queue.
Progress(45) at 2026-07-21 09:26:10: 35,493,301,877 states generated (28,134,056 s/min), 4,611,205,020 distinct states found (3,258,219 ds/min), 251,459,458 states left on queue.
Progress(45) at 2026-07-21 09:27:10: 35,522,235,581 states generated (28,933,704 s/min), 4,614,491,472 distinct states found (3,286,452 ds/min), 251,164,514 states left on queue.
Progress(45) at 2026-07-21 09:28:10: 35,550,700,433 states generated (28,464,852 s/min), 4,617,766,652 distinct states found (3,275,180 ds/min), 250,783,179 states left on queue.
Progress(45) at 2026-07-21 09:29:10: 35,578,504,756 states generated (27,804,323 s/min), 4,620,760,737 distinct states found (2,994,085 ds/min), 250,177,753 states left on queue.
Progress(45) at 2026-07-21 09:30:10: 35,606,144,320 states generated (27,639,564 s/min), 4,623,529,773 distinct states found (2,769,036 ds/min), 249,407,644 states left on queue.
Checkpointing of run states/26-07-20-11-22-39
Checkpointing completed at (2026-07-21 09:31:13)
Progress(45) at 2026-07-21 09:31:13: 35,635,990,616 states generated (29,846,296 s/min), 4,626,464,244 distinct states found (2,934,471 ds/min), 248,712,481 states left on queue.
Progress(45) at 2026-07-21 09:32:13: 35,666,918,566 states generated (30,927,950 s/min), 4,629,757,412 distinct states found (3,293,168 ds/min), 248,214,257 states left on queue.
Progress(45) at 2026-07-21 09:33:13: 35,695,135,068 states generated (28,216,502 s/min), 4,632,746,232 distinct states found (2,988,820 ds/min), 247,741,975 states left on queue.
Progress(45) at 2026-07-21 09:34:13: 35,722,742,134 states generated (27,607,066 s/min), 4,635,466,201 distinct states found (2,719,969 ds/min), 246,988,185 states left on queue.
Progress(45) at 2026-07-21 09:35:13: 35,754,142,765 states generated (31,400,631 s/min), 4,638,711,506 distinct states found (3,245,305 ds/min), 246,550,023 states left on queue.
Progress(45) at 2026-07-21 09:36:13: 35,784,689,392 states generated (30,546,627 s/min), 4,642,086,150 distinct states found (3,374,644 ds/min), 246,158,517 states left on queue.
Progress(45) at 2026-07-21 09:37:13: 35,814,528,609 states generated (29,839,217 s/min), 4,645,139,759 distinct states found (3,053,609 ds/min), 245,534,838 states left on queue.
Progress(45) at 2026-07-21 09:38:13: 35,842,391,785 states generated (27,863,176 s/min), 4,648,107,547 distinct states found (2,967,788 ds/min), 244,876,558 states left on queue.
Progress(45) at 2026-07-21 09:39:13: 35,871,247,999 states generated (28,856,214 s/min), 4,651,218,410 distinct states found (3,110,863 ds/min), 244,589,768 states left on queue.
Progress(45) at 2026-07-21 09:40:13: 35,899,094,564 states generated (27,846,565 s/min), 4,654,116,042 distinct states found (2,897,632 ds/min), 244,268,992 states left on queue.
Progress(46) at 2026-07-21 09:41:13: 35,926,486,525 states generated (27,391,961 s/min), 4,657,237,667 distinct states found (3,121,625 ds/min), 244,039,346 states left on queue.
Progress(46) at 2026-07-21 09:42:13: 35,954,183,253 states generated (27,696,728 s/min), 4,660,190,613 distinct states found (2,952,946 ds/min), 243,612,919 states left on queue.
Progress(46) at 2026-07-21 09:43:13: 35,983,309,649 states generated (29,126,396 s/min), 4,663,273,280 distinct states found (3,082,667 ds/min), 242,966,115 states left on queue.
Progress(46) at 2026-07-21 09:44:13: 36,011,658,226 states generated (28,348,577 s/min), 4,666,170,546 distinct states found (2,897,266 ds/min), 242,109,585 states left on queue.
Progress(46) at 2026-07-21 09:45:13: 36,039,101,908 states generated (27,443,682 s/min), 4,669,122,178 distinct states found (2,951,632 ds/min), 241,794,213 states left on queue.
Progress(46) at 2026-07-21 09:46:13: 36,066,356,719 states generated (27,254,811 s/min), 4,672,077,151 distinct states found (2,954,973 ds/min), 241,605,593 states left on queue.
Progress(46) at 2026-07-21 09:47:13: 36,095,148,038 states generated (28,791,319 s/min), 4,675,313,551 distinct states found (3,236,400 ds/min), 241,269,558 states left on queue.
Progress(46) at 2026-07-21 09:48:13: 36,122,306,604 states generated (27,158,566 s/min), 4,678,255,839 distinct states found (2,942,288 ds/min), 240,921,758 states left on queue.
Progress(46) at 2026-07-21 09:49:13: 36,150,836,890 states generated (28,530,286 s/min), 4,681,489,076 distinct states found (3,233,237 ds/min), 240,907,497 states left on queue.
Progress(46) at 2026-07-21 09:50:13: 36,178,361,292 states generated (27,524,402 s/min), 4,684,593,096 distinct states found (3,104,020 ds/min), 240,927,102 states left on queue.
Progress(46) at 2026-07-21 09:51:13: 36,205,695,776 states generated (27,334,484 s/min), 4,687,560,519 distinct states found (2,967,423 ds/min), 240,834,920 states left on queue.
Progress(46) at 2026-07-21 09:52:13: 36,234,418,800 states generated (28,723,024 s/min), 4,690,611,331 distinct states found (3,050,812 ds/min), 240,533,325 states left on queue.
Progress(46) at 2026-07-21 09:53:13: 36,261,216,812 states generated (26,798,012 s/min), 4,693,463,499 distinct states found (2,852,168 ds/min), 240,097,493 states left on queue.
Progress(46) at 2026-07-21 09:54:13: 36,288,471,349 states generated (27,254,537 s/min), 4,696,189,093 distinct states found (2,725,594 ds/min), 239,439,311 states left on queue.
Progress(46) at 2026-07-21 09:55:13: 36,317,434,698 states generated (28,963,349 s/min), 4,699,700,265 distinct states found (3,511,172 ds/min), 239,455,133 states left on queue.
Progress(46) at 2026-07-21 09:56:13: 36,345,990,365 states generated (28,555,667 s/min), 4,702,832,987 distinct states found (3,132,722 ds/min), 239,193,598 states left on queue.
Progress(46) at 2026-07-21 09:57:13: 36,374,743,129 states generated (28,752,764 s/min), 4,705,927,192 distinct states found (3,094,205 ds/min), 238,755,481 states left on queue.
Progress(46) at 2026-07-21 09:58:13: 36,402,707,294 states generated (27,964,165 s/min), 4,708,888,139 distinct states found (2,960,947 ds/min), 238,315,104 states left on queue.
Progress(46) at 2026-07-21 09:59:13: 36,429,578,072 states generated (26,870,778 s/min), 4,712,016,365 distinct states found (3,128,226 ds/min), 238,010,071 states left on queue.
Progress(46) at 2026-07-21 10:00:13: 36,456,757,846 states generated (27,179,774 s/min), 4,714,998,263 distinct states found (2,981,898 ds/min), 237,513,245 states left on queue.
Checkpointing of run states/26-07-20-11-22-39
Checkpointing completed at (2026-07-21 10:01:16)
Progress(46) at 2026-07-21 10:01:16: 36,485,844,744 states generated (29,086,898 s/min), 4,718,184,012 distinct states found (3,185,749 ds/min), 237,361,266 states left on queue.
Progress(46) at 2026-07-21 10:02:16: 36,513,743,158 states generated (27,898,414 s/min), 4,721,088,453 distinct states found (2,904,441 ds/min), 237,027,161 states left on queue.
Progress(46) at 2026-07-21 10:03:16: 36,541,194,654 states generated (27,451,496 s/min), 4,724,296,567 distinct states found (3,208,114 ds/min), 236,936,966 states left on queue.
Progress(46) at 2026-07-21 10:04:16: 36,567,537,452 states generated (26,342,798 s/min), 4,727,075,338 distinct states found (2,778,771 ds/min), 236,552,128 states left on queue.
Progress(46) at 2026-07-21 10:05:16: 36,595,833,128 states generated (28,295,676 s/min), 4,730,381,082 distinct states found (3,305,744 ds/min), 236,634,149 states left on queue.
Progress(46) at 2026-07-21 10:06:16: 36,623,048,350 states generated (27,215,222 s/min), 4,733,281,161 distinct states found (2,900,079 ds/min), 236,400,187 states left on queue.
Progress(46) at 2026-07-21 10:07:16: 36,650,440,670 states generated (27,392,320 s/min), 4,736,185,605 distinct states found (2,904,444 ds/min), 236,202,930 states left on queue.
Progress(46) at 2026-07-21 10:08:16: 36,676,950,030 states generated (26,509,360 s/min), 4,738,918,910 distinct states found (2,733,305 ds/min), 235,721,138 states left on queue.
Progress(46) at 2026-07-21 10:09:16: 36,704,688,986 states generated (27,738,956 s/min), 4,741,902,483 distinct states found (2,983,573 ds/min), 235,150,893 states left on queue.
Progress(46) at 2026-07-21 10:10:16: 36,732,156,314 states generated (27,467,328 s/min), 4,745,018,133 distinct states found (3,115,650 ds/min), 234,850,496 states left on queue.
Progress(46) at 2026-07-21 10:11:16: 36,759,248,014 states generated (27,091,700 s/min), 4,747,992,629 distinct states found (2,974,496 ds/min), 234,365,622 states left on queue.
Progress(46) at 2026-07-21 10:12:16: 36,786,505,581 states generated (27,257,567 s/min), 4,750,928,149 distinct states found (2,935,520 ds/min), 233,842,814 states left on queue.
Progress(46) at 2026-07-21 10:13:24: 36,811,477,118 states generated (24,971,537 s/min), 4,753,293,572 distinct states found (2,365,423 ds/min), 233,105,557 states left on queue.
Progress(46) at 2026-07-21 10:14:24: 36,840,506,181 states generated (29,029,063 s/min), 4,756,122,683 distinct states found (2,829,111 ds/min), 232,397,032 states left on queue.
Progress(46) at 2026-07-21 10:15:24: 36,867,456,693 states generated (26,950,512 s/min), 4,759,152,658 distinct states found (3,029,975 ds/min), 231,878,956 states left on queue.
Progress(46) at 2026-07-21 10:16:24: 36,896,537,001 states generated (29,080,308 s/min), 4,762,077,157 distinct states found (2,924,499 ds/min), 231,426,624 states left on queue.
Progress(46) at 2026-07-21 10:17:24: 36,925,672,081 states generated (29,135,080 s/min), 4,765,089,567 distinct states found (3,012,410 ds/min), 230,972,916 states left on queue.
Progress(46) at 2026-07-21 10:18:24: 36,954,460,470 states generated (28,788,389 s/min), 4,767,932,862 distinct states found (2,843,295 ds/min), 230,420,415 states left on queue.
Progress(46) at 2026-07-21 10:19:24: 36,981,368,668 states generated (26,908,198 s/min), 4,770,758,326 distinct states found (2,825,464 ds/min), 229,951,583 states left on queue.
Progress(46) at 2026-07-21 10:20:24: 37,008,975,466 states generated (27,606,798 s/min), 4,773,411,353 distinct states found (2,653,027 ds/min), 229,427,332 states left on queue.
Progress(46) at 2026-07-21 10:21:24: 37,037,229,326 states generated (28,253,860 s/min), 4,775,983,601 distinct states found (2,572,248 ds/min), 228,707,709 states left on queue.
Progress(46) at 2026-07-21 10:22:24: 37,064,280,201 states generated (27,050,875 s/min), 4,778,590,547 distinct states found (2,606,946 ds/min), 227,936,108 states left on queue.
Progress(46) at 2026-07-21 10:23:24: 37,092,117,710 states generated (27,837,509 s/min), 4,781,497,278 distinct states found (2,906,731 ds/min), 227,462,892 states left on queue.
Progress(46) at 2026-07-21 10:24:24: 37,122,716,415 states generated (30,598,705 s/min), 4,785,039,432 distinct states found (3,542,154 ds/min), 227,446,317 states left on queue.
Progress(46) at 2026-07-21 10:25:24: 37,153,130,845 states generated (30,414,430 s/min), 4,788,402,403 distinct states found (3,362,971 ds/min), 227,087,793 states left on queue.
Progress(46) at 2026-07-21 10:26:24: 37,182,846,348 states generated (29,715,503 s/min), 4,791,585,820 distinct states found (3,183,417 ds/min), 226,841,274 states left on queue.
Progress(46) at 2026-07-21 10:27:24: 37,211,177,300 states generated (28,330,952 s/min), 4,794,396,441 distinct states found (2,810,621 ds/min), 226,425,779 states left on queue.
Progress(46) at 2026-07-21 10:28:24: 37,239,365,769 states generated (28,188,469 s/min), 4,797,314,625 distinct states found (2,918,184 ds/min), 225,997,492 states left on queue.
Progress(46) at 2026-07-21 10:29:24: 37,268,022,803 states generated (28,657,034 s/min), 4,800,270,841 distinct states found (2,956,216 ds/min), 225,624,948 states left on queue.
Progress(46) at 2026-07-21 10:30:24: 37,297,069,892 states generated (29,047,089 s/min), 4,803,428,564 distinct states found (3,157,723 ds/min), 225,605,316 states left on queue.
Checkpointing of run states/26-07-20-11-22-39
Checkpointing completed at (2026-07-21 10:31:26)
Progress(46) at 2026-07-21 10:31:26: 37,326,609,031 states generated (29,539,139 s/min), 4,806,489,818 distinct states found (3,061,254 ds/min), 225,308,163 states left on queue.
Progress(46) at 2026-07-21 10:32:26: 37,355,108,177 states generated (28,499,146 s/min), 4,809,470,514 distinct states found (2,980,696 ds/min), 225,100,902 states left on queue.
Progress(46) at 2026-07-21 10:33:26: 37,384,236,613 states generated (29,128,436 s/min), 4,812,700,205 distinct states found (3,229,691 ds/min), 224,849,340 states left on queue.
Progress(46) at 2026-07-21 10:34:26: 37,413,099,455 states generated (28,862,842 s/min), 4,815,907,415 distinct states found (3,207,210 ds/min), 224,648,878 states left on queue.
Progress(46) at 2026-07-21 10:35:26: 37,441,108,807 states generated (28,009,352 s/min), 4,818,822,962 distinct states found (2,915,547 ds/min), 224,087,205 states left on queue.
Progress(46) at 2026-07-21 10:36:26: 37,469,509,881 states generated (28,401,074 s/min), 4,821,972,320 distinct states found (3,149,358 ds/min), 223,923,127 states left on queue.
Progress(46) at 2026-07-21 10:37:26: 37,498,242,361 states generated (28,732,480 s/min), 4,824,995,051 distinct states found (3,022,731 ds/min), 223,484,816 states left on queue.
Progress(46) at 2026-07-21 10:38:26: 37,526,660,349 states generated (28,417,988 s/min), 4,827,978,051 distinct states found (2,983,000 ds/min), 223,051,711 states left on queue.
Progress(46) at 2026-07-21 10:39:26: 37,554,309,480 states generated (27,649,131 s/min), 4,830,752,469 distinct states found (2,774,418 ds/min), 222,596,875 states left on queue.
Progress(46) at 2026-07-21 10:40:26: 37,582,738,049 states generated (28,428,569 s/min), 4,833,987,646 distinct states found (3,235,177 ds/min), 222,205,804 states left on queue.
Progress(46) at 2026-07-21 10:41:26: 37,611,208,204 states generated (28,470,155 s/min), 4,837,129,678 distinct states found (3,142,032 ds/min), 221,792,460 states left on queue.
Progress(46) at 2026-07-21 10:42:26: 37,640,163,242 states generated (28,955,038 s/min), 4,840,345,064 distinct states found (3,215,386 ds/min), 221,314,788 states left on queue.
Progress(46) at 2026-07-21 10:43:26: 37,667,575,526 states generated (27,412,284 s/min), 4,843,149,693 distinct states found (2,804,629 ds/min), 220,529,209 states left on queue.
Progress(46) at 2026-07-21 10:44:26: 37,695,639,841 states generated (28,064,315 s/min), 4,845,792,331 distinct states found (2,642,638 ds/min), 219,764,183 states left on queue.
Progress(46) at 2026-07-21 10:45:26: 37,726,491,461 states generated (30,851,620 s/min), 4,848,996,668 distinct states found (3,204,337 ds/min), 219,180,185 states left on queue.
Progress(46) at 2026-07-21 10:46:26: 37,754,473,428 states generated (27,981,967 s/min), 4,851,832,358 distinct states found (2,835,690 ds/min), 218,581,848 states left on queue.
Progress(46) at 2026-07-21 10:47:26: 37,783,577,777 states generated (29,104,349 s/min), 4,854,704,342 distinct states found (2,871,984 ds/min), 217,876,361 states left on queue.
Progress(46) at 2026-07-21 10:48:26: 37,814,603,065 states generated (31,025,288 s/min), 4,857,944,842 distinct states found (3,240,500 ds/min), 217,411,199 states left on queue.
Progress(46) at 2026-07-21 10:49:26: 37,844,861,798 states generated (30,258,733 s/min), 4,861,001,661 distinct states found (3,056,819 ds/min), 216,764,012 states left on queue.
Progress(46) at 2026-07-21 10:50:26: 37,872,908,266 states generated (28,046,468 s/min), 4,863,889,948 distinct states found (2,888,287 ds/min), 216,026,589 states left on queue.
Progress(46) at 2026-07-21 10:51:26: 37,901,655,256 states generated (28,746,990 s/min), 4,866,914,369 distinct states found (3,024,421 ds/min), 215,646,432 states left on queue.
Progress(46) at 2026-07-21 10:52:26: 37,929,828,827 states generated (28,173,571 s/min), 4,869,743,279 distinct states found (2,828,910 ds/min), 215,204,083 states left on queue.
Progress(47) at 2026-07-21 10:53:26: 37,957,198,260 states generated (27,369,433 s/min), 4,872,939,134 distinct states found (3,195,855 ds/min), 215,081,808 states left on queue.
Progress(47) at 2026-07-21 10:54:26: 37,984,899,060 states generated (27,700,800 s/min), 4,875,686,347 distinct states found (2,747,213 ds/min), 214,401,235 states left on queue.
Progress(47) at 2026-07-21 10:55:26: 38,014,371,497 states generated (29,472,437 s/min), 4,878,771,395 distinct states found (3,085,048 ds/min), 213,631,936 states left on queue.
Progress(47) at 2026-07-21 10:56:26: 38,042,264,042 states generated (27,892,545 s/min), 4,881,641,100 distinct states found (2,869,705 ds/min), 213,087,545 states left on queue.
Progress(47) at 2026-07-21 10:57:26: 38,069,421,850 states generated (27,157,808 s/min), 4,884,527,850 distinct states found (2,886,750 ds/min), 212,837,050 states left on queue.
Progress(47) at 2026-07-21 10:58:26: 38,098,017,437 states generated (28,595,587 s/min), 4,887,629,067 distinct states found (3,101,217 ds/min), 212,385,398 states left on queue.
Progress(47) at 2026-07-21 10:59:26: 38,125,724,144 states generated (27,706,707 s/min), 4,890,561,731 distinct states found (2,932,664 ds/min), 211,978,648 states left on queue.
Progress(47) at 2026-07-21 11:00:26: 38,154,278,981 states generated (28,554,837 s/min), 4,893,738,124 distinct states found (3,176,393 ds/min), 211,936,451 states left on queue.
Checkpointing of run states/26-07-20-11-22-39
Checkpointing completed at (2026-07-21 11:01:29)
Progress(47) at 2026-07-21 11:01:29: 38,183,085,406 states generated (28,806,425 s/min), 4,896,932,090 distinct states found (3,193,966 ds/min), 211,913,273 states left on queue.
Progress(47) at 2026-07-21 11:02:29: 38,210,820,381 states generated (27,734,975 s/min), 4,899,837,249 distinct states found (2,905,159 ds/min), 211,616,821 states left on queue.
Progress(47) at 2026-07-21 11:03:29: 38,239,174,809 states generated (28,354,428 s/min), 4,902,834,550 distinct states found (2,997,301 ds/min), 211,282,070 states left on queue.
Progress(47) at 2026-07-21 11:04:29: 38,266,349,079 states generated (27,174,270 s/min), 4,905,473,226 distinct states found (2,638,676 ds/min), 210,626,216 states left on queue.
Progress(47) at 2026-07-21 11:05:29: 38,294,046,530 states generated (27,697,451 s/min), 4,908,517,654 distinct states found (3,044,428 ds/min), 210,213,652 states left on queue.
Progress(47) at 2026-07-21 11:06:29: 38,323,137,329 states generated (29,090,799 s/min), 4,911,839,146 distinct states found (3,321,492 ds/min), 210,072,273 states left on queue.
Progress(47) at 2026-07-21 11:07:29: 38,352,072,233 states generated (28,934,904 s/min), 4,914,886,248 distinct states found (3,047,102 ds/min), 209,600,744 states left on queue.
Progress(47) at 2026-07-21 11:08:29: 38,380,024,346 states generated (27,952,113 s/min), 4,917,749,283 distinct states found (2,863,035 ds/min), 209,074,062 states left on queue.
Progress(47) at 2026-07-21 11:09:29: 38,407,291,068 states generated (27,266,722 s/min), 4,920,794,661 distinct states found (3,045,378 ds/min), 208,658,938 states left on queue.
Progress(47) at 2026-07-21 11:10:29: 38,434,548,154 states generated (27,257,086 s/min), 4,923,628,861 distinct states found (2,834,200 ds/min), 208,031,530 states left on queue.
Progress(47) at 2026-07-21 11:11:29: 38,462,718,533 states generated (28,170,379 s/min), 4,926,707,744 distinct states found (3,078,883 ds/min), 207,970,292 states left on queue.
Progress(47) at 2026-07-21 11:12:29: 38,490,518,156 states generated (27,799,623 s/min), 4,929,622,402 distinct states found (2,914,658 ds/min), 207,590,685 states left on queue.
Progress(47) at 2026-07-21 11:13:32: 38,515,216,657 states generated (24,698,501 s/min), 4,932,332,846 distinct states found (2,710,444 ds/min), 207,339,168 states left on queue.
Progress(47) at 2026-07-21 11:14:32: 38,543,363,539 states generated (28,146,882 s/min), 4,935,435,953 distinct states found (3,103,107 ds/min), 207,111,875 states left on queue.
Progress(47) at 2026-07-21 11:15:32: 38,570,763,978 states generated (27,400,439 s/min), 4,938,396,643 distinct states found (2,960,690 ds/min), 206,975,440 states left on queue.
Progress(47) at 2026-07-21 11:16:32: 38,597,962,272 states generated (27,198,294 s/min), 4,941,274,572 distinct states found (2,877,929 ds/min), 206,705,192 states left on queue.
Progress(47) at 2026-07-21 11:17:32: 38,624,797,306 states generated (26,835,034 s/min), 4,943,941,262 distinct states found (2,666,690 ds/min), 206,260,274 states left on queue.
Progress(47) at 2026-07-21 11:18:32: 38,652,337,847 states generated (27,540,541 s/min), 4,946,764,068 distinct states found (2,822,806 ds/min), 205,580,166 states left on queue.
Progress(47) at 2026-07-21 11:19:32: 38,679,989,086 states generated (27,651,239 s/min), 4,949,826,115 distinct states found (3,062,047 ds/min), 205,245,788 states left on queue.
Progress(47) at 2026-07-21 11:20:32: 38,707,090,825 states generated (27,101,739 s/min), 4,952,747,514 distinct states found (2,921,399 ds/min), 204,710,472 states left on queue.
Progress(47) at 2026-07-21 11:21:32: 38,734,326,207 states generated (27,235,382 s/min), 4,955,559,464 distinct states found (2,811,950 ds/min), 204,078,179 states left on queue.
Progress(47) at 2026-07-21 11:22:32: 38,763,003,453 states generated (28,677,246 s/min), 4,958,199,956 distinct states found (2,640,492 ds/min), 203,223,626 states left on queue.
Progress(47) at 2026-07-21 11:23:32: 38,790,177,748 states generated (27,174,295 s/min), 4,961,144,815 distinct states found (2,944,859 ds/min), 202,673,198 states left on queue.
Progress(47) at 2026-07-21 11:24:32: 38,819,025,772 states generated (28,848,024 s/min), 4,963,987,624 distinct states found (2,842,809 ds/min), 202,088,323 states left on queue.
Progress(47) at 2026-07-21 11:25:32: 38,848,116,061 states generated (29,090,289 s/min), 4,966,902,084 distinct states found (2,914,460 ds/min), 201,543,090 states left on queue.
Progress(47) at 2026-07-21 11:26:32: 38,876,620,470 states generated (28,504,409 s/min), 4,969,657,021 distinct states found (2,754,937 ds/min), 200,895,203 states left on queue.
Progress(47) at 2026-07-21 11:27:32: 38,903,645,003 states generated (27,024,533 s/min), 4,972,378,323 distinct states found (2,721,302 ds/min), 200,447,096 states left on queue.
Progress(47) at 2026-07-21 11:28:32: 38,931,848,611 states generated (28,203,608 s/min), 4,974,921,973 distinct states found (2,543,650 ds/min), 199,705,880 states left on queue.
Progress(47) at 2026-07-21 11:29:32: 38,959,150,495 states generated (27,301,884 s/min), 4,977,412,685 distinct states found (2,490,712 ds/min), 198,845,206 states left on queue.
Progress(47) at 2026-07-21 11:30:32: 38,987,454,146 states generated (28,303,651 s/min), 4,980,420,502 distinct states found (3,007,817 ds/min), 198,433,729 states left on queue.
Checkpointing of run states/26-07-20-11-22-39
Checkpointing completed at (2026-07-21 11:31:35)
Progress(47) at 2026-07-21 11:31:35: 39,019,298,227 states generated (31,844,081 s/min), 4,983,937,600 distinct states found (3,517,098 ds/min), 198,207,966 states left on queue.
Progress(47) at 2026-07-21 11:32:35: 39,049,458,878 states generated (30,160,651 s/min), 4,987,149,280 distinct states found (3,211,680 ds/min), 197,769,235 states left on queue.
Progress(47) at 2026-07-21 11:33:35: 39,078,600,417 states generated (29,141,539 s/min), 4,990,133,664 distinct states found (2,984,384 ds/min), 197,421,864 states left on queue.
Progress(47) at 2026-07-21 11:34:35: 39,107,041,586 states generated (28,441,169 s/min), 4,993,014,015 distinct states found (2,880,351 ds/min), 196,973,828 states left on queue.
Progress(47) at 2026-07-21 11:35:35: 39,134,963,436 states generated (27,921,850 s/min), 4,995,669,443 distinct states found (2,655,428 ds/min), 196,342,121 states left on queue.
Progress(47) at 2026-07-21 11:36:35: 39,163,708,516 states generated (28,745,080 s/min), 4,998,847,735 distinct states found (3,178,292 ds/min), 196,343,269 states left on queue.
Progress(47) at 2026-07-21 11:37:35: 39,192,198,027 states generated (28,489,511 s/min), 5,001,735,506 distinct states found (2,887,771 ds/min), 196,076,559 states left on queue.
Progress(47) at 2026-07-21 11:38:35: 39,220,604,170 states generated (28,406,143 s/min), 5,004,608,474 distinct states found (2,872,968 ds/min), 195,693,438 states left on queue.
Progress(47) at 2026-07-21 11:39:35: 39,249,582,759 states generated (28,978,589 s/min), 5,007,749,656 distinct states found (3,141,182 ds/min), 195,406,758 states left on queue.
Progress(47) at 2026-07-21 11:40:35: 39,278,452,768 states generated (28,870,009 s/min), 5,010,867,928 distinct states found (3,118,272 ds/min), 195,106,308 states left on queue.
Progress(47) at 2026-07-21 11:41:35: 39,305,894,300 states generated (27,441,532 s/min), 5,013,706,577 distinct states found (2,838,649 ds/min), 194,551,055 states left on queue.
Progress(47) at 2026-07-21 11:42:35: 39,334,379,674 states generated (28,485,374 s/min), 5,016,766,977 distinct states found (3,060,400 ds/min), 194,262,567 states left on queue.
Progress(47) at 2026-07-21 11:43:35: 39,362,972,097 states generated (28,592,423 s/min), 5,019,657,624 distinct states found (2,890,647 ds/min), 193,665,210 states left on queue.
Progress(47) at 2026-07-21 11:44:35: 39,391,224,240 states generated (28,252,143 s/min), 5,022,618,365 distinct states found (2,960,741 ds/min), 193,373,401 states left on queue.
Progress(47) at 2026-07-21 11:45:35: 39,418,884,041 states generated (27,659,801 s/min), 5,025,366,189 distinct states found (2,747,824 ds/min), 192,678,344 states left on queue.
Progress(47) at 2026-07-21 11:46:35: 39,447,934,952 states generated (29,050,911 s/min), 5,028,597,517 distinct states found (3,231,328 ds/min), 192,314,233 states left on queue.
Progress(47) at 2026-07-21 11:47:35: 39,476,436,309 states generated (28,501,357 s/min), 5,031,716,463 distinct states found (3,118,946 ds/min), 191,759,173 states left on queue.
Progress(47) at 2026-07-21 11:48:35: 39,504,023,873 states generated (27,587,564 s/min), 5,034,457,935 distinct states found (2,741,472 ds/min), 190,944,336 states left on queue.
Progress(47) at 2026-07-21 11:49:35: 39,533,309,413 states generated (29,285,540 s/min), 5,037,307,377 distinct states found (2,849,442 ds/min), 190,237,579 states left on queue.
Progress(47) at 2026-07-21 11:50:35: 39,562,325,945 states generated (29,016,532 s/min), 5,040,167,169 distinct states found (2,859,792 ds/min), 189,495,536 states left on queue.
Progress(47) at 2026-07-21 11:51:35: 39,590,677,863 states generated (28,351,918 s/min), 5,042,897,714 distinct states found (2,730,545 ds/min), 188,724,889 states left on queue.
Progress(47) at 2026-07-21 11:52:35: 39,621,556,447 states generated (30,878,584 s/min), 5,046,035,187 distinct states found (3,137,473 ds/min), 188,208,113 states left on queue.
Progress(47) at 2026-07-21 11:53:35: 39,651,295,822 states generated (29,739,375 s/min), 5,048,949,910 distinct states found (2,914,723 ds/min), 187,448,365 states left on queue.
Progress(47) at 2026-07-21 11:54:35: 39,679,106,291 states generated (27,810,469 s/min), 5,051,723,433 distinct states found (2,773,523 ds/min), 186,684,681 states left on queue.
Progress(47) at 2026-07-21 11:55:35: 39,708,229,919 states generated (29,123,628 s/min), 5,054,749,654 distinct states found (3,026,221 ds/min), 186,390,984 states left on queue.
Progress(48) at 2026-07-21 11:56:35: 39,735,466,469 states generated (27,236,550 s/min), 5,057,578,220 distinct states found (2,828,566 ds/min), 185,918,212 states left on queue.
Progress(48) at 2026-07-21 11:57:35: 39,763,047,605 states generated (27,581,136 s/min), 5,060,496,174 distinct states found (2,917,954 ds/min), 185,488,972 states left on queue.
Progress(48) at 2026-07-21 11:58:35: 39,792,147,193 states generated (29,099,588 s/min), 5,063,429,001 distinct states found (2,932,827 ds/min), 184,644,297 states left on queue.
Progress(48) at 2026-07-21 11:59:35: 39,819,919,793 states generated (27,772,600 s/min), 5,066,242,859 distinct states found (2,813,858 ds/min), 184,086,005 states left on queue.
Progress(48) at 2026-07-21 12:00:35: 39,847,450,580 states generated (27,530,787 s/min), 5,069,129,927 distinct states found (2,887,068 ds/min), 183,770,395 states left on queue.
Checkpointing of run states/26-07-20-11-22-39
Checkpointing completed at (2026-07-21 12:01:38)
Progress(48) at 2026-07-21 12:01:38: 39,877,168,198 states generated (29,717,618 s/min), 5,072,315,984 distinct states found (3,186,057 ds/min), 183,270,623 states left on queue.
Progress(48) at 2026-07-21 12:02:38: 39,905,148,344 states generated (27,980,146 s/min), 5,075,215,043 distinct states found (2,899,059 ds/min), 182,891,962 states left on queue.
Progress(48) at 2026-07-21 12:03:38: 39,933,130,650 states generated (27,982,306 s/min), 5,078,242,899 distinct states found (3,027,856 ds/min), 182,730,723 states left on queue.
Progress(48) at 2026-07-21 12:04:38: 39,960,835,668 states generated (27,705,018 s/min), 5,081,193,026 distinct states found (2,950,127 ds/min), 182,647,468 states left on queue.
Progress(48) at 2026-07-21 12:05:38: 39,989,273,595 states generated (28,437,927 s/min), 5,084,055,402 distinct states found (2,862,376 ds/min), 182,191,695 states left on queue.
Progress(48) at 2026-07-21 12:06:38: 40,016,350,393 states generated (27,076,798 s/min), 5,086,708,059 distinct states found (2,652,657 ds/min), 181,553,077 states left on queue.
Progress(48) at 2026-07-21 12:07:38: 40,044,344,542 states generated (27,994,149 s/min), 5,089,688,447 distinct states found (2,980,388 ds/min), 181,055,716 states left on queue.
Progress(48) at 2026-07-21 12:08:38: 40,073,327,710 states generated (28,983,168 s/min), 5,092,867,042 distinct states found (3,178,595 ds/min), 180,786,448 states left on queue.
Progress(48) at 2026-07-21 12:09:38: 40,101,767,393 states generated (28,439,683 s/min), 5,095,783,549 distinct states found (2,916,507 ds/min), 180,230,914 states left on queue.
Progress(48) at 2026-07-21 12:10:38: 40,129,321,150 states generated (27,553,757 s/min), 5,098,621,540 distinct states found (2,837,991 ds/min), 179,646,876 states left on queue.
Progress(48) at 2026-07-21 12:11:38: 40,156,717,866 states generated (27,396,716 s/min), 5,101,546,743 distinct states found (2,925,203 ds/min), 179,134,738 states left on queue.
Progress(48) at 2026-07-21 12:12:38: 40,184,476,838 states generated (27,758,972 s/min), 5,104,460,189 distinct states found (2,913,446 ds/min), 178,801,432 states left on queue.
Progress(48) at 2026-07-21 12:13:52: 40,209,254,499 states generated (24,777,661 s/min), 5,106,928,743 distinct states found (2,468,554 ds/min), 178,434,393 states left on queue.
Progress(48) at 2026-07-21 12:14:52: 40,236,491,531 states generated (27,237,032 s/min), 5,109,918,841 distinct states found (2,990,098 ds/min), 178,128,886 states left on queue.
Progress(48) at 2026-07-21 12:15:52: 40,263,599,437 states generated (27,107,906 s/min), 5,112,742,814 distinct states found (2,823,973 ds/min), 177,738,210 states left on queue.
Progress(48) at 2026-07-21 12:16:52: 40,291,291,053 states generated (27,691,616 s/min), 5,115,725,472 distinct states found (2,982,658 ds/min), 177,584,371 states left on queue.
Progress(48) at 2026-07-21 12:17:52: 40,318,347,812 states generated (27,056,759 s/min), 5,118,491,169 distinct states found (2,765,697 ds/min), 177,224,816 states left on queue.
Progress(48) at 2026-07-21 12:18:52: 40,345,211,373 states generated (26,863,561 s/min), 5,121,114,688 distinct states found (2,623,519 ds/min), 176,716,438 states left on queue.
Progress(48) at 2026-07-21 12:19:52: 40,372,302,397 states generated (27,091,024 s/min), 5,123,911,155 distinct states found (2,796,467 ds/min), 176,118,540 states left on queue.
Progress(48) at 2026-07-21 12:20:52: 40,399,632,119 states generated (27,329,722 s/min), 5,126,839,323 distinct states found (2,928,168 ds/min), 175,612,937 states left on queue.
Progress(48) at 2026-07-21 12:21:52: 40,426,352,068 states generated (26,719,949 s/min), 5,129,510,817 distinct states found (2,671,494 ds/min), 174,911,080 states left on queue.
Progress(48) at 2026-07-21 12:22:52: 40,454,642,167 states generated (28,290,099 s/min), 5,132,140,044 distinct states found (2,629,227 ds/min), 174,049,285 states left on queue.
Progress(48) at 2026-07-21 12:23:52: 40,481,298,871 states generated (26,656,704 s/min), 5,134,918,608 distinct states found (2,778,564 ds/min), 173,386,376 states left on queue.
Progress(48) at 2026-07-21 12:24:52: 40,510,093,245 states generated (28,794,374 s/min), 5,137,674,212 distinct states found (2,755,604 ds/min), 172,816,686 states left on queue.
Progress(48) at 2026-07-21 12:25:52: 40,538,623,458 states generated (28,530,213 s/min), 5,140,450,241 distinct states found (2,776,029 ds/min), 172,209,898 states left on queue.
Progress(48) at 2026-07-21 12:26:52: 40,565,989,106 states generated (27,365,648 s/min), 5,143,122,684 distinct states found (2,672,443 ds/min), 171,597,092 states left on queue.
Progress(48) at 2026-07-21 12:27:52: 40,593,655,067 states generated (27,665,961 s/min), 5,145,602,535 distinct states found (2,479,851 ds/min), 170,868,031 states left on queue.
Progress(48) at 2026-07-21 12:28:52: 40,620,409,067 states generated (26,754,000 s/min), 5,147,987,333 distinct states found (2,384,798 ds/min), 170,023,807 states left on queue.
Progress(48) at 2026-07-21 12:29:52: 40,649,590,676 states generated (29,181,609 s/min), 5,151,118,973 distinct states found (3,131,640 ds/min), 169,647,770 states left on queue.
Progress(48) at 2026-07-21 12:30:52: 40,679,887,560 states generated (30,296,884 s/min), 5,154,408,370 distinct states found (3,289,397 ds/min), 169,301,313 states left on queue.
Checkpointing of run states/26-07-20-11-22-39
Checkpointing completed at (2026-07-21 12:31:55)
Progress(48) at 2026-07-21 12:31:55: 40,711,063,139 states generated (31,175,579 s/min), 5,157,596,484 distinct states found (3,188,114 ds/min), 168,792,333 states left on queue.
Progress(48) at 2026-07-21 12:32:55: 40,739,237,659 states generated (28,174,520 s/min), 5,160,330,823 distinct states found (2,734,339 ds/min), 168,294,748 states left on queue.
Progress(48) at 2026-07-21 12:33:55: 40,767,189,901 states generated (27,952,242 s/min), 5,162,991,717 distinct states found (2,660,894 ds/min), 167,663,221 states left on queue.
Progress(48) at 2026-07-21 12:34:55: 40,796,439,117 states generated (29,249,216 s/min), 5,166,115,625 distinct states found (3,123,908 ds/min), 167,543,110 states left on queue.
Progress(48) at 2026-07-21 12:35:55: 40,824,642,825 states generated (28,203,708 s/min), 5,168,922,114 distinct states found (2,806,489 ds/min), 167,193,999 states left on queue.
Progress(48) at 2026-07-21 12:36:55: 40,852,641,533 states generated (27,998,708 s/min), 5,171,711,712 distinct states found (2,789,598 ds/min), 166,781,510 states left on queue.
Progress(48) at 2026-07-21 12:37:55: 40,881,166,965 states generated (28,525,432 s/min), 5,174,767,243 distinct states found (3,055,531 ds/min), 166,419,371 states left on queue.
Progress(48) at 2026-07-21 12:38:55: 40,909,439,643 states generated (28,272,678 s/min), 5,177,667,839 distinct states found (2,900,596 ds/min), 165,920,714 states left on queue.
Progress(48) at 2026-07-21 12:39:55: 40,937,604,533 states generated (28,164,890 s/min), 5,180,648,895 distinct states found (2,981,056 ds/min), 165,511,457 states left on queue.
Progress(48) at 2026-07-21 12:40:55: 40,966,235,355 states generated (28,630,822 s/min), 5,183,512,433 distinct states found (2,863,538 ds/min), 164,971,105 states left on queue.
Progress(48) at 2026-07-21 12:41:55: 40,994,276,309 states generated (28,040,954 s/min), 5,186,363,081 distinct states found (2,850,648 ds/min), 164,484,430 states left on queue.
Progress(48) at 2026-07-21 12:42:55: 41,021,414,936 states generated (27,138,627 s/min), 5,189,004,446 distinct states found (2,641,365 ds/min), 163,816,723 states left on queue.
Progress(48) at 2026-07-21 12:43:55: 41,050,211,203 states generated (28,796,267 s/min), 5,192,127,794 distinct states found (3,123,348 ds/min), 163,361,622 states left on queue.
Progress(48) at 2026-07-21 12:44:55: 41,078,262,596 states generated (28,051,393 s/min), 5,195,087,370 distinct states found (2,959,576 ds/min), 162,719,989 states left on queue.
Progress(48) at 2026-07-21 12:45:55: 41,105,098,889 states generated (26,836,293 s/min), 5,197,594,439 distinct states found (2,507,069 ds/min), 161,829,136 states left on queue.
Progress(48) at 2026-07-21 12:46:55: 41,135,205,905 states generated (30,107,016 s/min), 5,200,573,996 distinct states found (2,979,557 ds/min), 161,110,736 states left on queue.
Progress(48) at 2026-07-21 12:47:55: 41,163,453,632 states generated (28,247,727 s/min), 5,203,215,345 distinct states found (2,641,349 ds/min), 160,275,962 states left on queue.
Progress(48) at 2026-07-21 12:48:55: 41,193,639,542 states generated (30,185,910 s/min), 5,206,184,674 distinct states found (2,969,329 ds/min), 159,637,364 states left on queue.
Progress(48) at 2026-07-21 12:49:55: 41,222,293,195 states generated (28,653,653 s/min), 5,208,924,339 distinct states found (2,739,665 ds/min), 158,798,614 states left on queue.
Progress(48) at 2026-07-21 12:50:55: 41,250,315,739 states generated (28,022,544 s/min), 5,211,730,281 distinct states found (2,805,942 ds/min), 158,241,962 states left on queue.
Progress(49) at 2026-07-21 12:51:55: 41,277,865,884 states generated (27,550,145 s/min), 5,214,408,466 distinct states found (2,678,185 ds/min), 157,670,656 states left on queue.
Progress(49) at 2026-07-21 12:52:55: 41,304,585,167 states generated (26,719,283 s/min), 5,217,332,195 distinct states found (2,923,729 ds/min), 157,357,953 states left on queue.
Progress(49) at 2026-07-21 12:53:55: 41,333,533,442 states generated (28,948,275 s/min), 5,220,135,383 distinct states found (2,803,188 ds/min), 156,426,597 states left on queue.
Progress(49) at 2026-07-21 12:54:55: 41,361,007,498 states generated (27,474,056 s/min), 5,222,983,262 distinct states found (2,847,879 ds/min), 156,007,857 states left on queue.
Progress(49) at 2026-07-21 12:55:55: 41,388,347,515 states generated (27,340,017 s/min), 5,225,734,669 distinct states found (2,751,407 ds/min), 155,491,277 states left on queue.
Progress(49) at 2026-07-21 12:56:55: 41,415,780,752 states generated (27,433,237 s/min), 5,228,492,360 distinct states found (2,757,691 ds/min), 154,907,961 states left on queue.
Progress(49) at 2026-07-21 12:57:55: 41,443,798,533 states generated (28,017,781 s/min), 5,231,492,921 distinct states found (3,000,561 ds/min), 154,742,864 states left on queue.
Progress(49) at 2026-07-21 12:58:55: 41,471,317,869 states generated (27,519,336 s/min), 5,234,417,329 distinct states found (2,924,408 ds/min), 154,597,546 states left on queue.
Progress(49) at 2026-07-21 12:59:55: 41,498,768,280 states generated (27,450,411 s/min), 5,237,172,526 distinct states found (2,755,197 ds/min), 154,166,682 states left on queue.
Progress(49) at 2026-07-21 13:00:55: 41,526,049,750 states generated (27,281,470 s/min), 5,239,782,377 distinct states found (2,609,851 ds/min), 153,500,179 states left on queue.
Checkpointing of run states/26-07-20-11-22-39
Checkpointing completed at (2026-07-21 13:01:58)
Progress(49) at 2026-07-21 13:01:58: 41,554,866,685 states generated (28,816,935 s/min), 5,242,750,365 distinct states found (2,967,988 ds/min), 152,923,135 states left on queue.
Progress(49) at 2026-07-21 13:02:58: 41,583,301,792 states generated (28,435,107 s/min), 5,245,757,737 distinct states found (3,007,372 ds/min), 152,519,016 states left on queue.
Progress(49) at 2026-07-21 13:03:58: 41,611,247,153 states generated (27,945,361 s/min), 5,248,510,892 distinct states found (2,753,155 ds/min), 151,860,571 states left on queue.
Progress(49) at 2026-07-21 13:04:58: 41,638,198,285 states generated (26,951,132 s/min), 5,251,305,310 distinct states found (2,794,418 ds/min), 151,298,040 states left on queue.
Progress(49) at 2026-07-21 13:05:58: 41,665,283,055 states generated (27,084,770 s/min), 5,254,024,262 distinct states found (2,718,952 ds/min), 150,700,258 states left on queue.
Progress(49) at 2026-07-21 13:06:58: 41,692,875,980 states generated (27,592,925 s/min), 5,256,863,401 distinct states found (2,839,139 ds/min), 150,456,891 states left on queue.
Progress(49) at 2026-07-21 13:07:58: 41,719,523,046 states generated (26,647,066 s/min), 5,259,685,985 distinct states found (2,822,584 ds/min), 150,042,418 states left on queue.
Progress(49) at 2026-07-21 13:08:58: 41,746,582,021 states generated (27,058,975 s/min), 5,262,422,876 distinct states found (2,736,891 ds/min), 149,569,184 states left on queue.
Progress(49) at 2026-07-21 13:09:58: 41,773,869,971 states generated (27,287,950 s/min), 5,265,263,130 distinct states found (2,840,254 ds/min), 149,310,128 states left on queue.
Progress(49) at 2026-07-21 13:10:58: 41,800,507,160 states generated (26,637,189 s/min), 5,267,874,608 distinct states found (2,611,478 ds/min), 148,854,634 states left on queue.
Progress(49) at 2026-07-21 13:11:58: 41,827,539,411 states generated (27,032,251 s/min), 5,270,436,128 distinct states found (2,561,520 ds/min), 148,167,629 states left on queue.
Progress(49) at 2026-07-21 13:12:58: 41,854,329,693 states generated (26,790,282 s/min), 5,273,248,809 distinct states found (2,812,681 ds/min), 147,660,645 states left on queue.
Progress(49) at 2026-07-21 13:14:16: 41,877,887,248 states generated (23,557,555 s/min), 5,275,640,000 distinct states found (2,391,191 ds/min), 147,081,804 states left on queue.
Progress(49) at 2026-07-21 13:15:16: 41,905,431,211 states generated (27,543,963 s/min), 5,278,189,982 distinct states found (2,549,982 ds/min), 146,187,418 states left on queue.
Progress(49) at 2026-07-21 13:16:16: 41,932,402,598 states generated (26,971,387 s/min), 5,280,886,169 distinct states found (2,696,187 ds/min), 145,447,228 states left on queue.
Progress(49) at 2026-07-21 13:17:16: 41,960,853,663 states generated (28,451,065 s/min), 5,283,599,223 distinct states found (2,713,054 ds/min), 144,874,941 states left on queue.
Progress(49) at 2026-07-21 13:18:16: 41,988,419,723 states generated (27,566,060 s/min), 5,286,124,926 distinct states found (2,525,703 ds/min), 144,083,471 states left on queue.
Progress(49) at 2026-07-21 13:19:16: 42,016,009,621 states generated (27,589,898 s/min), 5,288,674,628 distinct states found (2,549,702 ds/min), 143,462,246 states left on queue.
Progress(49) at 2026-07-21 13:20:16: 42,042,262,250 states generated (26,252,629 s/min), 5,290,945,655 distinct states found (2,271,027 ds/min), 142,591,776 states left on queue.
Progress(49) at 2026-07-21 13:21:16: 42,071,326,395 states generated (29,064,145 s/min), 5,294,070,790 distinct states found (3,125,135 ds/min), 142,213,916 states left on queue.
Progress(49) at 2026-07-21 13:22:16: 42,101,225,186 states generated (29,898,791 s/min), 5,297,201,453 distinct states found (3,130,663 ds/min), 141,699,758 states left on queue.
Progress(49) at 2026-07-21 13:23:16: 42,129,709,451 states generated (28,484,265 s/min), 5,299,972,624 distinct states found (2,771,171 ds/min), 141,202,868 states left on queue.
Progress(49) at 2026-07-21 13:24:16: 42,157,131,302 states generated (27,421,851 s/min), 5,302,576,870 distinct states found (2,604,246 ds/min), 140,583,078 states left on queue.
Progress(49) at 2026-07-21 13:25:16: 42,185,494,157 states generated (28,362,855 s/min), 5,305,459,212 distinct states found (2,882,342 ds/min), 140,267,375 states left on queue.
Progress(49) at 2026-07-21 13:26:16: 42,213,279,140 states generated (27,784,983 s/min), 5,308,203,596 distinct states found (2,744,384 ds/min), 139,906,948 states left on queue.
Progress(49) at 2026-07-21 13:27:16: 42,241,020,131 states generated (27,740,991 s/min), 5,310,896,087 distinct states found (2,692,491 ds/min), 139,429,747 states left on queue.
Progress(49) at 2026-07-21 13:28:16: 42,269,334,075 states generated (28,313,944 s/min), 5,313,873,742 distinct states found (2,977,655 ds/min), 139,024,226 states left on queue.
Progress(49) at 2026-07-21 13:29:16: 42,296,685,612 states generated (27,351,537 s/min), 5,316,618,574 distinct states found (2,744,832 ds/min), 138,457,907 states left on queue.
Progress(49) at 2026-07-21 13:30:16: 42,324,620,736 states generated (27,935,124 s/min), 5,319,473,595 distinct states found (2,855,021 ds/min), 137,994,702 states left on queue.
Progress(49) at 2026-07-21 13:31:16: 42,352,536,184 states generated (27,915,448 s/min), 5,322,206,049 distinct states found (2,732,454 ds/min), 137,347,974 states left on queue.
Checkpointing of run states/26-07-20-11-22-39
Checkpointing completed at (2026-07-21 13:32:19)
Progress(49) at 2026-07-21 13:32:19: 42,381,242,986 states generated (28,706,802 s/min), 5,324,937,214 distinct states found (2,731,165 ds/min), 136,732,996 states left on queue.
Progress(49) at 2026-07-21 13:33:19: 42,409,448,886 states generated (28,205,900 s/min), 5,327,945,339 distinct states found (3,008,125 ds/min), 136,208,055 states left on queue.
Progress(49) at 2026-07-21 13:34:19: 42,437,179,167 states generated (27,730,281 s/min), 5,330,809,047 distinct states found (2,863,708 ds/min), 135,496,037 states left on queue.
Progress(49) at 2026-07-21 13:35:19: 42,465,345,142 states generated (28,165,975 s/min), 5,333,432,752 distinct states found (2,623,705 ds/min), 134,627,893 states left on queue.
Progress(49) at 2026-07-21 13:36:19: 42,493,289,510 states generated (27,944,368 s/min), 5,336,045,370 distinct states found (2,612,618 ds/min), 133,774,139 states left on queue.
Progress(49) at 2026-07-21 13:37:19: 42,523,065,596 states generated (29,776,086 s/min), 5,338,869,443 distinct states found (2,824,073 ds/min), 133,026,825 states left on queue.
Progress(49) at 2026-07-21 13:38:19: 42,551,358,521 states generated (28,292,925 s/min), 5,341,510,506 distinct states found (2,641,063 ds/min), 132,114,171 states left on queue.
Progress(49) at 2026-07-21 13:39:19: 42,579,776,440 states generated (28,417,919 s/min), 5,344,283,359 distinct states found (2,772,853 ds/min), 131,596,783 states left on queue.
Progress(50) at 2026-07-21 13:40:19: 42,606,292,733 states generated (26,516,293 s/min), 5,347,034,757 distinct states found (2,751,398 ds/min), 131,134,000 states left on queue.
Progress(50) at 2026-07-21 13:41:19: 42,633,790,506 states generated (27,497,773 s/min), 5,349,714,686 distinct states found (2,679,929 ds/min), 130,379,013 states left on queue.
Progress(50) at 2026-07-21 13:42:19: 42,661,043,285 states generated (27,252,779 s/min), 5,352,406,774 distinct states found (2,692,088 ds/min), 129,743,184 states left on queue.
Progress(50) at 2026-07-21 13:43:19: 42,688,334,220 states generated (27,290,935 s/min), 5,355,085,262 distinct states found (2,678,488 ds/min), 129,157,273 states left on queue.
Progress(50) at 2026-07-21 13:44:19: 42,716,018,763 states generated (27,684,543 s/min), 5,357,848,511 distinct states found (2,763,249 ds/min), 128,569,790 states left on queue.
Progress(50) at 2026-07-21 13:45:19: 42,743,203,166 states generated (27,184,403 s/min), 5,360,709,421 distinct states found (2,860,910 ds/min), 128,348,360 states left on queue.
Progress(50) at 2026-07-21 13:46:19: 42,770,196,039 states generated (26,992,873 s/min), 5,363,494,764 distinct states found (2,785,343 ds/min), 128,166,830 states left on queue.
Progress(50) at 2026-07-21 13:47:19: 42,797,693,102 states generated (27,497,063 s/min), 5,366,141,450 distinct states found (2,646,686 ds/min), 127,554,522 states left on queue.
Progress(50) at 2026-07-21 13:48:19: 42,824,719,814 states generated (27,026,712 s/min), 5,368,691,831 distinct states found (2,550,381 ds/min), 126,783,191 states left on queue.
Progress(50) at 2026-07-21 13:49:19: 42,852,937,031 states generated (28,217,217 s/min), 5,371,702,964 distinct states found (3,011,133 ds/min), 126,399,795 states left on queue.
Progress(50) at 2026-07-21 13:50:19: 42,880,532,585 states generated (27,595,554 s/min), 5,374,355,401 distinct states found (2,652,437 ds/min), 125,687,445 states left on queue.
Progress(50) at 2026-07-21 13:51:19: 42,907,296,422 states generated (26,763,837 s/min), 5,377,030,917 distinct states found (2,675,516 ds/min), 125,036,153 states left on queue.
Progress(50) at 2026-07-21 13:52:19: 42,934,599,862 states generated (27,303,440 s/min), 5,379,812,496 distinct states found (2,781,579 ds/min), 124,618,699 states left on queue.
Progress(50) at 2026-07-21 13:53:19: 42,960,974,701 states generated (26,374,839 s/min), 5,382,396,880 distinct states found (2,584,384 ds/min), 124,113,505 states left on queue.
Progress(50) at 2026-07-21 13:54:19: 42,987,401,603 states generated (26,426,902 s/min), 5,385,012,437 distinct states found (2,615,557 ds/min), 123,548,307 states left on queue.
Progress(50) at 2026-07-21 13:55:19: 43,014,903,392 states generated (27,501,789 s/min), 5,387,902,598 distinct states found (2,890,161 ds/min), 123,297,326 states left on queue.
Progress(50) at 2026-07-21 13:56:19: 43,041,310,659 states generated (26,407,267 s/min), 5,390,436,234 distinct states found (2,533,636 ds/min), 122,803,645 states left on queue.
Progress(50) at 2026-07-21 13:57:19: 43,067,958,914 states generated (26,648,255 s/min), 5,392,915,480 distinct states found (2,479,246 ds/min), 122,062,436 states left on queue.
Progress(50) at 2026-07-21 13:58:19: 43,094,863,979 states generated (26,905,065 s/min), 5,395,671,867 distinct states found (2,756,387 ds/min), 121,510,633 states left on queue.
Progress(50) at 2026-07-21 13:59:19: 43,121,315,133 states generated (26,451,154 s/min), 5,398,146,552 distinct states found (2,474,685 ds/min), 120,637,017 states left on queue.
Progress(50) at 2026-07-21 14:00:19: 43,148,303,229 states generated (26,988,096 s/min), 5,400,737,207 distinct states found (2,590,655 ds/min), 119,833,989 states left on queue.
Progress(50) at 2026-07-21 14:01:19: 43,176,465,325 states generated (28,162,096 s/min), 5,403,334,676 distinct states found (2,597,469 ds/min), 119,152,162 states left on queue.
Checkpointing of run states/26-07-20-11-22-39
Checkpointing completed at (2026-07-21 14:02:22)
Progress(50) at 2026-07-21 14:02:22: 43,204,759,992 states generated (28,294,667 s/min), 5,405,920,948 distinct states found (2,586,272 ds/min), 118,414,768 states left on queue.
Progress(50) at 2026-07-21 14:03:22: 43,231,441,588 states generated (26,681,596 s/min), 5,408,158,562 distinct states found (2,237,614 ds/min), 117,491,353 states left on queue.
Progress(50) at 2026-07-21 14:04:22: 43,259,837,160 states generated (28,395,572 s/min), 5,411,121,082 distinct states found (2,962,520 ds/min), 117,036,440 states left on queue.
Progress(50) at 2026-07-21 14:05:22: 43,289,462,904 states generated (29,625,744 s/min), 5,414,124,999 distinct states found (3,003,917 ds/min), 116,449,660 states left on queue.
Progress(50) at 2026-07-21 14:06:22: 43,317,285,974 states generated (27,823,070 s/min), 5,416,733,809 distinct states found (2,608,810 ds/min), 115,863,227 states left on queue.
Progress(50) at 2026-07-21 14:07:22: 43,344,670,424 states generated (27,384,450 s/min), 5,419,312,430 distinct states found (2,578,621 ds/min), 115,232,795 states left on queue.
Progress(50) at 2026-07-21 14:08:22: 43,372,720,452 states generated (28,050,028 s/min), 5,422,140,056 distinct states found (2,827,626 ds/min), 114,939,800 states left on queue.
Progress(50) at 2026-07-21 14:09:22: 43,399,847,050 states generated (27,126,598 s/min), 5,424,689,234 distinct states found (2,549,178 ds/min), 114,387,674 states left on queue.
Progress(50) at 2026-07-21 14:10:22: 43,427,459,249 states generated (27,612,199 s/min), 5,427,509,130 distinct states found (2,819,896 ds/min), 113,943,377 states left on queue.
Progress(50) at 2026-07-21 14:11:22: 43,454,989,239 states generated (27,529,990 s/min), 5,430,216,537 distinct states found (2,707,407 ds/min), 113,295,794 states left on queue.
Progress(50) at 2026-07-21 14:12:22: 43,482,542,626 states generated (27,553,387 s/min), 5,432,976,989 distinct states found (2,760,452 ds/min), 112,803,890 states left on queue.
Progress(50) at 2026-07-21 14:13:22: 43,509,924,941 states generated (27,382,315 s/min), 5,435,621,160 distinct states found (2,644,171 ds/min), 112,192,227 states left on queue.
Progress(50) at 2026-07-21 14:14:41: 43,534,156,665 states generated (24,231,724 s/min), 5,438,014,059 distinct states found (2,392,899 ds/min), 111,595,913 states left on queue.
Progress(50) at 2026-07-21 14:15:41: 43,561,830,662 states generated (27,673,997 s/min), 5,440,837,149 distinct states found (2,823,090 ds/min), 110,944,789 states left on queue.
Progress(50) at 2026-07-21 14:16:41: 43,589,413,476 states generated (27,582,814 s/min), 5,443,376,523 distinct states found (2,539,374 ds/min), 110,043,309 states left on queue.
Progress(50) at 2026-07-21 14:17:41: 43,617,542,476 states generated (28,129,000 s/min), 5,445,938,275 distinct states found (2,561,752 ds/min), 109,134,978 states left on queue.
Progress(50) at 2026-07-21 14:18:41: 43,646,852,562 states generated (29,310,086 s/min), 5,448,643,534 distinct states found (2,705,259 ds/min), 108,282,471 states left on queue.
Progress(50) at 2026-07-21 14:19:41: 43,674,109,591 states generated (27,257,029 s/min), 5,451,222,074 distinct states found (2,578,540 ds/min), 107,576,549 states left on queue.
Progress(51) at 2026-07-21 14:20:41: 43,700,789,843 states generated (26,680,252 s/min), 5,453,864,443 distinct states found (2,642,369 ds/min), 107,028,003 states left on queue.
Progress(51) at 2026-07-21 14:21:41: 43,727,753,611 states generated (26,963,768 s/min), 5,456,436,060 distinct states found (2,571,617 ds/min), 106,210,661 states left on queue.
Progress(51) at 2026-07-21 14:22:41: 43,754,292,688 states generated (26,539,077 s/min), 5,459,049,037 distinct states found (2,612,977 ds/min), 105,707,428 states left on queue.
Progress(51) at 2026-07-21 14:23:41: 43,781,090,970 states generated (26,798,282 s/min), 5,461,639,254 distinct states found (2,590,217 ds/min), 105,010,003 states left on queue.
Progress(51) at 2026-07-21 14:24:41: 43,808,123,235 states generated (27,032,265 s/min), 5,464,388,568 distinct states found (2,749,314 ds/min), 104,665,897 states left on queue.
Progress(51) at 2026-07-21 14:25:41: 43,834,488,555 states generated (26,365,320 s/min), 5,467,081,471 distinct states found (2,692,903 ds/min), 104,399,860 states left on queue.
Progress(51) at 2026-07-21 14:26:41: 43,861,476,683 states generated (26,988,128 s/min), 5,469,618,394 distinct states found (2,536,923 ds/min), 103,782,541 states left on queue.
Progress(51) at 2026-07-21 14:27:41: 43,888,099,208 states generated (26,622,525 s/min), 5,472,126,608 distinct states found (2,508,214 ds/min), 103,028,314 states left on queue.
Progress(51) at 2026-07-21 14:28:41: 43,915,540,874 states generated (27,441,666 s/min), 5,474,933,563 distinct states found (2,806,955 ds/min), 102,528,209 states left on queue.
Progress(51) at 2026-07-21 14:29:41: 43,942,233,888 states generated (26,693,014 s/min), 5,477,470,640 distinct states found (2,537,077 ds/min), 101,761,899 states left on queue.
Progress(51) at 2026-07-21 14:30:41: 43,968,593,116 states generated (26,359,228 s/min), 5,480,033,491 distinct states found (2,562,851 ds/min), 101,143,368 states left on queue.
Progress(51) at 2026-07-21 14:31:41: 43,995,387,263 states generated (26,794,147 s/min), 5,482,633,035 distinct states found (2,599,544 ds/min), 100,655,098 states left on queue.
Checkpointing of run states/26-07-20-11-22-39
Checkpointing completed at (2026-07-21 14:32:44)
Progress(51) at 2026-07-21 14:32:44: 44,023,029,449 states generated (27,642,186 s/min), 5,485,331,045 distinct states found (2,698,010 ds/min), 100,050,175 states left on queue.
Progress(51) at 2026-07-21 14:33:44: 44,049,877,105 states generated (26,847,656 s/min), 5,488,027,284 distinct states found (2,696,239 ds/min), 99,684,867 states left on queue.
Progress(51) at 2026-07-21 14:34:44: 44,075,872,711 states generated (25,995,606 s/min), 5,490,437,327 distinct states found (2,410,043 ds/min), 99,107,307 states left on queue.
Progress(51) at 2026-07-21 14:35:44: 44,102,206,971 states generated (26,334,260 s/min), 5,492,936,687 distinct states found (2,499,360 ds/min), 98,370,083 states left on queue.
Progress(51) at 2026-07-21 14:36:44: 44,128,019,093 states generated (25,812,122 s/min), 5,495,409,619 distinct states found (2,472,932 ds/min), 97,591,803 states left on queue.
Progress(51) at 2026-07-21 14:37:44: 44,154,940,537 states generated (26,921,444 s/min), 5,497,906,987 distinct states found (2,497,368 ds/min), 96,756,413 states left on queue.
Progress(51) at 2026-07-21 14:38:44: 44,182,278,626 states generated (27,338,089 s/min), 5,500,306,729 distinct states found (2,399,742 ds/min), 95,942,138 states left on queue.
Progress(51) at 2026-07-21 14:39:44: 44,208,499,103 states generated (26,220,477 s/min), 5,502,566,734 distinct states found (2,260,005 ds/min), 95,123,716 states left on queue.
Progress(51) at 2026-07-21 14:40:44: 44,236,163,333 states generated (27,664,230 s/min), 5,505,285,883 distinct states found (2,719,149 ds/min), 94,530,886 states left on queue.
Progress(51) at 2026-07-21 14:41:44: 44,264,886,142 states generated (28,722,809 s/min), 5,508,141,239 distinct states found (2,855,356 ds/min), 93,872,577 states left on queue.
Progress(51) at 2026-07-21 14:42:44: 44,291,967,577 states generated (27,081,435 s/min), 5,510,657,079 distinct states found (2,515,840 ds/min), 93,249,752 states left on queue.
Progress(51) at 2026-07-21 14:43:44: 44,319,484,244 states generated (27,516,667 s/min), 5,513,309,184 distinct states found (2,652,105 ds/min), 92,771,896 states left on queue.
Progress(51) at 2026-07-21 14:44:44: 44,346,429,882 states generated (26,945,638 s/min), 5,515,829,542 distinct states found (2,520,358 ds/min), 92,241,855 states left on queue.
Progress(51) at 2026-07-21 14:45:44: 44,373,435,418 states generated (27,005,536 s/min), 5,518,437,334 distinct states found (2,607,792 ds/min), 91,706,842 states left on queue.
Progress(51) at 2026-07-21 14:46:44: 44,400,381,793 states generated (26,946,375 s/min), 5,521,065,337 distinct states found (2,628,003 ds/min), 91,046,722 states left on queue.
Progress(51) at 2026-07-21 14:47:44: 44,427,779,264 states generated (27,397,471 s/min), 5,523,713,025 distinct states found (2,647,688 ds/min), 90,439,632 states left on queue.
Progress(51) at 2026-07-21 14:48:44: 44,454,542,681 states generated (26,763,417 s/min), 5,526,186,632 distinct states found (2,473,607 ds/min), 89,757,053 states left on queue.
Progress(51) at 2026-07-21 14:49:44: 44,481,460,517 states generated (26,917,836 s/min), 5,528,864,663 distinct states found (2,678,031 ds/min), 89,063,895 states left on queue.
Progress(51) at 2026-07-21 14:50:44: 44,508,486,105 states generated (27,025,588 s/min), 5,531,407,549 distinct states found (2,542,886 ds/min), 88,195,932 states left on queue.
Progress(51) at 2026-07-21 14:51:44: 44,536,716,384 states generated (28,230,279 s/min), 5,533,933,418 distinct states found (2,525,869 ds/min), 87,286,870 states left on queue.
Progress(51) at 2026-07-21 14:52:44: 44,563,998,239 states generated (27,281,855 s/min), 5,536,369,175 distinct states found (2,435,757 ds/min), 86,316,782 states left on queue.
Progress(52) at 2026-07-21 14:53:44: 44,590,858,833 states generated (26,860,594 s/min), 5,538,925,581 distinct states found (2,556,406 ds/min), 85,720,778 states left on queue.
Progress(52) at 2026-07-21 14:54:44: 44,617,253,984 states generated (26,395,151 s/min), 5,541,458,157 distinct states found (2,532,576 ds/min), 84,962,278 states left on queue.
Progress(52) at 2026-07-21 14:55:44: 44,643,493,936 states generated (26,239,952 s/min), 5,543,964,884 distinct states found (2,506,727 ds/min), 84,394,546 states left on queue.
Progress(52) at 2026-07-21 14:56:44: 44,670,177,394 states generated (26,683,458 s/min), 5,546,526,317 distinct states found (2,561,433 ds/min), 83,703,849 states left on queue.
Progress(52) at 2026-07-21 14:57:44: 44,696,925,378 states generated (26,747,984 s/min), 5,549,268,515 distinct states found (2,742,198 ds/min), 83,397,709 states left on queue.
Progress(52) at 2026-07-21 14:58:44: 44,723,257,939 states generated (26,332,561 s/min), 5,551,774,228 distinct states found (2,505,713 ds/min), 82,915,272 states left on queue.
Progress(52) at 2026-07-21 14:59:44: 44,749,778,254 states generated (26,520,315 s/min), 5,554,170,978 distinct states found (2,396,750 ds/min), 82,104,169 states left on queue.
Progress(52) at 2026-07-21 15:00:44: 44,776,943,881 states generated (27,165,627 s/min), 5,556,869,396 distinct states found (2,698,418 ds/min), 81,508,007 states left on queue.
Progress(52) at 2026-07-21 15:01:44: 44,803,086,953 states generated (26,143,072 s/min), 5,559,283,607 distinct states found (2,414,211 ds/min), 80,694,067 states left on queue.
Checkpointing of run states/26-07-20-11-22-39
Checkpointing completed at (2026-07-21 15:02:48)
Progress(52) at 2026-07-21 15:02:48: 44,830,918,904 states generated (27,831,951 s/min), 5,561,956,588 distinct states found (2,672,981 ds/min), 80,162,429 states left on queue.
Progress(52) at 2026-07-21 15:03:48: 44,856,407,635 states generated (25,488,731 s/min), 5,564,323,032 distinct states found (2,366,444 ds/min), 79,447,444 states left on queue.
Progress(52) at 2026-07-21 15:04:48: 44,883,383,762 states generated (26,976,127 s/min), 5,566,994,810 distinct states found (2,671,778 ds/min), 79,042,403 states left on queue.
Progress(52) at 2026-07-21 15:05:48: 44,909,033,910 states generated (25,650,148 s/min), 5,569,282,798 distinct states found (2,287,988 ds/min), 78,357,226 states left on queue.
Progress(52) at 2026-07-21 15:06:48: 44,935,122,213 states generated (26,088,303 s/min), 5,571,768,745 distinct states found (2,485,947 ds/min), 77,614,751 states left on queue.
Progress(52) at 2026-07-21 15:07:48: 44,960,727,931 states generated (25,605,718 s/min), 5,574,083,802 distinct states found (2,315,057 ds/min), 76,687,127 states left on queue.
Progress(52) at 2026-07-21 15:08:48: 44,987,756,684 states generated (27,028,753 s/min), 5,576,437,371 distinct states found (2,353,569 ds/min), 75,857,791 states left on queue.
Progress(52) at 2026-07-21 15:09:48: 45,013,714,967 states generated (25,958,283 s/min), 5,578,640,833 distinct states found (2,203,462 ds/min), 74,993,679 states left on queue.
Progress(52) at 2026-07-21 15:10:48: 45,042,690,026 states generated (28,975,059 s/min), 5,581,618,579 distinct states found (2,977,746 ds/min), 74,459,764 states left on queue.
Progress(52) at 2026-07-21 15:11:48: 45,069,929,802 states generated (27,239,776 s/min), 5,584,074,995 distinct states found (2,456,416 ds/min), 73,726,974 states left on queue.
Progress(52) at 2026-07-21 15:12:48: 45,097,211,060 states generated (27,281,258 s/min), 5,586,660,687 distinct states found (2,585,692 ds/min), 73,200,430 states left on queue.
Progress(52) at 2026-07-21 15:13:48: 45,124,047,353 states generated (26,836,293 s/min), 5,589,083,493 distinct states found (2,422,806 ds/min), 72,544,182 states left on queue.
Progress(52) at 2026-07-21 15:14:59: 45,147,906,987 states generated (23,859,634 s/min), 5,591,432,889 distinct states found (2,349,396 ds/min), 72,067,458 states left on queue.
Progress(52) at 2026-07-21 15:15:59: 45,174,634,292 states generated (26,727,305 s/min), 5,593,964,881 distinct states found (2,531,992 ds/min), 71,387,023 states left on queue.
Progress(52) at 2026-07-21 15:16:59: 45,201,458,182 states generated (26,823,890 s/min), 5,596,430,099 distinct states found (2,465,218 ds/min), 70,676,687 states left on queue.
Progress(52) at 2026-07-21 15:17:59: 45,228,120,108 states generated (26,661,926 s/min), 5,598,955,691 distinct states found (2,525,592 ds/min), 69,881,580 states left on queue.
Progress(52) at 2026-07-21 15:18:59: 45,255,225,942 states generated (27,105,834 s/min), 5,601,431,765 distinct states found (2,476,074 ds/min), 68,937,634 states left on queue.
Progress(52) at 2026-07-21 15:19:59: 45,283,065,902 states generated (27,839,960 s/min), 5,603,846,249 distinct states found (2,414,484 ds/min), 67,940,517 states left on queue.
Progress(53) at 2026-07-21 15:20:59: 45,309,581,402 states generated (26,515,500 s/min), 5,606,303,129 distinct states found (2,456,880 ds/min), 67,260,988 states left on queue.
Progress(53) at 2026-07-21 15:21:59: 45,335,875,766 states generated (26,294,364 s/min), 5,608,774,856 distinct states found (2,471,727 ds/min), 66,501,527 states left on queue.
Progress(53) at 2026-07-21 15:22:59: 45,361,903,710 states generated (26,027,944 s/min), 5,611,192,960 distinct states found (2,418,104 ds/min), 65,784,876 states left on queue.
Progress(53) at 2026-07-21 15:23:59: 45,388,657,069 states generated (26,753,359 s/min), 5,613,814,878 distinct states found (2,621,918 ds/min), 65,313,152 states left on queue.
Progress(53) at 2026-07-21 15:24:59: 45,414,811,563 states generated (26,154,494 s/min), 5,616,337,939 distinct states found (2,523,061 ds/min), 64,859,701 states left on queue.
Progress(53) at 2026-07-21 15:25:59: 45,441,151,710 states generated (26,340,147 s/min), 5,618,715,784 distinct states found (2,377,845 ds/min), 64,062,937 states left on queue.
Progress(53) at 2026-07-21 15:26:59: 45,467,960,972 states generated (26,809,262 s/min), 5,621,208,406 distinct states found (2,492,622 ds/min), 63,290,763 states left on queue.
Progress(53) at 2026-07-21 15:27:59: 45,494,035,692 states generated (26,074,720 s/min), 5,623,680,250 distinct states found (2,471,844 ds/min), 62,652,775 states left on queue.
Progress(53) at 2026-07-21 15:28:59: 45,519,360,897 states generated (25,325,205 s/min), 5,625,952,044 distinct states found (2,271,794 ds/min), 61,920,938 states left on queue.
Progress(53) at 2026-07-21 15:29:59: 45,546,035,557 states generated (26,674,660 s/min), 5,628,489,690 distinct states found (2,537,646 ds/min), 61,394,656 states left on queue.
Progress(53) at 2026-07-21 15:30:59: 45,571,690,934 states generated (25,655,377 s/min), 5,630,759,781 distinct states found (2,270,091 ds/min), 60,628,586 states left on queue.
Progress(53) at 2026-07-21 15:31:59: 45,597,461,372 states generated (25,770,438 s/min), 5,633,080,613 distinct states found (2,320,832 ds/min), 59,737,525 states left on queue.
Checkpointing of run states/26-07-20-11-22-39
Checkpointing completed at (2026-07-21 15:33:03)
Progress(53) at 2026-07-21 15:33:03: 45,625,511,700 states generated (28,050,328 s/min), 5,635,516,895 distinct states found (2,436,282 ds/min), 58,822,696 states left on queue.
Progress(53) at 2026-07-21 15:34:03: 45,652,519,448 states generated (27,007,748 s/min), 5,637,951,844 distinct states found (2,434,949 ds/min), 58,040,323 states left on queue.
Progress(53) at 2026-07-21 15:35:03: 45,680,515,628 states generated (27,996,180 s/min), 5,640,599,106 distinct states found (2,647,262 ds/min), 57,319,201 states left on queue.
Progress(53) at 2026-07-21 15:36:03: 45,707,476,569 states generated (26,960,941 s/min), 5,643,049,674 distinct states found (2,450,568 ds/min), 56,667,284 states left on queue.
Progress(53) at 2026-07-21 15:37:03: 45,734,106,134 states generated (26,629,565 s/min), 5,645,436,321 distinct states found (2,386,647 ds/min), 56,008,865 states left on queue.
Progress(53) at 2026-07-21 15:38:03: 45,760,905,926 states generated (26,799,792 s/min), 5,647,962,917 distinct states found (2,526,596 ds/min), 55,296,253 states left on queue.
Progress(53) at 2026-07-21 15:39:03: 45,787,750,158 states generated (26,844,232 s/min), 5,650,416,108 distinct states found (2,453,191 ds/min), 54,559,576 states left on queue.
Progress(53) at 2026-07-21 15:40:03: 45,814,347,746 states generated (26,597,588 s/min), 5,652,907,777 distinct states found (2,491,669 ds/min), 53,773,135 states left on queue.
Progress(53) at 2026-07-21 15:41:03: 45,841,881,129 states generated (27,533,383 s/min), 5,655,309,739 distinct states found (2,401,962 ds/min), 52,774,231 states left on queue.
Progress(54) at 2026-07-21 15:42:03: 45,868,730,155 states generated (26,849,026 s/min), 5,657,627,561 distinct states found (2,317,822 ds/min), 51,847,610 states left on queue.
Progress(54) at 2026-07-21 15:43:03: 45,894,738,016 states generated (26,007,861 s/min), 5,660,057,259 distinct states found (2,429,698 ds/min), 51,091,679 states left on queue.
Progress(54) at 2026-07-21 15:44:03: 45,920,883,568 states generated (26,145,552 s/min), 5,662,453,529 distinct states found (2,396,270 ds/min), 50,355,026 states left on queue.
Progress(54) at 2026-07-21 15:45:03: 45,947,381,834 states generated (26,498,266 s/min), 5,665,052,788 distinct states found (2,599,259 ds/min), 49,946,939 states left on queue.
Progress(54) at 2026-07-21 15:46:03: 45,973,682,699 states generated (26,300,865 s/min), 5,667,347,350 distinct states found (2,294,562 ds/min), 49,121,800 states left on queue.
Progress(54) at 2026-07-21 15:47:03: 46,000,317,800 states generated (26,635,101 s/min), 5,669,815,071 distinct states found (2,467,721 ds/min), 48,332,097 states left on queue.
Progress(54) at 2026-07-21 15:48:03: 46,026,340,831 states generated (26,023,031 s/min), 5,672,166,039 distinct states found (2,350,968 ds/min), 47,641,988 states left on queue.
Progress(54) at 2026-07-21 15:49:03: 46,052,440,492 states generated (26,099,661 s/min), 5,674,557,000 distinct states found (2,390,961 ds/min), 46,956,223 states left on queue.
Progress(54) at 2026-07-21 15:50:03: 46,078,082,087 states generated (25,641,595 s/min), 5,676,776,907 distinct states found (2,219,907 ds/min), 46,170,536 states left on queue.
Progress(54) at 2026-07-21 15:51:03: 46,103,799,541 states generated (25,717,454 s/min), 5,679,066,721 distinct states found (2,289,814 ds/min), 45,272,280 states left on queue.
Progress(54) at 2026-07-21 15:52:03: 46,130,147,889 states generated (26,348,348 s/min), 5,681,230,745 distinct states found (2,164,024 ds/min), 44,310,129 states left on queue.
Progress(54) at 2026-07-21 15:53:03: 46,158,419,800 states generated (28,271,911 s/min), 5,683,933,670 distinct states found (2,702,925 ds/min), 43,593,455 states left on queue.
Progress(54) at 2026-07-21 15:54:03: 46,185,351,863 states generated (26,932,063 s/min), 5,686,334,301 distinct states found (2,400,631 ds/min), 42,908,972 states left on queue.
Progress(54) at 2026-07-21 15:55:03: 46,211,940,979 states generated (26,589,116 s/min), 5,688,707,483 distinct states found (2,373,182 ds/min), 42,183,255 states left on queue.
Progress(54) at 2026-07-21 15:56:03: 46,238,726,819 states generated (26,785,840 s/min), 5,691,112,111 distinct states found (2,404,628 ds/min), 41,367,724 states left on queue.
Progress(54) at 2026-07-21 15:57:03: 46,265,215,460 states generated (26,488,641 s/min), 5,693,540,041 distinct states found (2,427,930 ds/min), 40,545,158 states left on queue.
Progress(54) at 2026-07-21 15:58:03: 46,292,542,805 states generated (27,327,345 s/min), 5,695,831,344 distinct states found (2,291,303 ds/min), 39,434,717 states left on queue.
Progress(55) at 2026-07-21 15:59:03: 46,318,711,940 states generated (26,169,135 s/min), 5,698,174,150 distinct states found (2,342,806 ds/min), 38,616,621 states left on queue.
Progress(55) at 2026-07-21 16:00:03: 46,344,796,888 states generated (26,084,948 s/min), 5,700,536,485 distinct states found (2,362,335 ds/min), 37,870,286 states left on queue.
Progress(55) at 2026-07-21 16:01:03: 46,371,212,334 states generated (26,415,446 s/min), 5,703,029,492 distinct states found (2,493,007 ds/min), 37,358,998 states left on queue.
Progress(55) at 2026-07-21 16:02:03: 46,397,692,188 states generated (26,479,854 s/min), 5,705,362,590 distinct states found (2,333,098 ds/min), 36,481,779 states left on queue.
Checkpointing of run states/26-07-20-11-22-39
Checkpointing completed at (2026-07-21 16:03:07)
Progress(55) at 2026-07-21 16:03:07: 46,425,256,209 states generated (27,564,021 s/min), 5,707,769,089 distinct states found (2,406,499 ds/min), 35,618,884 states left on queue.
Progress(55) at 2026-07-21 16:04:07: 46,451,322,660 states generated (26,066,451 s/min), 5,710,078,385 distinct states found (2,309,296 ds/min), 34,877,727 states left on queue.
Progress(55) at 2026-07-21 16:05:07: 46,476,938,070 states generated (25,615,410 s/min), 5,712,240,973 distinct states found (2,162,588 ds/min), 33,946,763 states left on queue.
Progress(55) at 2026-07-21 16:06:07: 46,503,316,720 states generated (26,378,650 s/min), 5,714,459,141 distinct states found (2,218,168 ds/min), 32,978,242 states left on queue.
Progress(55) at 2026-07-21 16:07:07: 46,530,856,196 states generated (27,539,476 s/min), 5,716,919,050 distinct states found (2,459,909 ds/min), 32,134,083 states left on queue.
Progress(55) at 2026-07-21 16:08:07: 46,557,675,377 states generated (26,819,181 s/min), 5,719,292,635 distinct states found (2,373,585 ds/min), 31,432,279 states left on queue.
Progress(55) at 2026-07-21 16:09:07: 46,584,397,165 states generated (26,721,788 s/min), 5,721,663,738 distinct states found (2,371,103 ds/min), 30,594,885 states left on queue.
Progress(55) at 2026-07-21 16:10:07: 46,611,032,086 states generated (26,634,921 s/min), 5,724,031,166 distinct states found (2,367,428 ds/min), 29,664,361 states left on queue.
Progress(56) at 2026-07-21 16:11:07: 46,637,625,580 states generated (26,593,494 s/min), 5,726,272,758 distinct states found (2,241,592 ds/min), 28,689,147 states left on queue.
Progress(56) at 2026-07-21 16:12:07: 46,663,784,232 states generated (26,158,652 s/min), 5,728,611,867 distinct states found (2,339,109 ds/min), 27,883,477 states left on queue.
Progress(56) at 2026-07-21 16:13:07: 46,690,042,984 states generated (26,258,752 s/min), 5,730,920,888 distinct states found (2,309,021 ds/min), 27,153,013 states left on queue.
Progress(56) at 2026-07-21 16:14:07: 46,716,299,514 states generated (26,256,530 s/min), 5,733,224,294 distinct states found (2,303,406 ds/min), 26,265,917 states left on queue.
Progress(56) at 2026-07-21 16:15:16: 46,739,096,805 states generated (22,797,291 s/min), 5,735,181,428 distinct states found (1,957,134 ds/min), 25,566,047 states left on queue.
Progress(56) at 2026-07-21 16:16:16: 46,764,668,207 states generated (25,571,402 s/min), 5,737,317,949 distinct states found (2,136,521 ds/min), 24,615,087 states left on queue.
Progress(56) at 2026-07-21 16:17:16: 46,792,002,190 states generated (27,333,983 s/min), 5,739,687,817 distinct states found (2,369,868 ds/min), 23,676,562 states left on queue.
Progress(56) at 2026-07-21 16:18:16: 46,818,664,110 states generated (26,661,920 s/min), 5,741,947,386 distinct states found (2,259,569 ds/min), 22,850,113 states left on queue.
Progress(56) at 2026-07-21 16:19:16: 46,845,183,111 states generated (26,519,001 s/min), 5,744,236,986 distinct states found (2,289,600 ds/min), 21,968,610 states left on queue.
Progress(57) at 2026-07-21 16:20:16: 46,872,053,465 states generated (26,870,354 s/min), 5,746,495,801 distinct states found (2,258,815 ds/min), 20,909,591 states left on queue.
Progress(57) at 2026-07-21 16:21:16: 46,897,969,264 states generated (25,915,799 s/min), 5,748,784,521 distinct states found (2,288,720 ds/min), 20,083,613 states left on queue.
Progress(57) at 2026-07-21 16:22:16: 46,924,146,775 states generated (26,177,511 s/min), 5,751,063,894 distinct states found (2,279,373 ds/min), 19,283,371 states left on queue.
Progress(57) at 2026-07-21 16:23:16: 46,949,999,894 states generated (25,853,119 s/min), 5,753,210,388 distinct states found (2,146,494 ds/min), 18,352,731 states left on queue.
Progress(57) at 2026-07-21 16:24:16: 46,975,862,529 states generated (25,862,635 s/min), 5,755,301,080 distinct states found (2,090,692 ds/min), 17,349,166 states left on queue.
Progress(57) at 2026-07-21 16:25:16: 47,003,039,663 states generated (27,177,134 s/min), 5,757,669,982 distinct states found (2,368,902 ds/min), 16,473,439 states left on queue.
Progress(57) at 2026-07-21 16:26:16: 47,029,390,757 states generated (26,351,094 s/min), 5,759,845,433 distinct states found (2,175,451 ds/min), 15,513,250 states left on queue.
Progress(58) at 2026-07-21 16:27:16: 47,055,746,233 states generated (26,355,476 s/min), 5,762,051,455 distinct states found (2,206,022 ds/min), 14,467,119 states left on queue.
Progress(58) at 2026-07-21 16:28:16: 47,081,915,703 states generated (26,169,470 s/min), 5,764,309,306 distinct states found (2,257,851 ds/min), 13,646,989 states left on queue.
Progress(58) at 2026-07-21 16:29:16: 47,107,737,093 states generated (25,821,390 s/min), 5,766,418,912 distinct states found (2,109,606 ds/min), 12,690,065 states left on queue.
Progress(58) at 2026-07-21 16:30:16: 47,134,235,522 states generated (26,498,429 s/min), 5,768,576,998 distinct states found (2,158,086 ds/min), 11,622,374 states left on queue.
Progress(58) at 2026-07-21 16:31:16: 47,160,681,109 states generated (26,445,587 s/min), 5,770,766,249 distinct states found (2,189,251 ds/min), 10,668,752 states left on queue.
Progress(59) at 2026-07-21 16:32:16: 47,186,889,702 states generated (26,208,593 s/min), 5,772,939,660 distinct states found (2,173,411 ds/min), 9,655,962 states left on queue.
Checkpointing of run states/26-07-20-11-22-39
Checkpointing completed at (2026-07-21 16:33:19)
Progress(59) at 2026-07-21 16:33:19: 47,214,247,867 states generated (27,358,165 s/min), 5,775,146,433 distinct states found (2,206,773 ds/min), 8,629,418 states left on queue.
Progress(59) at 2026-07-21 16:34:19: 47,240,719,240 states generated (26,471,373 s/min), 5,777,282,508 distinct states found (2,136,075 ds/min), 7,578,115 states left on queue.
Progress(60) at 2026-07-21 16:35:19: 47,266,746,808 states generated (26,027,568 s/min), 5,779,392,803 distinct states found (2,110,295 ds/min), 6,518,051 states left on queue.
Progress(60) at 2026-07-21 16:36:19: 47,292,505,875 states generated (25,759,067 s/min), 5,781,414,906 distinct states found (2,022,103 ds/min), 5,456,841 states left on queue.
Progress(61) at 2026-07-21 16:37:19: 47,318,749,984 states generated (26,244,109 s/min), 5,783,506,334 distinct states found (2,091,428 ds/min), 4,360,914 states left on queue.
Progress(61) at 2026-07-21 16:38:19: 47,344,819,240 states generated (26,069,256 s/min), 5,785,532,129 distinct states found (2,025,795 ds/min), 3,264,317 states left on queue.
Progress(62) at 2026-07-21 16:39:19: 47,370,761,160 states generated (25,941,920 s/min), 5,787,529,791 distinct states found (1,997,662 ds/min), 2,111,755 states left on queue.
Progress(64) at 2026-07-21 16:40:19: 47,396,460,519 states generated (25,699,359 s/min), 5,789,441,341 distinct states found (1,911,550 ds/min), 888,732 states left on queue.
Model checking completed. No error has been found.
  Estimates of the probability that TLC did not check all reachable states
  because two distinct states had the same fingerprint:
  calculated (optimistic):  val = 13
  based on the actual fingerprints:  val = 1.0
47413272902 states generated, 5790643586 distinct states found, 0 states left on queue.
The depth of the complete state graph search is 76.
The average outdegree of the complete state graph is 1 (minimum is 0, the maximum 10 and the 95th percentile is 1).
Finished in 1d 05h at (2026-07-21 16:44:43)
