TLC2 Version 2.19 of 08 August 2024 (rev: 5a47802)
Running breadth-first search Model-Checking with fp 29 and seed -3824422496903571990 with 80 workers on 80 cores with 72818MB heap and 64MB offheap memory [pid: 277665] (Linux 5.15.0-177-generic amd64, Ubuntu 11.0.31 x86_64, MSBDiskFPSet, DiskStateQueue).
Parsing file /home/yin/TLA/sc.tla
Parsing file /tmp/Naturals.tla
Parsing file /tmp/Sequences.tla
Parsing file /tmp/TLC.tla
Parsing file /tmp/FiniteSets.tla
Semantic processing of module Naturals
Semantic processing of module Sequences
Semantic processing of module FiniteSets
Semantic processing of module TLC
Semantic processing of module sc
Starting... (2026-07-19 00:57:33)
Computing initial states...
Finished computing initial states: 1 distinct state generated at 2026-07-19 00:57:34.
Progress(16) at 2026-07-19 00:57:37: 381,166 states generated (381,166 s/min), 120,983 distinct states found (120,983 ds/min), 76,912 states left on queue.
Progress(20) at 2026-07-19 00:58:37: 23,489,889 states generated (23,108,723 s/min), 5,713,861 distinct states found (5,592,878 ds/min), 2,953,030 states left on queue.
Progress(21) at 2026-07-19 00:59:37: 48,112,784 states generated (24,622,895 s/min), 11,171,147 distinct states found (5,457,286 ds/min), 5,456,204 states left on queue.
Progress(22) at 2026-07-19 01:00:37: 73,397,005 states generated (25,284,221 s/min), 16,550,749 distinct states found (5,379,602 ds/min), 7,787,460 states left on queue.
Progress(22) at 2026-07-19 01:01:37: 97,878,760 states generated (24,481,755 s/min), 21,711,523 distinct states found (5,160,774 ds/min), 9,967,479 states left on queue.
Progress(23) at 2026-07-19 01:02:37: 123,138,848 states generated (25,260,088 s/min), 26,842,115 distinct states found (5,130,592 ds/min), 11,978,041 states left on queue.
Progress(23) at 2026-07-19 01:03:37: 147,571,438 states generated (24,432,590 s/min), 31,706,424 distinct states found (4,864,309 ds/min), 13,912,447 states left on queue.
Progress(23) at 2026-07-19 01:04:37: 172,927,248 states generated (25,355,810 s/min), 36,863,479 distinct states found (5,157,055 ds/min), 15,955,564 states left on queue.
Progress(24) at 2026-07-19 01:05:37: 197,941,702 states generated (25,014,454 s/min), 41,810,195 distinct states found (4,946,716 ds/min), 17,786,796 states left on queue.
Progress(24) at 2026-07-19 01:06:37: 224,293,377 states generated (26,351,675 s/min), 46,926,524 distinct states found (5,116,329 ds/min), 19,653,752 states left on queue.
Progress(24) at 2026-07-19 01:07:37: 249,564,538 states generated (25,271,161 s/min), 51,735,327 distinct states found (4,808,803 ds/min), 21,470,729 states left on queue.
Progress(24) at 2026-07-19 01:08:37: 274,872,002 states generated (25,307,464 s/min), 56,577,510 distinct states found (4,842,183 ds/min), 23,146,807 states left on queue.
Progress(24) at 2026-07-19 01:09:37: 299,434,226 states generated (24,562,224 s/min), 61,361,709 distinct states found (4,784,199 ds/min), 24,903,368 states left on queue.
Progress(24) at 2026-07-19 01:10:37: 325,661,650 states generated (26,227,424 s/min), 66,345,297 distinct states found (4,983,588 ds/min), 26,621,488 states left on queue.
Progress(25) at 2026-07-19 01:11:37: 351,459,494 states generated (25,797,844 s/min), 71,245,646 distinct states found (4,900,349 ds/min), 28,306,904 states left on queue.
Progress(25) at 2026-07-19 01:12:37: 378,132,393 states generated (26,672,899 s/min), 76,197,756 distinct states found (4,952,110 ds/min), 29,921,551 states left on queue.
Progress(25) at 2026-07-19 01:13:37: 403,023,614 states generated (24,891,221 s/min), 80,820,424 distinct states found (4,622,668 ds/min), 31,599,674 states left on queue.
Progress(25) at 2026-07-19 01:14:37: 429,329,794 states generated (26,306,180 s/min), 85,564,746 distinct states found (4,744,322 ds/min), 33,161,046 states left on queue.
Progress(25) at 2026-07-19 01:15:37: 455,264,274 states generated (25,934,480 s/min), 90,282,822 distinct states found (4,718,076 ds/min), 34,619,058 states left on queue.
Progress(25) at 2026-07-19 01:16:37: 478,806,048 states generated (23,541,774 s/min), 94,704,685 distinct states found (4,421,863 ds/min), 36,087,071 states left on queue.
Progress(25) at 2026-07-19 01:17:37: 505,386,235 states generated (26,580,187 s/min), 99,645,448 distinct states found (4,940,763 ds/min), 37,743,484 states left on queue.
Progress(25) at 2026-07-19 01:18:37: 531,962,369 states generated (26,576,134 s/min), 104,539,350 distinct states found (4,893,902 ds/min), 39,314,863 states left on queue.
Progress(26) at 2026-07-19 01:19:38: 557,702,921 states generated (25,740,552 s/min), 109,139,832 distinct states found (4,600,482 ds/min), 40,648,892 states left on queue.
Progress(26) at 2026-07-19 01:20:38: 585,036,142 states generated (27,333,221 s/min), 114,148,665 distinct states found (5,008,833 ds/min), 42,255,428 states left on queue.
Progress(26) at 2026-07-19 01:21:38: 612,160,593 states generated (27,124,451 s/min), 119,002,635 distinct states found (4,853,970 ds/min), 43,699,314 states left on queue.
Progress(26) at 2026-07-19 01:22:38: 636,114,397 states generated (23,953,804 s/min), 123,322,963 distinct states found (4,320,328 ds/min), 45,080,689 states left on queue.
Progress(26) at 2026-07-19 01:23:38: 663,019,476 states generated (26,905,079 s/min), 128,050,806 distinct states found (4,727,843 ds/min), 46,635,505 states left on queue.
Progress(26) at 2026-07-19 01:24:38: 689,611,700 states generated (26,592,224 s/min), 132,652,647 distinct states found (4,601,841 ds/min), 48,032,141 states left on queue.
Progress(26) at 2026-07-19 01:25:38: 713,279,501 states generated (23,667,801 s/min), 136,768,199 distinct states found (4,115,552 ds/min), 49,144,915 states left on queue.
Progress(26) at 2026-07-19 01:26:38: 739,288,643 states generated (26,009,142 s/min), 141,420,037 distinct states found (4,651,838 ds/min), 50,514,783 states left on queue.
Checkpointing of run states/26-07-19-00-57-33
Checkpointing completed at (2026-07-19 01:27:38)
Progress(26) at 2026-07-19 01:27:38: 764,748,823 states generated (25,460,180 s/min), 145,982,599 distinct states found (4,562,562 ds/min), 51,841,289 states left on queue.
Progress(26) at 2026-07-19 01:28:38: 791,874,079 states generated (27,125,256 s/min), 150,859,705 distinct states found (4,877,106 ds/min), 53,315,029 states left on queue.
Progress(26) at 2026-07-19 01:29:38: 817,377,645 states generated (25,503,566 s/min), 155,367,611 distinct states found (4,507,906 ds/min), 54,709,657 states left on queue.
Progress(26) at 2026-07-19 01:30:38: 844,699,198 states generated (27,321,553 s/min), 160,201,246 distinct states found (4,833,635 ds/min), 56,100,616 states left on queue.
Progress(26) at 2026-07-19 01:31:38: 872,129,182 states generated (27,429,984 s/min), 164,921,880 distinct states found (4,720,634 ds/min), 57,345,753 states left on queue.
Progress(27) at 2026-07-19 01:32:38: 899,998,511 states generated (27,869,329 s/min), 169,893,553 distinct states found (4,971,673 ds/min), 58,788,476 states left on queue.
Progress(27) at 2026-07-19 01:33:38: 927,880,437 states generated (27,881,926 s/min), 174,687,393 distinct states found (4,793,840 ds/min), 60,130,399 states left on queue.
Progress(27) at 2026-07-19 01:34:38: 952,318,866 states generated (24,438,429 s/min), 178,887,327 distinct states found (4,199,934 ds/min), 61,199,286 states left on queue.
Progress(27) at 2026-07-19 01:35:38: 979,729,374 states generated (27,410,508 s/min), 183,724,023 distinct states found (4,836,696 ds/min), 62,646,422 states left on queue.
Progress(27) at 2026-07-19 01:36:38: 1,006,988,491 states generated (27,259,117 s/min), 188,416,154 distinct states found (4,692,131 ds/min), 64,065,436 states left on queue.
Progress(27) at 2026-07-19 01:37:38: 1,034,464,856 states generated (27,476,365 s/min), 193,047,094 distinct states found (4,630,940 ds/min), 65,453,784 states left on queue.
Progress(27) at 2026-07-19 01:38:38: 1,061,740,397 states generated (27,275,541 s/min), 197,573,411 distinct states found (4,526,317 ds/min), 66,705,845 states left on queue.
Progress(27) at 2026-07-19 01:39:38: 1,085,901,491 states generated (24,161,094 s/min), 201,655,799 distinct states found (4,082,388 ds/min), 67,775,918 states left on queue.
Progress(27) at 2026-07-19 01:40:38: 1,112,629,137 states generated (26,727,646 s/min), 206,109,771 distinct states found (4,453,972 ds/min), 68,791,936 states left on queue.
Progress(27) at 2026-07-19 01:41:38: 1,139,328,739 states generated (26,699,602 s/min), 210,707,484 distinct states found (4,597,713 ds/min), 70,047,414 states left on queue.
Progress(27) at 2026-07-19 01:42:38: 1,164,760,085 states generated (25,431,346 s/min), 215,153,165 distinct states found (4,445,681 ds/min), 71,158,075 states left on queue.
Progress(27) at 2026-07-19 01:43:38: 1,192,105,118 states generated (27,345,033 s/min), 219,824,740 distinct states found (4,671,575 ds/min), 72,484,926 states left on queue.
Progress(27) at 2026-07-19 01:44:41: 1,216,751,164 states generated (24,646,046 s/min), 224,135,626 distinct states found (4,310,886 ds/min), 73,655,940 states left on queue.
Progress(27) at 2026-07-19 01:45:41: 1,244,591,928 states generated (27,840,764 s/min), 228,757,251 distinct states found (4,621,625 ds/min), 74,888,868 states left on queue.
Progress(27) at 2026-07-19 01:46:41: 1,271,772,316 states generated (27,180,388 s/min), 233,517,862 distinct states found (4,760,611 ds/min), 76,218,671 states left on queue.
Progress(27) at 2026-07-19 01:47:41: 1,299,709,802 states generated (27,937,486 s/min), 238,229,797 distinct states found (4,711,935 ds/min), 77,382,639 states left on queue.
Progress(27) at 2026-07-19 01:48:41: 1,327,409,513 states generated (27,699,711 s/min), 242,837,503 distinct states found (4,607,706 ds/min), 78,432,279 states left on queue.
Progress(28) at 2026-07-19 01:49:41: 1,355,909,047 states generated (28,499,534 s/min), 247,716,813 distinct states found (4,879,310 ds/min), 79,655,463 states left on queue.
Progress(28) at 2026-07-19 01:50:41: 1,383,691,438 states generated (27,782,391 s/min), 252,545,893 distinct states found (4,829,080 ds/min), 81,083,686 states left on queue.
Progress(28) at 2026-07-19 01:51:41: 1,409,217,214 states generated (25,525,776 s/min), 256,672,142 distinct states found (4,126,249 ds/min), 82,034,011 states left on queue.
Progress(28) at 2026-07-19 01:52:41: 1,437,048,725 states generated (27,831,511 s/min), 261,264,417 distinct states found (4,592,275 ds/min), 83,046,452 states left on queue.
Progress(28) at 2026-07-19 01:53:41: 1,465,031,946 states generated (27,983,221 s/min), 266,027,432 distinct states found (4,763,015 ds/min), 84,315,773 states left on queue.
Progress(28) at 2026-07-19 01:54:41: 1,492,381,957 states generated (27,350,011 s/min), 270,630,197 distinct states found (4,602,765 ds/min), 85,544,762 states left on queue.
Progress(28) at 2026-07-19 01:55:41: 1,520,240,838 states generated (27,858,881 s/min), 275,229,228 distinct states found (4,599,031 ds/min), 86,854,325 states left on queue.
Progress(28) at 2026-07-19 01:56:41: 1,547,653,748 states generated (27,412,910 s/min), 279,675,838 distinct states found (4,446,610 ds/min), 88,084,725 states left on queue.
Checkpointing of run states/26-07-19-00-57-33
Checkpointing completed at (2026-07-19 01:57:43)
Progress(28) at 2026-07-19 01:57:43: 1,576,282,822 states generated (28,629,074 s/min), 284,251,062 distinct states found (4,575,224 ds/min), 89,226,500 states left on queue.
Progress(28) at 2026-07-19 01:58:43: 1,603,821,140 states generated (27,538,318 s/min), 288,723,998 distinct states found (4,472,936 ds/min), 90,321,237 states left on queue.
Progress(28) at 2026-07-19 01:59:43: 1,628,350,932 states generated (24,529,792 s/min), 292,754,269 distinct states found (4,030,271 ds/min), 91,276,280 states left on queue.
Progress(28) at 2026-07-19 02:00:43: 1,655,167,784 states generated (26,816,852 s/min), 297,014,705 distinct states found (4,260,436 ds/min), 92,132,198 states left on queue.
Progress(28) at 2026-07-19 02:01:43: 1,682,250,065 states generated (27,082,281 s/min), 301,446,199 distinct states found (4,431,494 ds/min), 93,125,404 states left on queue.
Progress(28) at 2026-07-19 02:02:43: 1,708,543,236 states generated (26,293,171 s/min), 305,934,409 distinct states found (4,488,210 ds/min), 94,245,098 states left on queue.
Progress(28) at 2026-07-19 02:03:43: 1,734,151,660 states generated (25,608,424 s/min), 310,204,131 distinct states found (4,269,722 ds/min), 95,140,296 states left on queue.
Progress(28) at 2026-07-19 02:04:43: 1,761,343,260 states generated (27,191,600 s/min), 314,679,872 distinct states found (4,475,741 ds/min), 96,281,062 states left on queue.
Progress(28) at 2026-07-19 02:05:43: 1,789,647,510 states generated (28,304,250 s/min), 319,425,965 distinct states found (4,746,093 ds/min), 97,519,765 states left on queue.
Progress(28) at 2026-07-19 02:06:43: 1,817,260,492 states generated (27,612,982 s/min), 323,864,984 distinct states found (4,439,019 ds/min), 98,451,320 states left on queue.
Progress(28) at 2026-07-19 02:07:43: 1,845,299,143 states generated (28,038,651 s/min), 328,387,818 distinct states found (4,522,834 ds/min), 99,561,121 states left on queue.
Progress(28) at 2026-07-19 02:08:43: 1,872,376,077 states generated (27,076,934 s/min), 332,997,363 distinct states found (4,609,545 ds/min), 100,789,834 states left on queue.
Progress(28) at 2026-07-19 02:09:43: 1,897,953,928 states generated (25,577,851 s/min), 337,220,682 distinct states found (4,223,319 ds/min), 101,736,370 states left on queue.
Progress(28) at 2026-07-19 02:10:43: 1,925,908,043 states generated (27,954,115 s/min), 341,857,206 distinct states found (4,636,524 ds/min), 102,773,846 states left on queue.
Progress(28) at 2026-07-19 02:11:43: 1,953,753,498 states generated (27,845,455 s/min), 346,333,761 distinct states found (4,476,555 ds/min), 103,658,836 states left on queue.
Progress(29) at 2026-07-19 02:12:43: 1,982,587,361 states generated (28,833,863 s/min), 350,994,218 distinct states found (4,660,457 ds/min), 104,667,524 states left on queue.
Progress(29) at 2026-07-19 02:13:43: 2,010,758,871 states generated (28,171,510 s/min), 355,689,052 distinct states found (4,694,834 ds/min), 105,815,518 states left on queue.
Progress(29) at 2026-07-19 02:14:43: 2,038,352,551 states generated (27,593,680 s/min), 360,390,827 distinct states found (4,701,775 ds/min), 107,129,774 states left on queue.
Progress(29) at 2026-07-19 02:15:43: 2,066,859,385 states generated (28,506,834 s/min), 364,735,751 distinct states found (4,344,924 ds/min), 107,930,871 states left on queue.
Progress(29) at 2026-07-19 02:16:43: 2,094,955,902 states generated (28,096,517 s/min), 369,278,282 distinct states found (4,542,531 ds/min), 108,813,058 states left on queue.
Progress(29) at 2026-07-19 02:17:43: 2,122,713,051 states generated (27,757,149 s/min), 373,828,676 distinct states found (4,550,394 ds/min), 109,882,921 states left on queue.
Progress(29) at 2026-07-19 02:18:43: 2,150,735,726 states generated (28,022,675 s/min), 378,405,381 distinct states found (4,576,705 ds/min), 110,926,341 states left on queue.
Progress(29) at 2026-07-19 02:19:43: 2,178,307,394 states generated (27,571,668 s/min), 382,839,643 distinct states found (4,434,262 ds/min), 112,023,113 states left on queue.
Progress(29) at 2026-07-19 02:20:43: 2,201,971,933 states generated (23,664,539 s/min), 386,568,354 distinct states found (3,728,711 ds/min), 112,977,067 states left on queue.
Progress(29) at 2026-07-19 02:21:43: 2,229,562,718 states generated (27,590,785 s/min), 390,942,801 distinct states found (4,374,447 ds/min), 114,067,551 states left on queue.
Progress(29) at 2026-07-19 02:22:44: 2,257,173,513 states generated (27,610,795 s/min), 395,268,629 distinct states found (4,325,828 ds/min), 115,180,813 states left on queue.
Progress(29) at 2026-07-19 02:23:44: 2,284,686,627 states generated (27,513,114 s/min), 399,445,450 distinct states found (4,176,821 ds/min), 115,993,831 states left on queue.
Progress(29) at 2026-07-19 02:24:44: 2,312,577,485 states generated (27,890,858 s/min), 403,931,986 distinct states found (4,486,536 ds/min), 117,160,860 states left on queue.
Progress(29) at 2026-07-19 02:25:44: 2,339,572,520 states generated (26,995,035 s/min), 408,096,800 distinct states found (4,164,814 ds/min), 117,935,868 states left on queue.
Progress(29) at 2026-07-19 02:26:44: 2,366,074,259 states generated (26,501,739 s/min), 412,354,222 distinct states found (4,257,422 ds/min), 118,901,860 states left on queue.
Checkpointing of run states/26-07-19-00-57-33
Checkpointing completed at (2026-07-19 02:27:46)
Progress(29) at 2026-07-19 02:27:46: 2,393,809,743 states generated (27,735,484 s/min), 416,577,305 distinct states found (4,223,083 ds/min), 119,533,043 states left on queue.
Progress(29) at 2026-07-19 02:28:46: 2,420,974,585 states generated (27,164,842 s/min), 420,995,998 distinct states found (4,418,693 ds/min), 120,433,201 states left on queue.
Progress(29) at 2026-07-19 02:29:46: 2,448,044,788 states generated (27,070,203 s/min), 425,309,937 distinct states found (4,313,939 ds/min), 121,412,645 states left on queue.
Progress(29) at 2026-07-19 02:30:46: 2,473,794,690 states generated (25,749,902 s/min), 429,478,078 distinct states found (4,168,141 ds/min), 122,184,331 states left on queue.
Progress(29) at 2026-07-19 02:31:46: 2,499,397,629 states generated (25,602,939 s/min), 433,583,097 distinct states found (4,105,019 ds/min), 122,928,439 states left on queue.
Progress(29) at 2026-07-19 02:32:46: 2,526,703,162 states generated (27,305,533 s/min), 437,918,605 distinct states found (4,335,508 ds/min), 123,898,918 states left on queue.
Progress(29) at 2026-07-19 02:33:46: 2,555,009,932 states generated (28,306,770 s/min), 442,406,287 distinct states found (4,487,682 ds/min), 124,944,190 states left on queue.
Progress(29) at 2026-07-19 02:34:46: 2,583,072,610 states generated (28,062,678 s/min), 447,004,965 distinct states found (4,598,678 ds/min), 125,983,117 states left on queue.
Progress(29) at 2026-07-19 02:35:46: 2,611,004,008 states generated (27,931,398 s/min), 451,241,676 distinct states found (4,236,711 ds/min), 126,744,133 states left on queue.
Progress(29) at 2026-07-19 02:36:46: 2,636,352,178 states generated (25,348,170 s/min), 455,129,753 distinct states found (3,888,077 ds/min), 127,538,071 states left on queue.
Progress(29) at 2026-07-19 02:37:46: 2,663,782,196 states generated (27,430,018 s/min), 459,600,723 distinct states found (4,470,970 ds/min), 128,553,170 states left on queue.
Progress(29) at 2026-07-19 02:38:46: 2,691,182,413 states generated (27,400,217 s/min), 464,117,415 distinct states found (4,516,692 ds/min), 129,572,206 states left on queue.
Progress(29) at 2026-07-19 02:39:46: 2,719,088,866 states generated (27,906,453 s/min), 468,490,255 distinct states found (4,372,840 ds/min), 130,386,573 states left on queue.
Progress(29) at 2026-07-19 02:40:46: 2,747,182,198 states generated (28,093,332 s/min), 473,075,576 distinct states found (4,585,321 ds/min), 131,343,586 states left on queue.
Progress(29) at 2026-07-19 02:41:46: 2,775,411,140 states generated (28,228,942 s/min), 477,585,327 distinct states found (4,509,751 ds/min), 132,212,028 states left on queue.
Progress(30) at 2026-07-19 02:42:46: 2,803,983,592 states generated (28,572,452 s/min), 481,914,401 distinct states found (4,329,074 ds/min), 132,915,794 states left on queue.
Progress(30) at 2026-07-19 02:43:46: 2,832,408,056 states generated (28,424,464 s/min), 486,412,555 distinct states found (4,498,154 ds/min), 133,750,548 states left on queue.
Progress(30) at 2026-07-19 02:44:46: 2,860,159,195 states generated (27,751,139 s/min), 490,899,872 distinct states found (4,487,317 ds/min), 134,866,640 states left on queue.
Progress(30) at 2026-07-19 02:45:46: 2,887,837,141 states generated (27,677,946 s/min), 495,505,699 distinct states found (4,605,827 ds/min), 136,103,442 states left on queue.
Progress(30) at 2026-07-19 02:46:46: 2,915,972,276 states generated (28,135,135 s/min), 499,823,634 distinct states found (4,317,935 ds/min), 136,892,384 states left on queue.
Progress(30) at 2026-07-19 02:47:46: 2,944,060,772 states generated (28,088,496 s/min), 504,086,416 distinct states found (4,262,782 ds/min), 137,567,548 states left on queue.
Progress(30) at 2026-07-19 02:48:46: 2,972,066,450 states generated (28,005,678 s/min), 508,431,415 distinct states found (4,344,999 ds/min), 138,279,453 states left on queue.
Progress(30) at 2026-07-19 02:49:46: 3,000,049,651 states generated (27,983,201 s/min), 512,909,263 distinct states found (4,477,848 ds/min), 139,244,465 states left on queue.
Progress(30) at 2026-07-19 02:50:46: 3,028,516,701 states generated (28,467,050 s/min), 517,357,211 distinct states found (4,447,948 ds/min), 140,152,849 states left on queue.
Progress(30) at 2026-07-19 02:51:46: 3,055,924,755 states generated (27,408,054 s/min), 521,646,457 distinct states found (4,289,246 ds/min), 141,105,566 states left on queue.
Progress(30) at 2026-07-19 02:52:46: 3,083,428,381 states generated (27,503,626 s/min), 525,900,516 distinct states found (4,254,059 ds/min), 141,886,884 states left on queue.
Progress(30) at 2026-07-19 02:53:46: 3,111,716,510 states generated (28,288,129 s/min), 530,213,536 distinct states found (4,313,020 ds/min), 142,995,769 states left on queue.
Progress(30) at 2026-07-19 02:54:46: 3,139,356,357 states generated (27,639,847 s/min), 534,445,414 distinct states found (4,231,878 ds/min), 143,941,640 states left on queue.
Progress(30) at 2026-07-19 02:55:46: 3,166,921,045 states generated (27,564,688 s/min), 538,695,396 distinct states found (4,249,982 ds/min), 144,930,674 states left on queue.
Progress(30) at 2026-07-19 02:56:46: 3,194,704,436 states generated (27,783,391 s/min), 542,846,550 distinct states found (4,151,154 ds/min), 145,766,136 states left on queue.
Checkpointing of run states/26-07-19-00-57-33
Checkpointing completed at (2026-07-19 02:57:48)
Progress(30) at 2026-07-19 02:57:48: 3,223,107,289 states generated (28,402,853 s/min), 547,142,317 distinct states found (4,295,767 ds/min), 146,630,247 states left on queue.
Progress(30) at 2026-07-19 02:58:48: 3,247,361,336 states generated (24,254,047 s/min), 550,932,765 distinct states found (3,790,448 ds/min), 147,478,506 states left on queue.
Progress(30) at 2026-07-19 02:59:48: 3,274,381,841 states generated (27,020,505 s/min), 554,935,985 distinct states found (4,003,220 ds/min), 148,110,962 states left on queue.
Progress(30) at 2026-07-19 03:00:48: 3,300,996,731 states generated (26,614,890 s/min), 558,949,428 distinct states found (4,013,443 ds/min), 148,727,327 states left on queue.
Progress(30) at 2026-07-19 03:01:48: 3,327,590,453 states generated (26,593,722 s/min), 563,038,952 distinct states found (4,089,524 ds/min), 149,625,879 states left on queue.
Progress(30) at 2026-07-19 03:02:48: 3,354,430,005 states generated (26,839,552 s/min), 566,986,094 distinct states found (3,947,142 ds/min), 150,004,647 states left on queue.
Progress(30) at 2026-07-19 03:03:48: 3,381,877,357 states generated (27,447,352 s/min), 571,340,500 distinct states found (4,354,406 ds/min), 150,805,477 states left on queue.
Progress(30) at 2026-07-19 03:04:48: 3,408,717,011 states generated (26,839,654 s/min), 575,451,509 distinct states found (4,111,009 ds/min), 151,608,100 states left on queue.
Progress(30) at 2026-07-19 03:05:48: 3,434,557,899 states generated (25,840,888 s/min), 579,554,865 distinct states found (4,103,356 ds/min), 152,377,684 states left on queue.
Progress(30) at 2026-07-19 03:06:48: 3,460,342,611 states generated (25,784,712 s/min), 583,501,526 distinct states found (3,946,661 ds/min), 152,857,266 states left on queue.
Progress(30) at 2026-07-19 03:07:48: 3,486,125,394 states generated (25,782,783 s/min), 587,481,362 distinct states found (3,979,836 ds/min), 153,502,866 states left on queue.
Progress(30) at 2026-07-19 03:08:48: 3,513,649,930 states generated (27,524,536 s/min), 591,656,704 distinct states found (4,175,342 ds/min), 154,322,198 states left on queue.
Progress(30) at 2026-07-19 03:09:48: 3,542,171,842 states generated (28,521,912 s/min), 595,971,293 distinct states found (4,314,589 ds/min), 155,185,258 states left on queue.
Progress(30) at 2026-07-19 03:10:48: 3,570,320,158 states generated (28,148,316 s/min), 600,451,269 distinct states found (4,479,976 ds/min), 156,144,165 states left on queue.
Progress(30) at 2026-07-19 03:11:48: 3,598,047,990 states generated (27,727,832 s/min), 604,739,728 distinct states found (4,288,459 ds/min), 156,888,432 states left on queue.
Progress(30) at 2026-07-19 03:12:48: 3,626,163,555 states generated (28,115,565 s/min), 608,839,764 distinct states found (4,100,036 ds/min), 157,550,101 states left on queue.
Progress(30) at 2026-07-19 03:13:48: 3,654,320,348 states generated (28,156,793 s/min), 613,011,250 distinct states found (4,171,486 ds/min), 158,283,671 states left on queue.
Progress(30) at 2026-07-19 03:14:48: 3,682,011,703 states generated (27,691,355 s/min), 617,200,064 distinct states found (4,188,814 ds/min), 158,998,606 states left on queue.
Progress(30) at 2026-07-19 03:15:48: 3,708,962,628 states generated (26,950,925 s/min), 621,713,464 distinct states found (4,513,400 ds/min), 160,137,205 states left on queue.
Progress(30) at 2026-07-19 03:16:48: 3,736,805,730 states generated (27,843,102 s/min), 626,029,855 distinct states found (4,316,391 ds/min), 160,822,369 states left on queue.
Progress(30) at 2026-07-19 03:17:48: 3,764,627,813 states generated (27,822,083 s/min), 630,175,532 distinct states found (4,145,677 ds/min), 161,386,007 states left on queue.
Progress(30) at 2026-07-19 03:18:48: 3,792,909,077 states generated (28,281,264 s/min), 634,708,321 distinct states found (4,532,789 ds/min), 162,273,359 states left on queue.
Progress(30) at 2026-07-19 03:19:48: 3,821,139,260 states generated (28,230,183 s/min), 639,029,700 distinct states found (4,321,379 ds/min), 162,910,909 states left on queue.
Progress(30) at 2026-07-19 03:20:48: 3,849,565,435 states generated (28,426,175 s/min), 643,321,016 distinct states found (4,291,316 ds/min), 163,653,353 states left on queue.
Progress(31) at 2026-07-19 03:21:48: 3,878,385,391 states generated (28,819,956 s/min), 647,635,284 distinct states found (4,314,268 ds/min), 164,278,274 states left on queue.
Progress(31) at 2026-07-19 03:22:48: 3,906,550,061 states generated (28,164,670 s/min), 651,937,163 distinct states found (4,301,879 ds/min), 164,922,752 states left on queue.
Progress(31) at 2026-07-19 03:23:48: 3,934,483,204 states generated (27,933,143 s/min), 656,326,513 distinct states found (4,389,350 ds/min), 165,974,997 states left on queue.
Progress(31) at 2026-07-19 03:24:48: 3,961,566,207 states generated (27,083,003 s/min), 660,771,005 distinct states found (4,444,492 ds/min), 167,262,395 states left on queue.
Progress(31) at 2026-07-19 03:25:48: 3,989,112,729 states generated (27,546,522 s/min), 665,150,929 distinct states found (4,379,924 ds/min), 168,131,488 states left on queue.
Progress(31) at 2026-07-19 03:26:48: 4,017,804,011 states generated (28,691,282 s/min), 669,279,139 distinct states found (4,128,210 ds/min), 168,614,283 states left on queue.
Checkpointing of run states/26-07-19-00-57-33
Checkpointing completed at (2026-07-19 03:27:51)
Progress(31) at 2026-07-19 03:27:51: 4,046,891,051 states generated (29,087,040 s/min), 673,581,847 distinct states found (4,302,708 ds/min), 169,231,741 states left on queue.
Progress(31) at 2026-07-19 03:28:51: 4,074,740,610 states generated (27,849,559 s/min), 677,819,486 distinct states found (4,237,639 ds/min), 169,797,822 states left on queue.
Progress(31) at 2026-07-19 03:29:51: 4,102,252,953 states generated (27,512,343 s/min), 682,089,133 distinct states found (4,269,647 ds/min), 170,579,147 states left on queue.
Progress(31) at 2026-07-19 03:30:51: 4,130,921,441 states generated (28,668,488 s/min), 686,482,994 distinct states found (4,393,861 ds/min), 171,487,449 states left on queue.
Progress(31) at 2026-07-19 03:31:51: 4,159,295,075 states generated (28,373,634 s/min), 690,695,312 distinct states found (4,212,318 ds/min), 172,100,047 states left on queue.
Progress(31) at 2026-07-19 03:32:51: 4,186,725,674 states generated (27,430,599 s/min), 694,772,358 distinct states found (4,077,046 ds/min), 172,905,899 states left on queue.
Progress(31) at 2026-07-19 03:33:51: 4,202,933,344 states generated (16,207,670 s/min), 697,235,770 distinct states found (2,463,412 ds/min), 173,328,867 states left on queue.
Progress(31) at 2026-07-19 03:34:51: 4,230,465,221 states generated (27,531,877 s/min), 701,297,581 distinct states found (4,061,811 ds/min), 174,052,489 states left on queue.
Progress(31) at 2026-07-19 03:35:51: 4,258,897,882 states generated (28,432,661 s/min), 705,531,548 distinct states found (4,233,967 ds/min), 175,075,268 states left on queue.
Progress(31) at 2026-07-19 03:36:51: 4,286,603,705 states generated (27,705,823 s/min), 709,711,044 distinct states found (4,179,496 ds/min), 175,932,380 states left on queue.
Progress(31) at 2026-07-19 03:37:51: 4,313,816,119 states generated (27,212,414 s/min), 713,735,014 distinct states found (4,023,970 ds/min), 176,750,599 states left on queue.
Progress(31) at 2026-07-19 03:38:51: 4,341,294,907 states generated (27,478,788 s/min), 717,700,843 distinct states found (3,965,829 ds/min), 177,477,883 states left on queue.
Progress(31) at 2026-07-19 03:39:51: 4,369,057,766 states generated (27,762,859 s/min), 721,795,024 distinct states found (4,094,181 ds/min), 178,125,310 states left on queue.
Progress(31) at 2026-07-19 03:40:51: 4,396,686,826 states generated (27,629,060 s/min), 725,900,469 distinct states found (4,105,445 ds/min), 178,929,567 states left on queue.
Progress(31) at 2026-07-19 03:41:51: 4,424,894,101 states generated (28,207,275 s/min), 730,206,070 distinct states found (4,305,601 ds/min), 179,771,491 states left on queue.
Progress(31) at 2026-07-19 03:42:51: 4,451,996,034 states generated (27,101,933 s/min), 734,083,853 distinct states found (3,877,783 ds/min), 180,247,834 states left on queue.
Progress(31) at 2026-07-19 03:43:51: 4,478,608,193 states generated (26,612,159 s/min), 737,955,342 distinct states found (3,871,489 ds/min), 180,881,477 states left on queue.
Progress(31) at 2026-07-19 03:44:51: 4,504,945,235 states generated (26,337,042 s/min), 741,877,004 distinct states found (3,921,662 ds/min), 181,452,633 states left on queue.
Progress(31) at 2026-07-19 03:45:51: 4,531,651,414 states generated (26,706,179 s/min), 745,728,461 distinct states found (3,851,457 ds/min), 182,107,205 states left on queue.
Progress(31) at 2026-07-19 03:46:51: 4,558,740,326 states generated (27,088,912 s/min), 749,645,090 distinct states found (3,916,629 ds/min), 182,366,803 states left on queue.
Progress(31) at 2026-07-19 03:47:51: 4,586,260,934 states generated (27,520,608 s/min), 753,835,022 distinct states found (4,189,932 ds/min), 182,979,706 states left on queue.
Progress(31) at 2026-07-19 03:48:51: 4,612,981,519 states generated (26,720,585 s/min), 757,881,967 distinct states found (4,046,945 ds/min), 183,747,158 states left on queue.
Progress(31) at 2026-07-19 03:49:51: 4,639,505,227 states generated (26,523,708 s/min), 761,948,163 distinct states found (4,066,196 ds/min), 184,451,410 states left on queue.
Progress(31) at 2026-07-19 03:50:51: 4,665,122,098 states generated (25,616,871 s/min), 765,824,315 distinct states found (3,876,152 ds/min), 184,905,229 states left on queue.
Progress(31) at 2026-07-19 03:51:51: 4,690,677,295 states generated (25,555,197 s/min), 769,545,332 distinct states found (3,721,017 ds/min), 185,181,502 states left on queue.
Progress(31) at 2026-07-19 03:52:51: 4,716,614,378 states generated (25,937,083 s/min), 773,415,323 distinct states found (3,869,991 ds/min), 185,739,697 states left on queue.
Progress(31) at 2026-07-19 03:53:51: 4,744,467,036 states generated (27,852,658 s/min), 777,509,199 distinct states found (4,093,876 ds/min), 186,471,480 states left on queue.
Progress(31) at 2026-07-19 03:54:51: 4,772,628,671 states generated (28,161,635 s/min), 781,715,213 distinct states found (4,206,014 ds/min), 187,316,663 states left on queue.
Progress(31) at 2026-07-19 03:55:51: 4,801,094,935 states generated (28,466,264 s/min), 785,859,612 distinct states found (4,144,399 ds/min), 187,943,759 states left on queue.
Progress(31) at 2026-07-19 03:56:51: 4,829,765,082 states generated (28,670,147 s/min), 790,202,146 distinct states found (4,342,534 ds/min), 188,651,218 states left on queue.
Checkpointing of run states/26-07-19-00-57-33
Checkpointing completed at (2026-07-19 03:57:53)
Progress(31) at 2026-07-19 03:57:53: 4,858,063,698 states generated (28,298,616 s/min), 794,411,495 distinct states found (4,209,349 ds/min), 189,197,917 states left on queue.
Progress(31) at 2026-07-19 03:58:53: 4,886,325,905 states generated (28,262,207 s/min), 798,326,967 distinct states found (3,915,472 ds/min), 189,699,154 states left on queue.
Progress(31) at 2026-07-19 03:59:53: 4,914,766,649 states generated (28,440,744 s/min), 802,427,890 distinct states found (4,100,923 ds/min), 190,340,588 states left on queue.
Progress(31) at 2026-07-19 04:00:53: 4,942,744,141 states generated (27,977,492 s/min), 806,476,106 distinct states found (4,048,216 ds/min), 190,898,359 states left on queue.
Progress(31) at 2026-07-19 04:01:53: 4,969,688,667 states generated (26,944,526 s/min), 810,722,831 distinct states found (4,246,725 ds/min), 191,750,611 states left on queue.
Progress(31) at 2026-07-19 04:02:53: 4,996,826,508 states generated (27,137,841 s/min), 814,994,471 distinct states found (4,271,640 ds/min), 192,618,472 states left on queue.
Progress(31) at 2026-07-19 04:03:53: 5,024,774,472 states generated (27,947,964 s/min), 819,206,944 distinct states found (4,212,473 ds/min), 193,163,331 states left on queue.
Progress(31) at 2026-07-19 04:04:53: 5,052,579,555 states generated (27,805,083 s/min), 823,251,422 distinct states found (4,044,478 ds/min), 193,628,175 states left on queue.
Progress(31) at 2026-07-19 04:05:53: 5,080,947,177 states generated (28,367,622 s/min), 827,581,680 distinct states found (4,330,258 ds/min), 194,308,452 states left on queue.
Progress(31) at 2026-07-19 04:06:53: 5,108,738,289 states generated (27,791,112 s/min), 831,775,957 distinct states found (4,194,277 ds/min), 194,793,389 states left on queue.
Progress(31) at 2026-07-19 04:07:53: 5,137,473,451 states generated (28,735,162 s/min), 836,126,945 distinct states found (4,350,988 ds/min), 195,510,735 states left on queue.
Progress(31) at 2026-07-19 04:08:53: 5,166,014,664 states generated (28,541,213 s/min), 840,153,034 distinct states found (4,026,089 ds/min), 195,918,492 states left on queue.
Progress(32) at 2026-07-19 04:09:53: 5,194,679,070 states generated (28,664,406 s/min), 844,309,283 distinct states found (4,156,249 ds/min), 196,466,230 states left on queue.
Progress(32) at 2026-07-19 04:10:53: 5,222,879,526 states generated (28,200,456 s/min), 848,412,400 distinct states found (4,103,117 ds/min), 196,934,247 states left on queue.
Progress(32) at 2026-07-19 04:11:53: 5,251,080,085 states generated (28,200,559 s/min), 852,686,982 distinct states found (4,274,582 ds/min), 197,753,958 states left on queue.
Progress(32) at 2026-07-19 04:12:53: 5,277,706,232 states generated (26,626,147 s/min), 856,913,254 distinct states found (4,226,272 ds/min), 198,950,290 states left on queue.
Progress(32) at 2026-07-19 04:13:53: 5,305,140,833 states generated (27,434,601 s/min), 861,219,710 distinct states found (4,306,456 ds/min), 199,995,614 states left on queue.
Progress(32) at 2026-07-19 04:14:53: 5,332,522,296 states generated (27,381,463 s/min), 865,523,374 distinct states found (4,303,664 ds/min), 200,766,525 states left on queue.
Progress(32) at 2026-07-19 04:15:53: 5,360,952,549 states generated (28,430,253 s/min), 869,573,816 distinct states found (4,050,442 ds/min), 201,250,670 states left on queue.
Progress(32) at 2026-07-19 04:16:53: 5,389,066,920 states generated (28,114,371 s/min), 873,647,863 distinct states found (4,074,047 ds/min), 201,754,997 states left on queue.
Progress(32) at 2026-07-19 04:17:53: 5,417,169,482 states generated (28,102,562 s/min), 877,692,459 distinct states found (4,044,596 ds/min), 202,138,440 states left on queue.
Progress(32) at 2026-07-19 04:18:53: 5,444,688,707 states generated (27,519,225 s/min), 881,748,479 distinct states found (4,056,020 ds/min), 202,582,772 states left on queue.
Progress(32) at 2026-07-19 04:19:53: 5,472,105,662 states generated (27,416,955 s/min), 885,893,133 distinct states found (4,144,654 ds/min), 203,242,415 states left on queue.
Progress(32) at 2026-07-19 04:20:53: 5,500,885,649 states generated (28,779,987 s/min), 890,194,259 distinct states found (4,301,126 ds/min), 204,118,066 states left on queue.
Progress(32) at 2026-07-19 04:21:53: 5,529,361,197 states generated (28,475,548 s/min), 894,222,082 distinct states found (4,027,823 ds/min), 204,552,885 states left on queue.
Progress(32) at 2026-07-19 04:22:53: 5,557,241,879 states generated (27,880,682 s/min), 898,222,004 distinct states found (3,999,922 ds/min), 205,190,163 states left on queue.
Progress(32) at 2026-07-19 04:23:53: 5,584,328,383 states generated (27,086,504 s/min), 902,224,746 distinct states found (4,002,742 ds/min), 205,824,297 states left on queue.
Progress(32) at 2026-07-19 04:24:53: 5,611,799,221 states generated (27,470,838 s/min), 906,175,643 distinct states found (3,950,897 ds/min), 206,319,793 states left on queue.
Progress(32) at 2026-07-19 04:25:53: 5,639,999,492 states generated (28,200,271 s/min), 910,152,458 distinct states found (3,976,815 ds/min), 207,178,824 states left on queue.
Progress(32) at 2026-07-19 04:26:53: 5,668,461,106 states generated (28,461,614 s/min), 914,303,027 distinct states found (4,150,569 ds/min), 208,012,329 states left on queue.
Checkpointing of run states/26-07-19-00-57-33
Checkpointing completed at (2026-07-19 04:27:55)
Progress(32) at 2026-07-19 04:27:55: 5,696,902,340 states generated (28,441,234 s/min), 918,550,041 distinct states found (4,247,014 ds/min), 208,871,193 states left on queue.
Progress(32) at 2026-07-19 04:28:55: 5,723,954,001 states generated (27,051,661 s/min), 922,357,035 distinct states found (3,806,994 ds/min), 209,435,874 states left on queue.
Progress(32) at 2026-07-19 04:29:55: 5,751,644,333 states generated (27,690,332 s/min), 926,355,885 distinct states found (3,998,850 ds/min), 210,159,365 states left on queue.
Progress(32) at 2026-07-19 04:30:55: 5,779,130,715 states generated (27,486,382 s/min), 930,181,172 distinct states found (3,825,287 ds/min), 210,800,197 states left on queue.
Progress(32) at 2026-07-19 04:31:55: 5,806,743,641 states generated (27,612,926 s/min), 934,054,383 distinct states found (3,873,211 ds/min), 211,173,057 states left on queue.
Progress(32) at 2026-07-19 04:32:55: 5,834,585,874 states generated (27,842,233 s/min), 938,251,647 distinct states found (4,197,264 ds/min), 212,027,847 states left on queue.
Progress(32) at 2026-07-19 04:33:55: 5,856,061,830 states generated (21,475,956 s/min), 941,506,854 distinct states found (3,255,207 ds/min), 212,575,433 states left on queue.
Progress(32) at 2026-07-19 04:34:55: 5,883,169,609 states generated (27,107,779 s/min), 945,256,234 distinct states found (3,749,380 ds/min), 213,064,155 states left on queue.
Progress(32) at 2026-07-19 04:35:55: 5,909,835,985 states generated (26,666,376 s/min), 949,018,944 distinct states found (3,762,710 ds/min), 213,497,192 states left on queue.
Progress(32) at 2026-07-19 04:36:55: 5,936,356,401 states generated (26,520,416 s/min), 952,699,357 distinct states found (3,680,413 ds/min), 213,888,217 states left on queue.
Progress(32) at 2026-07-19 04:37:55: 5,962,614,934 states generated (26,258,533 s/min), 956,542,474 distinct states found (3,843,117 ds/min), 214,428,664 states left on queue.
Progress(32) at 2026-07-19 04:38:55: 5,989,305,230 states generated (26,690,296 s/min), 960,374,145 distinct states found (3,831,671 ds/min), 215,106,664 states left on queue.
Progress(32) at 2026-07-19 04:39:55: 6,016,146,656 states generated (26,841,426 s/min), 964,137,428 distinct states found (3,763,283 ds/min), 215,258,644 states left on queue.
Progress(32) at 2026-07-19 04:40:55: 6,043,659,282 states generated (27,512,626 s/min), 968,091,409 distinct states found (3,953,981 ds/min), 215,600,872 states left on queue.
Progress(32) at 2026-07-19 04:41:55: 6,070,287,189 states generated (26,627,907 s/min), 972,318,720 distinct states found (4,227,311 ds/min), 216,495,834 states left on queue.
Progress(32) at 2026-07-19 04:42:55: 6,097,312,459 states generated (27,025,270 s/min), 976,073,219 distinct states found (3,754,499 ds/min), 216,863,285 states left on queue.
Progress(32) at 2026-07-19 04:43:55: 6,123,506,136 states generated (26,193,677 s/min), 979,904,599 distinct states found (3,831,380 ds/min), 217,360,505 states left on queue.
Progress(32) at 2026-07-19 04:44:55: 6,149,122,892 states generated (25,616,756 s/min), 983,633,472 distinct states found (3,728,873 ds/min), 217,648,975 states left on queue.
Progress(32) at 2026-07-19 04:45:55: 6,174,593,738 states generated (25,470,846 s/min), 987,212,539 distinct states found (3,579,067 ds/min), 217,789,648 states left on queue.
Progress(32) at 2026-07-19 04:46:55: 6,200,595,205 states generated (26,001,467 s/min), 991,018,930 distinct states found (3,806,391 ds/min), 218,289,379 states left on queue.
Progress(32) at 2026-07-19 04:47:55: 6,227,632,662 states generated (27,037,457 s/min), 994,799,861 distinct states found (3,780,931 ds/min), 218,712,878 states left on queue.
Progress(32) at 2026-07-19 04:48:55: 6,255,842,777 states generated (28,210,115 s/min), 998,888,181 distinct states found (4,088,320 ds/min), 219,366,777 states left on queue.
Progress(32) at 2026-07-19 04:49:55: 6,284,845,725 states generated (29,002,948 s/min), 1,002,951,548 distinct states found (4,063,367 ds/min), 220,060,307 states left on queue.
Progress(32) at 2026-07-19 04:50:55: 6,312,946,984 states generated (28,101,259 s/min), 1,006,975,248 distinct states found (4,023,700 ds/min), 220,635,444 states left on queue.
Progress(32) at 2026-07-19 04:51:55: 6,341,728,941 states generated (28,781,957 s/min), 1,011,227,531 distinct states found (4,252,283 ds/min), 221,224,831 states left on queue.
Progress(32) at 2026-07-19 04:52:55: 6,368,941,308 states generated (27,212,367 s/min), 1,015,207,477 distinct states found (3,979,946 ds/min), 221,671,752 states left on queue.
Progress(32) at 2026-07-19 04:53:56: 6,397,012,777 states generated (28,071,469 s/min), 1,018,894,007 distinct states found (3,686,530 ds/min), 221,892,926 states left on queue.
Progress(32) at 2026-07-19 04:54:56: 6,425,512,459 states generated (28,499,682 s/min), 1,022,982,357 distinct states found (4,088,350 ds/min), 222,637,218 states left on queue.
Progress(32) at 2026-07-19 04:55:56: 6,453,444,370 states generated (27,931,911 s/min), 1,026,776,090 distinct states found (3,793,733 ds/min), 222,967,688 states left on queue.
Progress(32) at 2026-07-19 04:56:56: 6,481,499,088 states generated (28,054,718 s/min), 1,030,688,740 distinct states found (3,912,650 ds/min), 223,359,318 states left on queue.
Checkpointing of run states/26-07-19-00-57-33
Checkpointing completed at (2026-07-19 04:57:58)
Progress(32) at 2026-07-19 04:57:58: 6,509,300,245 states generated (27,801,157 s/min), 1,035,047,178 distinct states found (4,358,438 ds/min), 224,177,333 states left on queue.
Progress(32) at 2026-07-19 04:58:58: 6,536,364,183 states generated (27,063,938 s/min), 1,039,231,469 distinct states found (4,184,291 ds/min), 225,003,872 states left on queue.
Progress(32) at 2026-07-19 04:59:58: 6,564,028,861 states generated (27,664,678 s/min), 1,043,201,579 distinct states found (3,970,110 ds/min), 225,280,118 states left on queue.
Progress(32) at 2026-07-19 05:00:58: 6,592,153,093 states generated (28,124,232 s/min), 1,047,201,207 distinct states found (3,999,628 ds/min), 225,736,897 states left on queue.
Progress(32) at 2026-07-19 05:01:58: 6,620,367,016 states generated (28,213,923 s/min), 1,051,199,770 distinct states found (3,998,563 ds/min), 226,076,309 states left on queue.
Progress(32) at 2026-07-19 05:02:58: 6,648,153,492 states generated (27,786,476 s/min), 1,055,495,968 distinct states found (4,296,198 ds/min), 226,739,858 states left on queue.
Progress(32) at 2026-07-19 05:03:58: 6,676,127,033 states generated (27,973,541 s/min), 1,059,427,904 distinct states found (3,931,936 ds/min), 226,986,797 states left on queue.
Progress(32) at 2026-07-19 05:04:58: 6,704,966,350 states generated (28,839,317 s/min), 1,063,761,310 distinct states found (4,333,406 ds/min), 227,627,517 states left on queue.
Progress(32) at 2026-07-19 05:05:58: 6,733,535,750 states generated (28,569,400 s/min), 1,067,682,468 distinct states found (3,921,158 ds/min), 227,961,278 states left on queue.
Progress(33) at 2026-07-19 05:06:58: 6,762,496,614 states generated (28,960,864 s/min), 1,071,666,123 distinct states found (3,983,655 ds/min), 228,313,511 states left on queue.
Progress(33) at 2026-07-19 05:07:58: 6,786,338,573 states generated (23,841,959 s/min), 1,074,976,007 distinct states found (3,309,884 ds/min), 228,652,645 states left on queue.
Progress(33) at 2026-07-19 05:08:58: 6,813,934,166 states generated (27,595,593 s/min), 1,079,043,338 distinct states found (4,067,331 ds/min), 229,057,936 states left on queue.
Progress(33) at 2026-07-19 05:09:58: 6,842,272,951 states generated (28,338,785 s/min), 1,083,265,290 distinct states found (4,221,952 ds/min), 229,947,680 states left on queue.
Progress(33) at 2026-07-19 05:10:58: 6,868,689,699 states generated (26,416,748 s/min), 1,087,335,169 distinct states found (4,069,879 ds/min), 231,013,853 states left on queue.
Progress(33) at 2026-07-19 05:11:58: 6,895,983,276 states generated (27,293,577 s/min), 1,091,475,545 distinct states found (4,140,376 ds/min), 231,973,453 states left on queue.
Progress(33) at 2026-07-19 05:12:58: 6,923,501,975 states generated (27,518,699 s/min), 1,095,652,520 distinct states found (4,176,975 ds/min), 232,697,501 states left on queue.
Progress(33) at 2026-07-19 05:13:58: 6,950,407,226 states generated (26,905,251 s/min), 1,099,850,564 distinct states found (4,198,044 ds/min), 233,466,204 states left on queue.
Progress(33) at 2026-07-19 05:14:58: 6,979,029,172 states generated (28,621,946 s/min), 1,103,719,880 distinct states found (3,869,316 ds/min), 233,706,743 states left on queue.
Progress(33) at 2026-07-19 05:15:58: 7,006,873,491 states generated (27,844,319 s/min), 1,107,656,667 distinct states found (3,936,787 ds/min), 234,108,533 states left on queue.
Progress(33) at 2026-07-19 05:16:58: 7,035,080,316 states generated (28,206,825 s/min), 1,111,619,251 distinct states found (3,962,584 ds/min), 234,398,690 states left on queue.
Progress(33) at 2026-07-19 05:17:58: 7,062,368,576 states generated (27,288,260 s/min), 1,115,524,435 distinct states found (3,905,184 ds/min), 234,711,255 states left on queue.
Progress(33) at 2026-07-19 05:18:58: 7,089,389,823 states generated (27,021,247 s/min), 1,119,505,311 distinct states found (3,980,876 ds/min), 235,306,628 states left on queue.
Progress(33) at 2026-07-19 05:19:58: 7,118,341,715 states generated (28,951,892 s/min), 1,123,624,545 distinct states found (4,119,234 ds/min), 235,878,260 states left on queue.
Progress(33) at 2026-07-19 05:20:58: 7,147,071,434 states generated (28,729,719 s/min), 1,127,693,341 distinct states found (4,068,796 ds/min), 236,396,450 states left on queue.
Progress(33) at 2026-07-19 05:21:58: 7,175,411,476 states generated (28,340,042 s/min), 1,131,662,693 distinct states found (3,969,352 ds/min), 236,859,241 states left on queue.
Progress(33) at 2026-07-19 05:22:58: 7,203,236,263 states generated (27,824,787 s/min), 1,135,480,115 distinct states found (3,817,422 ds/min), 237,311,374 states left on queue.
Progress(33) at 2026-07-19 05:23:58: 7,230,182,086 states generated (26,945,823 s/min), 1,139,265,561 distinct states found (3,785,446 ds/min), 237,781,095 states left on queue.
Progress(33) at 2026-07-19 05:24:58: 7,257,563,267 states generated (27,381,181 s/min), 1,143,219,811 distinct states found (3,954,250 ds/min), 238,274,235 states left on queue.
Progress(33) at 2026-07-19 05:25:58: 7,285,444,934 states generated (27,881,667 s/min), 1,147,049,233 distinct states found (3,829,422 ds/min), 238,891,838 states left on queue.
Progress(33) at 2026-07-19 05:26:58: 7,313,913,386 states generated (28,468,452 s/min), 1,150,997,783 distinct states found (3,948,550 ds/min), 239,694,744 states left on queue.
Checkpointing of run states/26-07-19-00-57-33
Checkpointing completed at (2026-07-19 05:28:00)
Progress(33) at 2026-07-19 05:28:00: 7,343,295,921 states generated (29,382,535 s/min), 1,155,197,551 distinct states found (4,199,768 ds/min), 240,375,562 states left on queue.
Progress(33) at 2026-07-19 05:29:00: 7,370,712,991 states generated (27,417,070 s/min), 1,159,208,625 distinct states found (4,011,074 ds/min), 241,126,148 states left on queue.
Progress(33) at 2026-07-19 05:30:00: 7,397,553,287 states generated (26,840,296 s/min), 1,162,689,106 distinct states found (3,480,481 ds/min), 241,371,088 states left on queue.
Progress(33) at 2026-07-19 05:31:00: 7,425,671,409 states generated (28,118,122 s/min), 1,166,831,573 distinct states found (4,142,467 ds/min), 242,315,205 states left on queue.
Progress(33) at 2026-07-19 05:32:00: 7,452,604,440 states generated (26,933,031 s/min), 1,170,411,679 distinct states found (3,580,106 ds/min), 242,627,065 states left on queue.
Progress(33) at 2026-07-19 05:33:00: 7,480,182,139 states generated (27,577,699 s/min), 1,174,212,930 distinct states found (3,801,251 ds/min), 243,111,958 states left on queue.
Progress(33) at 2026-07-19 05:34:00: 7,507,621,641 states generated (27,439,502 s/min), 1,177,863,837 distinct states found (3,650,907 ds/min), 243,279,920 states left on queue.
Progress(33) at 2026-07-19 05:35:00: 7,535,719,592 states generated (28,097,951 s/min), 1,182,151,560 distinct states found (4,287,723 ds/min), 244,201,508 states left on queue.
Progress(33) at 2026-07-19 05:36:00: 7,564,307,777 states generated (28,588,185 s/min), 1,186,364,921 distinct states found (4,213,361 ds/min), 244,810,187 states left on queue.
Progress(33) at 2026-07-19 05:37:00: 7,591,237,845 states generated (26,930,068 s/min), 1,189,994,484 distinct states found (3,629,563 ds/min), 245,240,542 states left on queue.
Progress(33) at 2026-07-19 05:38:00: 7,617,988,388 states generated (26,750,543 s/min), 1,193,603,189 distinct states found (3,608,705 ds/min), 245,459,263 states left on queue.
Progress(33) at 2026-07-19 05:39:00: 7,644,611,467 states generated (26,623,079 s/min), 1,197,239,563 distinct states found (3,636,374 ds/min), 245,879,999 states left on queue.
Progress(33) at 2026-07-19 05:40:00: 7,670,784,992 states generated (26,173,525 s/min), 1,200,769,592 distinct states found (3,530,029 ds/min), 245,980,255 states left on queue.
Progress(33) at 2026-07-19 05:41:00: 7,697,146,424 states generated (26,361,432 s/min), 1,204,561,956 distinct states found (3,792,364 ds/min), 246,664,001 states left on queue.
Progress(33) at 2026-07-19 05:42:00: 7,724,359,010 states generated (27,212,586 s/min), 1,208,330,594 distinct states found (3,768,638 ds/min), 247,186,366 states left on queue.
Progress(33) at 2026-07-19 05:43:00: 7,751,070,329 states generated (26,711,319 s/min), 1,211,913,563 distinct states found (3,582,969 ds/min), 247,182,891 states left on queue.
Progress(33) at 2026-07-19 05:44:00: 7,778,826,317 states generated (27,755,988 s/min), 1,215,887,897 distinct states found (3,974,334 ds/min), 247,534,470 states left on queue.
Progress(33) at 2026-07-19 05:45:00: 7,805,346,951 states generated (26,520,634 s/min), 1,220,058,540 distinct states found (4,170,643 ds/min), 248,351,340 states left on queue.
Progress(33) at 2026-07-19 05:46:00: 7,832,255,102 states generated (26,908,151 s/min), 1,223,676,936 distinct states found (3,618,396 ds/min), 248,603,380 states left on queue.
Progress(33) at 2026-07-19 05:47:00: 7,858,631,888 states generated (26,376,786 s/min), 1,227,364,206 distinct states found (3,687,270 ds/min), 248,923,551 states left on queue.
Progress(33) at 2026-07-19 05:48:00: 7,884,082,841 states generated (25,450,953 s/min), 1,230,967,456 distinct states found (3,603,250 ds/min), 249,235,228 states left on queue.
Progress(33) at 2026-07-19 05:49:00: 7,909,869,616 states generated (25,786,775 s/min), 1,234,500,521 distinct states found (3,533,065 ds/min), 249,281,846 states left on queue.
Progress(33) at 2026-07-19 05:50:00: 7,935,394,152 states generated (25,524,536 s/min), 1,238,111,922 distinct states found (3,611,401 ds/min), 249,458,811 states left on queue.
Progress(33) at 2026-07-19 05:51:00: 7,961,303,646 states generated (25,909,494 s/min), 1,241,701,714 distinct states found (3,589,792 ds/min), 249,803,366 states left on queue.
Progress(33) at 2026-07-19 05:52:00: 7,989,204,459 states generated (27,900,813 s/min), 1,245,535,928 distinct states found (3,834,214 ds/min), 250,258,633 states left on queue.
Progress(33) at 2026-07-19 05:53:00: 8,017,446,720 states generated (28,242,261 s/min), 1,249,480,810 distinct states found (3,944,882 ds/min), 250,785,227 states left on queue.
Progress(33) at 2026-07-19 05:54:00: 8,045,984,193 states generated (28,537,473 s/min), 1,253,429,766 distinct states found (3,948,956 ds/min), 251,463,791 states left on queue.
Progress(33) at 2026-07-19 05:55:00: 8,074,523,126 states generated (28,538,933 s/min), 1,257,294,859 distinct states found (3,865,093 ds/min), 251,824,970 states left on queue.
Progress(33) at 2026-07-19 05:56:00: 8,102,738,953 states generated (28,215,827 s/min), 1,261,264,371 distinct states found (3,969,512 ds/min), 252,258,611 states left on queue.
Progress(33) at 2026-07-19 05:57:00: 8,131,406,900 states generated (28,667,947 s/min), 1,265,330,556 distinct states found (4,066,185 ds/min), 252,678,452 states left on queue.
Checkpointing of run states/26-07-19-00-57-33
Checkpointing completed at (2026-07-19 05:58:03)
Progress(33) at 2026-07-19 05:58:03: 8,159,487,704 states generated (28,080,804 s/min), 1,269,179,947 distinct states found (3,849,391 ds/min), 252,861,845 states left on queue.
Progress(33) at 2026-07-19 05:59:03: 8,187,892,124 states generated (28,404,420 s/min), 1,272,829,243 distinct states found (3,649,296 ds/min), 253,128,465 states left on queue.
Progress(33) at 2026-07-19 06:00:03: 8,216,524,040 states generated (28,631,916 s/min), 1,276,844,938 distinct states found (4,015,695 ds/min), 253,774,752 states left on queue.
Progress(33) at 2026-07-19 06:01:03: 8,244,413,879 states generated (27,889,839 s/min), 1,280,510,107 distinct states found (3,665,169 ds/min), 253,998,911 states left on queue.
Progress(33) at 2026-07-19 06:02:03: 8,272,538,798 states generated (28,124,919 s/min), 1,284,221,991 distinct states found (3,711,884 ds/min), 254,171,214 states left on queue.
Progress(33) at 2026-07-19 06:03:03: 8,299,341,225 states generated (26,802,427 s/min), 1,288,134,949 distinct states found (3,912,958 ds/min), 254,791,487 states left on queue.
Progress(33) at 2026-07-19 06:04:03: 8,326,244,698 states generated (26,903,473 s/min), 1,292,330,450 distinct states found (4,195,501 ds/min), 255,473,084 states left on queue.
Progress(33) at 2026-07-19 06:05:03: 8,353,469,099 states generated (27,224,401 s/min), 1,296,294,475 distinct states found (3,964,025 ds/min), 256,013,434 states left on queue.
Progress(33) at 2026-07-19 06:06:03: 8,381,304,198 states generated (27,835,099 s/min), 1,300,145,796 distinct states found (3,851,321 ds/min), 256,163,713 states left on queue.
Progress(33) at 2026-07-19 06:07:03: 8,409,193,927 states generated (27,889,729 s/min), 1,304,007,010 distinct states found (3,861,214 ds/min), 256,492,803 states left on queue.
Progress(33) at 2026-07-19 06:08:03: 8,426,823,085 states generated (17,629,158 s/min), 1,306,351,575 distinct states found (2,344,565 ds/min), 256,481,514 states left on queue.
Progress(33) at 2026-07-19 06:09:03: 8,455,343,005 states generated (28,519,920 s/min), 1,310,584,061 distinct states found (4,232,486 ds/min), 257,080,607 states left on queue.
Progress(33) at 2026-07-19 06:10:03: 8,482,932,203 states generated (27,589,198 s/min), 1,314,572,226 distinct states found (3,988,165 ds/min), 257,445,646 states left on queue.
Progress(33) at 2026-07-19 06:11:03: 8,511,171,076 states generated (28,238,873 s/min), 1,318,435,239 distinct states found (3,863,013 ds/min), 257,599,195 states left on queue.
Progress(33) at 2026-07-19 06:12:03: 8,539,764,355 states generated (28,593,279 s/min), 1,322,583,151 distinct states found (4,147,912 ds/min), 258,079,358 states left on queue.
Progress(33) at 2026-07-19 06:13:03: 8,568,452,624 states generated (28,688,269 s/min), 1,326,352,624 distinct states found (3,769,473 ds/min), 258,254,849 states left on queue.
Progress(34) at 2026-07-19 06:14:03: 8,597,266,959 states generated (28,814,335 s/min), 1,330,243,075 distinct states found (3,890,451 ds/min), 258,592,704 states left on queue.
Progress(34) at 2026-07-19 06:15:03: 8,625,229,316 states generated (27,962,357 s/min), 1,333,997,486 distinct states found (3,754,411 ds/min), 258,866,333 states left on queue.
Progress(34) at 2026-07-19 06:16:03: 8,652,562,915 states generated (27,333,599 s/min), 1,337,921,700 distinct states found (3,924,214 ds/min), 259,137,833 states left on queue.
Progress(34) at 2026-07-19 06:17:03: 8,681,336,580 states generated (28,773,665 s/min), 1,342,119,030 distinct states found (4,197,330 ds/min), 259,961,376 states left on queue.
Progress(34) at 2026-07-19 06:18:03: 8,708,052,517 states generated (26,715,937 s/min), 1,346,056,330 distinct states found (3,937,300 ds/min), 260,862,827 states left on queue.
Progress(34) at 2026-07-19 06:19:03: 8,734,210,035 states generated (26,157,518 s/min), 1,349,938,457 distinct states found (3,882,127 ds/min), 261,721,048 states left on queue.
Progress(34) at 2026-07-19 06:20:03: 8,761,520,654 states generated (27,310,619 s/min), 1,353,976,657 distinct states found (4,038,200 ds/min), 262,560,312 states left on queue.
Progress(34) at 2026-07-19 06:21:03: 8,788,801,012 states generated (27,280,358 s/min), 1,358,051,370 distinct states found (4,074,713 ds/min), 263,245,121 states left on queue.
Progress(34) at 2026-07-19 06:22:03: 8,815,502,600 states generated (26,701,588 s/min), 1,362,119,408 distinct states found (4,068,038 ds/min), 263,829,837 states left on queue.
Progress(34) at 2026-07-19 06:23:03: 8,843,109,951 states generated (27,607,351 s/min), 1,366,011,385 distinct states found (3,891,977 ds/min), 264,243,691 states left on queue.
Progress(34) at 2026-07-19 06:24:03: 8,872,030,095 states generated (28,920,144 s/min), 1,369,676,091 distinct states found (3,664,706 ds/min), 264,266,671 states left on queue.
Progress(34) at 2026-07-19 06:25:03: 8,899,560,846 states generated (27,530,751 s/min), 1,373,609,207 distinct states found (3,933,116 ds/min), 264,597,759 states left on queue.
Progress(34) at 2026-07-19 06:26:03: 8,927,646,390 states generated (28,085,544 s/min), 1,377,447,458 distinct states found (3,838,251 ds/min), 264,775,976 states left on queue.
Progress(34) at 2026-07-19 06:27:03: 8,954,783,214 states generated (27,136,824 s/min), 1,381,195,836 distinct states found (3,748,378 ds/min), 264,975,305 states left on queue.
Checkpointing of run states/26-07-19-00-57-33
Checkpointing completed at (2026-07-19 06:28:05)
Progress(34) at 2026-07-19 06:28:05: 8,982,624,925 states generated (27,841,711 s/min), 1,385,245,016 distinct states found (4,049,180 ds/min), 265,584,757 states left on queue.
Progress(34) at 2026-07-19 06:29:05: 9,011,798,996 states generated (29,174,071 s/min), 1,389,257,724 distinct states found (4,012,708 ds/min), 266,025,253 states left on queue.
Progress(34) at 2026-07-19 06:30:05: 9,040,570,016 states generated (28,771,020 s/min), 1,393,294,123 distinct states found (4,036,399 ds/min), 266,605,098 states left on queue.
Progress(34) at 2026-07-19 06:31:05: 9,069,490,120 states generated (28,920,104 s/min), 1,397,104,300 distinct states found (3,810,177 ds/min), 266,842,402 states left on queue.
Progress(34) at 2026-07-19 06:32:05: 9,097,127,216 states generated (27,637,096 s/min), 1,400,851,272 distinct states found (3,746,972 ds/min), 267,100,927 states left on queue.
Progress(34) at 2026-07-19 06:33:05: 9,124,579,352 states generated (27,452,136 s/min), 1,404,582,326 distinct states found (3,731,054 ds/min), 267,613,018 states left on queue.
Progress(34) at 2026-07-19 06:34:05: 9,151,878,977 states generated (27,299,625 s/min), 1,408,369,552 distinct states found (3,787,226 ds/min), 267,967,771 states left on queue.
Progress(34) at 2026-07-19 06:35:05: 9,178,902,158 states generated (27,023,181 s/min), 1,412,027,323 distinct states found (3,657,771 ds/min), 268,165,163 states left on queue.
Progress(34) at 2026-07-19 06:36:05: 9,206,982,052 states generated (28,079,894 s/min), 1,415,768,589 distinct states found (3,741,266 ds/min), 268,802,786 states left on queue.
Progress(34) at 2026-07-19 06:37:05: 9,235,249,001 states generated (28,266,949 s/min), 1,419,514,769 distinct states found (3,746,180 ds/min), 269,404,878 states left on queue.
Progress(34) at 2026-07-19 06:38:05: 9,263,633,003 states generated (28,384,002 s/min), 1,423,553,520 distinct states found (4,038,751 ds/min), 270,164,139 states left on queue.
Progress(34) at 2026-07-19 06:39:05: 9,291,346,218 states generated (27,713,215 s/min), 1,427,431,007 distinct states found (3,877,487 ds/min), 270,726,976 states left on queue.
Progress(34) at 2026-07-19 06:40:05: 9,318,794,155 states generated (27,447,937 s/min), 1,431,142,721 distinct states found (3,711,714 ds/min), 271,141,199 states left on queue.
Progress(34) at 2026-07-19 06:41:05: 9,345,669,668 states generated (26,875,513 s/min), 1,434,638,910 distinct states found (3,496,189 ds/min), 271,348,736 states left on queue.
Progress(34) at 2026-07-19 06:42:05: 9,373,634,244 states generated (27,964,576 s/min), 1,438,698,820 distinct states found (4,059,910 ds/min), 272,266,626 states left on queue.
Progress(34) at 2026-07-19 06:43:05: 9,400,776,803 states generated (27,142,559 s/min), 1,442,151,130 distinct states found (3,452,310 ds/min), 272,382,731 states left on queue.
Progress(34) at 2026-07-19 06:44:05: 9,428,133,426 states generated (27,356,623 s/min), 1,445,750,636 distinct states found (3,599,506 ds/min), 272,803,494 states left on queue.
Progress(34) at 2026-07-19 06:45:05: 9,455,707,100 states generated (27,573,674 s/min), 1,449,491,134 distinct states found (3,740,498 ds/min), 272,968,542 states left on queue.
Progress(34) at 2026-07-19 06:46:05: 9,483,292,199 states generated (27,585,099 s/min), 1,453,293,401 distinct states found (3,802,267 ds/min), 273,415,784 states left on queue.
Progress(34) at 2026-07-19 06:47:05: 9,511,804,279 states generated (28,512,080 s/min), 1,457,544,362 distinct states found (4,250,961 ds/min), 274,188,204 states left on queue.
Progress(34) at 2026-07-19 06:48:05: 9,540,017,289 states generated (28,213,010 s/min), 1,461,500,110 distinct states found (3,955,748 ds/min), 274,565,386 states left on queue.
Progress(34) at 2026-07-19 06:49:05: 9,566,619,347 states generated (26,602,058 s/min), 1,464,945,359 distinct states found (3,445,249 ds/min), 274,841,179 states left on queue.
Progress(34) at 2026-07-19 06:50:05: 9,593,173,659 states generated (26,554,312 s/min), 1,468,396,792 distinct states found (3,451,433 ds/min), 274,936,098 states left on queue.
Progress(34) at 2026-07-19 06:51:05: 9,619,919,571 states generated (26,745,912 s/min), 1,471,971,174 distinct states found (3,574,382 ds/min), 275,327,134 states left on queue.
Progress(34) at 2026-07-19 06:52:05: 9,646,053,215 states generated (26,133,644 s/min), 1,475,311,187 distinct states found (3,340,013 ds/min), 275,244,023 states left on queue.
Progress(34) at 2026-07-19 06:53:05: 9,672,265,184 states generated (26,211,969 s/min), 1,478,995,718 distinct states found (3,684,531 ds/min), 275,798,334 states left on queue.
Progress(34) at 2026-07-19 06:54:05: 9,698,934,921 states generated (26,669,737 s/min), 1,482,769,280 distinct states found (3,773,562 ds/min), 276,549,949 states left on queue.
Progress(34) at 2026-07-19 06:55:05: 9,726,114,650 states generated (27,179,729 s/min), 1,486,332,802 distinct states found (3,563,522 ds/min), 276,554,950 states left on queue.
Progress(34) at 2026-07-19 06:56:05: 9,752,342,198 states generated (26,227,548 s/min), 1,489,740,974 distinct states found (3,408,172 ds/min), 276,448,626 states left on queue.
Progress(34) at 2026-07-19 06:57:05: 9,780,918,283 states generated (28,576,085 s/min), 1,493,723,037 distinct states found (3,982,063 ds/min), 276,776,510 states left on queue.
Checkpointing of run states/26-07-19-00-57-33
Checkpointing completed at (2026-07-19 06:58:08)
Progress(34) at 2026-07-19 06:58:08: 9,807,894,221 states generated (26,975,938 s/min), 1,497,958,560 distinct states found (4,235,523 ds/min), 277,590,523 states left on queue.
Progress(34) at 2026-07-19 06:59:08: 9,834,675,463 states generated (26,781,242 s/min), 1,501,446,858 distinct states found (3,488,298 ds/min), 277,722,854 states left on queue.
Progress(34) at 2026-07-19 07:00:08: 9,860,911,769 states generated (26,236,306 s/min), 1,504,975,186 distinct states found (3,528,328 ds/min), 277,889,782 states left on queue.
Progress(34) at 2026-07-19 07:01:08: 9,886,414,618 states generated (25,502,849 s/min), 1,508,476,186 distinct states found (3,501,000 ds/min), 278,088,884 states left on queue.
Progress(34) at 2026-07-19 07:02:08: 9,912,118,592 states generated (25,703,974 s/min), 1,511,884,387 distinct states found (3,408,201 ds/min), 278,073,187 states left on queue.
Progress(34) at 2026-07-19 07:03:08: 9,937,532,343 states generated (25,413,751 s/min), 1,515,282,043 distinct states found (3,397,656 ds/min), 278,008,624 states left on queue.
Progress(34) at 2026-07-19 07:04:08: 9,963,503,297 states generated (25,970,954 s/min), 1,518,925,757 distinct states found (3,643,714 ds/min), 278,411,498 states left on queue.
Progress(34) at 2026-07-19 07:05:08: 9,989,815,924 states generated (26,312,627 s/min), 1,522,365,869 distinct states found (3,440,112 ds/min), 278,492,417 states left on queue.
Progress(34) at 2026-07-19 07:06:08: 10,018,922,424 states generated (29,106,500 s/min), 1,526,234,433 distinct states found (3,868,564 ds/min), 279,057,909 states left on queue.
Progress(34) at 2026-07-19 07:07:08: 10,047,222,511 states generated (28,300,087 s/min), 1,530,096,960 distinct states found (3,862,527 ds/min), 279,451,767 states left on queue.
Progress(34) at 2026-07-19 07:08:08: 10,070,707,565 states generated (23,485,054 s/min), 1,533,252,204 distinct states found (3,155,244 ds/min), 279,950,199 states left on queue.
Progress(34) at 2026-07-19 07:09:08: 10,099,256,340 states generated (28,548,775 s/min), 1,536,940,121 distinct states found (3,687,917 ds/min), 280,128,747 states left on queue.
Progress(34) at 2026-07-19 07:10:08: 10,127,183,814 states generated (27,927,474 s/min), 1,540,735,356 distinct states found (3,795,235 ds/min), 280,504,480 states left on queue.
Progress(34) at 2026-07-19 07:11:08: 10,156,156,213 states generated (28,972,399 s/min), 1,544,705,759 distinct states found (3,970,403 ds/min), 280,753,906 states left on queue.
Progress(34) at 2026-07-19 07:12:08: 10,183,564,051 states generated (27,407,838 s/min), 1,548,473,774 distinct states found (3,768,015 ds/min), 281,072,813 states left on queue.
Progress(34) at 2026-07-19 07:13:08: 10,210,840,867 states generated (27,276,816 s/min), 1,551,854,644 distinct states found (3,380,870 ds/min), 281,007,811 states left on queue.
Progress(34) at 2026-07-19 07:14:08: 10,239,478,106 states generated (28,637,239 s/min), 1,555,631,209 distinct states found (3,776,565 ds/min), 281,399,678 states left on queue.
Progress(34) at 2026-07-19 07:15:08: 10,268,190,136 states generated (28,712,030 s/min), 1,559,446,583 distinct states found (3,815,374 ds/min), 281,724,949 states left on queue.
Progress(34) at 2026-07-19 07:16:08: 10,295,860,254 states generated (27,670,118 s/min), 1,562,945,659 distinct states found (3,499,076 ds/min), 281,859,833 states left on queue.
Progress(34) at 2026-07-19 07:17:08: 10,323,702,832 states generated (27,842,578 s/min), 1,566,531,784 distinct states found (3,586,125 ds/min), 281,947,770 states left on queue.
Progress(34) at 2026-07-19 07:18:08: 10,350,479,823 states generated (26,776,991 s/min), 1,570,314,458 distinct states found (3,782,674 ds/min), 282,469,507 states left on queue.
Progress(34) at 2026-07-19 07:19:08: 10,377,043,724 states generated (26,563,901 s/min), 1,574,389,605 distinct states found (4,075,147 ds/min), 282,972,816 states left on queue.
Progress(34) at 2026-07-19 07:20:08: 10,404,414,334 states generated (27,370,610 s/min), 1,578,304,670 distinct states found (3,915,065 ds/min), 283,528,783 states left on queue.
Progress(34) at 2026-07-19 07:21:08: 10,431,668,882 states generated (27,254,548 s/min), 1,581,957,391 distinct states found (3,652,721 ds/min), 283,578,108 states left on queue.
Progress(34) at 2026-07-19 07:22:08: 10,459,431,171 states generated (27,762,289 s/min), 1,585,792,918 distinct states found (3,835,527 ds/min), 283,808,525 states left on queue.
Progress(34) at 2026-07-19 07:23:08: 10,487,061,446 states generated (27,630,275 s/min), 1,589,415,033 distinct states found (3,622,115 ds/min), 283,848,797 states left on queue.
Progress(34) at 2026-07-19 07:24:08: 10,516,093,731 states generated (29,032,285 s/min), 1,593,364,247 distinct states found (3,949,214 ds/min), 284,108,359 states left on queue.
Progress(34) at 2026-07-19 07:25:08: 10,543,497,938 states generated (27,404,207 s/min), 1,597,368,826 distinct states found (4,004,579 ds/min), 284,526,618 states left on queue.
Progress(34) at 2026-07-19 07:26:08: 10,571,448,587 states generated (27,950,649 s/min), 1,601,116,250 distinct states found (3,747,424 ds/min), 284,566,338 states left on queue.
Progress(34) at 2026-07-19 07:27:08: 10,600,133,815 states generated (28,685,228 s/min), 1,605,124,310 distinct states found (4,008,060 ds/min), 284,924,295 states left on queue.
Checkpointing of run states/26-07-19-00-57-33
Checkpointing completed at (2026-07-19 07:28:10)
Progress(34) at 2026-07-19 07:28:10: 10,629,884,794 states generated (29,750,979 s/min), 1,609,098,727 distinct states found (3,974,417 ds/min), 285,096,585 states left on queue.
Progress(35) at 2026-07-19 07:29:10: 10,658,719,983 states generated (28,835,189 s/min), 1,612,808,647 distinct states found (3,709,920 ds/min), 285,239,667 states left on queue.
Progress(35) at 2026-07-19 07:30:10: 10,686,949,561 states generated (28,229,578 s/min), 1,616,576,391 distinct states found (3,767,744 ds/min), 285,499,447 states left on queue.
Progress(35) at 2026-07-19 07:31:10: 10,714,869,693 states generated (27,920,132 s/min), 1,620,162,454 distinct states found (3,586,063 ds/min), 285,580,574 states left on queue.
Progress(35) at 2026-07-19 07:32:10: 10,742,313,130 states generated (27,443,437 s/min), 1,624,038,575 distinct states found (3,876,121 ds/min), 285,848,907 states left on queue.
Progress(35) at 2026-07-19 07:33:10: 10,771,030,502 states generated (28,717,372 s/min), 1,628,217,080 distinct states found (4,178,505 ds/min), 286,722,651 states left on queue.
Progress(35) at 2026-07-19 07:34:10: 10,798,199,349 states generated (27,168,847 s/min), 1,632,049,606 distinct states found (3,832,526 ds/min), 287,395,974 states left on queue.
Progress(35) at 2026-07-19 07:35:10: 10,824,386,295 states generated (26,186,946 s/min), 1,635,781,886 distinct states found (3,732,280 ds/min), 288,079,928 states left on queue.
Progress(35) at 2026-07-19 07:36:10: 10,850,666,451 states generated (26,280,156 s/min), 1,639,586,927 distinct states found (3,805,041 ds/min), 288,864,740 states left on queue.
Progress(35) at 2026-07-19 07:37:10: 10,877,942,773 states generated (27,276,322 s/min), 1,643,544,383 distinct states found (3,957,456 ds/min), 289,640,820 states left on queue.
Progress(35) at 2026-07-19 07:38:10: 10,905,064,564 states generated (27,121,791 s/min), 1,647,389,914 distinct states found (3,845,531 ds/min), 290,139,936 states left on queue.
Progress(35) at 2026-07-19 07:39:10: 10,931,881,721 states generated (26,817,157 s/min), 1,651,351,326 distinct states found (3,961,412 ds/min), 290,562,869 states left on queue.
Progress(35) at 2026-07-19 07:40:10: 10,958,800,480 states generated (26,918,759 s/min), 1,655,424,184 distinct states found (4,072,858 ds/min), 291,264,272 states left on queue.
Progress(35) at 2026-07-19 07:41:10: 10,987,187,990 states generated (28,387,510 s/min), 1,659,025,727 distinct states found (3,601,543 ds/min), 291,253,433 states left on queue.
Progress(35) at 2026-07-19 07:42:10: 11,015,176,471 states generated (27,988,481 s/min), 1,662,690,003 distinct states found (3,664,276 ds/min), 291,359,068 states left on queue.
Progress(35) at 2026-07-19 07:43:10: 11,043,102,913 states generated (27,926,442 s/min), 1,666,388,714 distinct states found (3,698,711 ds/min), 291,455,131 states left on queue.
Progress(35) at 2026-07-19 07:44:10: 11,070,783,387 states generated (27,680,474 s/min), 1,670,181,503 distinct states found (3,792,789 ds/min), 291,479,265 states left on queue.
Progress(35) at 2026-07-19 07:45:10: 11,097,714,662 states generated (26,931,275 s/min), 1,673,819,621 distinct states found (3,638,118 ds/min), 291,786,708 states left on queue.
Progress(35) at 2026-07-19 07:46:10: 11,124,315,015 states generated (26,600,353 s/min), 1,677,539,085 distinct states found (3,719,464 ds/min), 292,169,246 states left on queue.
Progress(35) at 2026-07-19 07:47:10: 11,153,675,646 states generated (29,360,631 s/min), 1,681,455,080 distinct states found (3,915,995 ds/min), 292,497,321 states left on queue.
Progress(35) at 2026-07-19 07:48:10: 11,182,783,782 states generated (29,108,136 s/min), 1,685,355,227 distinct states found (3,900,147 ds/min), 293,010,493 states left on queue.
Progress(35) at 2026-07-19 07:49:10: 11,211,777,559 states generated (28,993,777 s/min), 1,689,156,397 distinct states found (3,801,170 ds/min), 293,260,865 states left on queue.
Progress(35) at 2026-07-19 07:50:10: 11,239,686,183 states generated (27,908,624 s/min), 1,692,809,431 distinct states found (3,653,034 ds/min), 293,361,622 states left on queue.
Progress(35) at 2026-07-19 07:51:10: 11,267,493,539 states generated (27,807,356 s/min), 1,696,416,150 distinct states found (3,606,719 ds/min), 293,661,026 states left on queue.
Progress(35) at 2026-07-19 07:52:10: 11,294,353,069 states generated (26,859,530 s/min), 1,699,972,782 distinct states found (3,556,632 ds/min), 293,982,090 states left on queue.
Progress(35) at 2026-07-19 07:53:10: 11,321,800,523 states generated (27,447,454 s/min), 1,703,677,892 distinct states found (3,705,110 ds/min), 294,209,013 states left on queue.
Progress(35) at 2026-07-19 07:54:10: 11,348,858,644 states generated (27,058,121 s/min), 1,707,159,361 distinct states found (3,481,469 ds/min), 294,216,711 states left on queue.
Progress(35) at 2026-07-19 07:55:10: 11,376,971,166 states generated (28,112,522 s/min), 1,710,875,027 distinct states found (3,715,666 ds/min), 294,929,249 states left on queue.
Progress(35) at 2026-07-19 07:56:10: 11,405,090,691 states generated (28,119,525 s/min), 1,714,439,002 distinct states found (3,563,975 ds/min), 295,345,473 states left on queue.
Progress(35) at 2026-07-19 07:57:10: 11,433,663,219 states generated (28,572,528 s/min), 1,718,437,497 distinct states found (3,998,495 ds/min), 296,036,840 states left on queue.
Checkpointing of run states/26-07-19-00-57-33
Checkpointing completed at (2026-07-19 07:58:13)
Progress(35) at 2026-07-19 07:58:13: 11,463,020,003 states generated (29,356,784 s/min), 1,722,457,793 distinct states found (4,020,296 ds/min), 296,598,172 states left on queue.
Progress(35) at 2026-07-19 07:59:13: 11,490,366,929 states generated (27,346,926 s/min), 1,726,176,319 distinct states found (3,718,526 ds/min), 297,103,647 states left on queue.
Progress(35) at 2026-07-19 08:00:13: 11,517,263,745 states generated (26,896,816 s/min), 1,729,610,292 distinct states found (3,433,973 ds/min), 297,198,684 states left on queue.
Progress(35) at 2026-07-19 08:01:13: 11,544,772,027 states generated (27,508,282 s/min), 1,733,376,537 distinct states found (3,766,245 ds/min), 297,724,157 states left on queue.
Progress(35) at 2026-07-19 08:02:13: 11,572,604,444 states generated (27,832,417 s/min), 1,737,117,369 distinct states found (3,740,832 ds/min), 298,283,710 states left on queue.
Progress(35) at 2026-07-19 08:03:13: 11,599,631,400 states generated (27,026,956 s/min), 1,740,431,623 distinct states found (3,314,254 ds/min), 298,255,223 states left on queue.
Progress(35) at 2026-07-19 08:04:13: 11,626,720,202 states generated (27,088,802 s/min), 1,743,897,684 distinct states found (3,466,061 ds/min), 298,556,414 states left on queue.
Progress(35) at 2026-07-19 08:05:13: 11,654,178,196 states generated (27,457,994 s/min), 1,747,509,015 distinct states found (3,611,331 ds/min), 298,619,259 states left on queue.
Progress(35) at 2026-07-19 08:06:13: 11,681,631,549 states generated (27,453,353 s/min), 1,751,012,788 distinct states found (3,503,773 ds/min), 298,730,271 states left on queue.
Progress(35) at 2026-07-19 08:07:13: 11,709,888,958 states generated (28,257,409 s/min), 1,755,279,746 distinct states found (4,266,958 ds/min), 299,554,947 states left on queue.
Progress(35) at 2026-07-19 08:08:26: 11,735,804,858 states generated (25,915,900 s/min), 1,758,963,885 distinct states found (3,684,139 ds/min), 299,968,538 states left on queue.
Progress(35) at 2026-07-19 08:09:26: 11,763,502,793 states generated (27,697,935 s/min), 1,762,644,820 distinct states found (3,680,935 ds/min), 300,213,248 states left on queue.
Progress(35) at 2026-07-19 08:10:26: 11,790,011,739 states generated (26,508,946 s/min), 1,765,886,780 distinct states found (3,241,960 ds/min), 300,276,176 states left on queue.
Progress(35) at 2026-07-19 08:11:26: 11,816,378,330 states generated (26,366,591 s/min), 1,769,211,598 distinct states found (3,324,818 ds/min), 300,242,989 states left on queue.
Progress(35) at 2026-07-19 08:12:26: 11,842,945,137 states generated (26,566,807 s/min), 1,772,701,003 distinct states found (3,489,405 ds/min), 300,625,119 states left on queue.
Progress(35) at 2026-07-19 08:13:26: 11,868,937,898 states generated (25,992,761 s/min), 1,775,929,931 distinct states found (3,228,928 ds/min), 300,448,129 states left on queue.
Progress(35) at 2026-07-19 08:14:26: 11,895,085,795 states generated (26,147,897 s/min), 1,779,596,161 distinct states found (3,666,230 ds/min), 300,996,186 states left on queue.
Progress(35) at 2026-07-19 08:15:26: 11,921,642,537 states generated (26,556,742 s/min), 1,783,222,244 distinct states found (3,626,083 ds/min), 301,538,116 states left on queue.
Progress(35) at 2026-07-19 08:16:26: 11,948,769,141 states generated (27,126,604 s/min), 1,786,717,090 distinct states found (3,494,846 ds/min), 301,785,578 states left on queue.
Progress(35) at 2026-07-19 08:17:26: 11,975,481,078 states generated (26,711,937 s/min), 1,790,053,057 distinct states found (3,335,967 ds/min), 301,509,558 states left on queue.
Progress(35) at 2026-07-19 08:18:26: 12,002,960,273 states generated (27,479,195 s/min), 1,793,758,164 distinct states found (3,705,107 ds/min), 301,645,404 states left on queue.
Progress(35) at 2026-07-19 08:19:26: 12,030,422,750 states generated (27,462,477 s/min), 1,797,823,842 distinct states found (4,065,678 ds/min), 302,204,600 states left on queue.
Progress(35) at 2026-07-19 08:20:26: 12,055,962,629 states generated (25,539,879 s/min), 1,801,482,113 distinct states found (3,658,271 ds/min), 302,602,748 states left on queue.
Progress(35) at 2026-07-19 08:21:26: 12,082,592,221 states generated (26,629,592 s/min), 1,804,812,703 distinct states found (3,330,590 ds/min), 302,564,340 states left on queue.
Progress(35) at 2026-07-19 08:22:26: 12,108,714,515 states generated (26,122,294 s/min), 1,808,217,437 distinct states found (3,404,734 ds/min), 302,615,509 states left on queue.
Progress(35) at 2026-07-19 08:23:26: 12,133,968,096 states generated (25,253,581 s/min), 1,811,555,756 distinct states found (3,338,319 ds/min), 302,679,828 states left on queue.
Progress(35) at 2026-07-19 08:24:26: 12,159,767,306 states generated (25,799,210 s/min), 1,814,853,717 distinct states found (3,297,961 ds/min), 302,525,610 states left on queue.
Progress(35) at 2026-07-19 08:25:26: 12,185,301,449 states generated (25,534,143 s/min), 1,818,213,897 distinct states found (3,360,180 ds/min), 302,445,123 states left on queue.
Progress(35) at 2026-07-19 08:26:26: 12,211,289,910 states generated (25,988,461 s/min), 1,821,713,238 distinct states found (3,499,341 ds/min), 302,706,839 states left on queue.
Progress(35) at 2026-07-19 08:27:26: 12,237,633,416 states generated (26,343,506 s/min), 1,825,039,019 distinct states found (3,325,781 ds/min), 302,673,611 states left on queue.
Checkpointing of run states/26-07-19-00-57-33
Checkpointing completed at (2026-07-19 08:28:28)
Progress(35) at 2026-07-19 08:28:28: 12,267,799,233 states generated (30,165,817 s/min), 1,828,949,901 distinct states found (3,910,882 ds/min), 303,180,414 states left on queue.
Progress(35) at 2026-07-19 08:29:28: 12,296,147,363 states generated (28,348,130 s/min), 1,832,665,210 distinct states found (3,715,309 ds/min), 303,374,077 states left on queue.
Progress(35) at 2026-07-19 08:30:28: 12,324,807,690 states generated (28,660,327 s/min), 1,836,411,708 distinct states found (3,746,498 ds/min), 303,873,564 states left on queue.
Progress(35) at 2026-07-19 08:31:28: 12,353,274,424 states generated (28,466,734 s/min), 1,839,929,598 distinct states found (3,517,890 ds/min), 303,956,995 states left on queue.
Progress(35) at 2026-07-19 08:32:28: 12,381,250,591 states generated (27,976,167 s/min), 1,843,632,315 distinct states found (3,702,717 ds/min), 304,329,354 states left on queue.
Progress(35) at 2026-07-19 08:33:28: 12,409,981,812 states generated (28,731,221 s/min), 1,847,495,299 distinct states found (3,862,984 ds/min), 304,496,342 states left on queue.
Progress(35) at 2026-07-19 08:34:28: 12,438,378,489 states generated (28,396,677 s/min), 1,851,211,362 distinct states found (3,716,063 ds/min), 304,629,372 states left on queue.
Progress(35) at 2026-07-19 08:35:28: 12,465,064,440 states generated (26,685,951 s/min), 1,854,634,034 distinct states found (3,422,672 ds/min), 304,563,027 states left on queue.
Progress(35) at 2026-07-19 08:36:29: 12,493,378,423 states generated (28,313,983 s/min), 1,858,016,058 distinct states found (3,382,024 ds/min), 304,563,049 states left on queue.
Progress(35) at 2026-07-19 08:37:29: 12,522,054,304 states generated (28,675,881 s/min), 1,861,901,280 distinct states found (3,885,222 ds/min), 305,104,890 states left on queue.
Progress(35) at 2026-07-19 08:38:29: 12,550,559,758 states generated (28,505,454 s/min), 1,865,352,968 distinct states found (3,451,688 ds/min), 305,040,116 states left on queue.
Progress(35) at 2026-07-19 08:39:29: 12,578,253,990 states generated (27,694,232 s/min), 1,868,852,237 distinct states found (3,499,269 ds/min), 305,200,270 states left on queue.
Progress(35) at 2026-07-19 08:40:29: 12,605,787,915 states generated (27,533,925 s/min), 1,872,299,990 distinct states found (3,447,753 ds/min), 305,177,857 states left on queue.
Progress(35) at 2026-07-19 08:41:29: 12,632,604,562 states generated (26,816,647 s/min), 1,876,011,914 distinct states found (3,711,924 ds/min), 305,623,577 states left on queue.
Progress(35) at 2026-07-19 08:42:29: 12,658,987,791 states generated (26,383,229 s/min), 1,879,905,882 distinct states found (3,893,968 ds/min), 305,898,839 states left on queue.
Progress(35) at 2026-07-19 08:43:29: 12,686,144,245 states generated (27,156,454 s/min), 1,883,673,096 distinct states found (3,767,214 ds/min), 306,271,139 states left on queue.
Progress(35) at 2026-07-19 08:44:29: 12,713,434,400 states generated (27,290,155 s/min), 1,887,309,570 distinct states found (3,636,474 ds/min), 306,462,868 states left on queue.
Progress(35) at 2026-07-19 08:45:29: 12,741,129,285 states generated (27,694,885 s/min), 1,891,009,740 distinct states found (3,700,170 ds/min), 306,541,669 states left on queue.
Progress(35) at 2026-07-19 08:46:29: 12,769,056,251 states generated (27,926,966 s/min), 1,894,570,956 distinct states found (3,561,216 ds/min), 306,539,311 states left on queue.
Progress(35) at 2026-07-19 08:47:29: 12,797,539,140 states generated (28,482,889 s/min), 1,898,239,419 distinct states found (3,668,463 ds/min), 306,555,351 states left on queue.
Progress(35) at 2026-07-19 08:48:29: 12,825,350,085 states generated (27,810,945 s/min), 1,902,180,737 distinct states found (3,941,318 ds/min), 306,893,939 states left on queue.
Progress(35) at 2026-07-19 08:49:29: 12,852,881,991 states generated (27,531,906 s/min), 1,905,894,637 distinct states found (3,713,900 ds/min), 306,967,932 states left on queue.
Progress(35) at 2026-07-19 08:50:29: 12,881,309,211 states generated (28,427,220 s/min), 1,909,555,572 distinct states found (3,660,935 ds/min), 306,904,305 states left on queue.
Progress(35) at 2026-07-19 08:51:29: 12,910,353,780 states generated (29,044,569 s/min), 1,913,626,939 distinct states found (4,071,367 ds/min), 307,266,909 states left on queue.
Progress(35) at 2026-07-19 08:52:29: 12,938,967,509 states generated (28,613,729 s/min), 1,917,252,115 distinct states found (3,625,176 ds/min), 307,338,358 states left on queue.
Progress(36) at 2026-07-19 08:53:29: 12,967,714,546 states generated (28,747,037 s/min), 1,920,845,101 distinct states found (3,592,986 ds/min), 307,313,253 states left on queue.
Progress(36) at 2026-07-19 08:54:29: 12,995,654,659 states generated (27,940,113 s/min), 1,924,500,305 distinct states found (3,655,204 ds/min), 307,509,945 states left on queue.
Progress(36) at 2026-07-19 08:55:29: 13,023,453,579 states generated (27,798,920 s/min), 1,927,917,730 distinct states found (3,417,425 ds/min), 307,452,003 states left on queue.
Progress(36) at 2026-07-19 08:56:29: 13,050,881,089 states generated (27,427,510 s/min), 1,931,720,658 distinct states found (3,802,928 ds/min), 307,673,027 states left on queue.
Progress(36) at 2026-07-19 08:57:29: 13,079,713,526 states generated (28,832,437 s/min), 1,935,830,081 distinct states found (4,109,423 ds/min), 308,459,845 states left on queue.
Checkpointing of run states/26-07-19-00-57-33
Checkpointing completed at (2026-07-19 08:58:31)
Progress(36) at 2026-07-19 08:58:31: 13,108,145,679 states generated (28,432,153 s/min), 1,939,759,707 distinct states found (3,929,626 ds/min), 309,046,477 states left on queue.
Progress(36) at 2026-07-19 08:59:31: 13,134,666,560 states generated (26,520,881 s/min), 1,943,482,424 distinct states found (3,722,717 ds/min), 309,788,790 states left on queue.
Progress(36) at 2026-07-19 09:00:31: 13,160,640,755 states generated (25,974,195 s/min), 1,947,184,788 distinct states found (3,702,364 ds/min), 310,415,035 states left on queue.
Progress(36) at 2026-07-19 09:01:31: 13,187,154,881 states generated (26,514,126 s/min), 1,950,848,978 distinct states found (3,664,190 ds/min), 311,022,950 states left on queue.
Progress(36) at 2026-07-19 09:02:31: 13,214,373,086 states generated (27,218,205 s/min), 1,954,678,543 distinct states found (3,829,565 ds/min), 311,700,901 states left on queue.
Progress(36) at 2026-07-19 09:03:31: 13,241,105,175 states generated (26,732,089 s/min), 1,958,446,744 distinct states found (3,768,201 ds/min), 312,219,540 states left on queue.
Progress(36) at 2026-07-19 09:04:31: 13,268,226,250 states generated (27,121,075 s/min), 1,962,242,199 distinct states found (3,795,455 ds/min), 312,476,434 states left on queue.
Progress(36) at 2026-07-19 09:05:31: 13,294,623,436 states generated (26,397,186 s/min), 1,966,201,416 distinct states found (3,959,217 ds/min), 313,032,417 states left on queue.
Progress(36) at 2026-07-19 09:06:31: 13,321,792,356 states generated (27,168,920 s/min), 1,969,874,757 distinct states found (3,673,341 ds/min), 313,282,013 states left on queue.
Progress(36) at 2026-07-19 09:07:31: 13,350,469,823 states generated (28,677,467 s/min), 1,973,359,707 distinct states found (3,484,950 ds/min), 313,100,623 states left on queue.
Progress(36) at 2026-07-19 09:08:46: 13,375,521,440 states generated (25,051,617 s/min), 1,976,747,086 distinct states found (3,387,379 ds/min), 313,257,539 states left on queue.
Progress(36) at 2026-07-19 09:09:46: 13,403,375,401 states generated (27,853,961 s/min), 1,980,245,849 distinct states found (3,498,763 ds/min), 313,208,312 states left on queue.
Progress(36) at 2026-07-19 09:10:46: 13,430,882,835 states generated (27,507,434 s/min), 1,983,945,966 distinct states found (3,700,117 ds/min), 313,161,253 states left on queue.
Progress(36) at 2026-07-19 09:11:46: 13,457,777,965 states generated (26,895,130 s/min), 1,987,475,238 distinct states found (3,529,272 ds/min), 313,410,294 states left on queue.
Progress(36) at 2026-07-19 09:12:46: 13,484,156,163 states generated (26,378,198 s/min), 1,991,050,073 distinct states found (3,574,835 ds/min), 313,664,111 states left on queue.
Progress(36) at 2026-07-19 09:13:46: 13,513,288,156 states generated (29,131,993 s/min), 1,994,810,837 distinct states found (3,760,764 ds/min), 313,884,941 states left on queue.
Progress(36) at 2026-07-19 09:14:46: 13,542,600,215 states generated (29,312,059 s/min), 1,998,582,980 distinct states found (3,772,143 ds/min), 314,266,327 states left on queue.
Progress(36) at 2026-07-19 09:15:46: 13,571,486,474 states generated (28,886,259 s/min), 2,002,231,130 distinct states found (3,648,150 ds/min), 314,366,899 states left on queue.
Progress(36) at 2026-07-19 09:16:46: 13,600,054,072 states generated (28,567,598 s/min), 2,005,938,416 distinct states found (3,707,286 ds/min), 314,573,737 states left on queue.
Progress(36) at 2026-07-19 09:17:47: 13,628,071,879 states generated (28,017,807 s/min), 2,009,561,469 distinct states found (3,623,053 ds/min), 314,691,136 states left on queue.
Progress(36) at 2026-07-19 09:18:47: 13,655,258,552 states generated (27,186,673 s/min), 2,012,997,907 distinct states found (3,436,438 ds/min), 314,976,184 states left on queue.
Progress(36) at 2026-07-19 09:19:47: 13,682,158,785 states generated (26,900,233 s/min), 2,016,438,433 distinct states found (3,440,526 ds/min), 315,067,799 states left on queue.
Progress(36) at 2026-07-19 09:20:47: 13,709,498,067 states generated (27,339,282 s/min), 2,020,057,454 distinct states found (3,619,021 ds/min), 315,251,786 states left on queue.
Progress(36) at 2026-07-19 09:21:47: 13,736,907,885 states generated (27,409,818 s/min), 2,023,471,972 distinct states found (3,414,518 ds/min), 315,309,790 states left on queue.
Progress(36) at 2026-07-19 09:22:47: 13,764,824,354 states generated (27,916,469 s/min), 2,027,014,516 distinct states found (3,542,544 ds/min), 315,852,358 states left on queue.
Progress(36) at 2026-07-19 09:23:47: 13,792,641,553 states generated (27,817,199 s/min), 2,030,446,617 distinct states found (3,432,101 ds/min), 316,182,409 states left on queue.
Progress(36) at 2026-07-19 09:24:47: 13,821,188,887 states generated (28,547,334 s/min), 2,034,390,483 distinct states found (3,943,866 ds/min), 316,929,189 states left on queue.
Progress(36) at 2026-07-19 09:25:47: 13,849,580,696 states generated (28,391,809 s/min), 2,038,043,612 distinct states found (3,653,129 ds/min), 317,211,273 states left on queue.
Progress(36) at 2026-07-19 09:26:47: 13,877,205,330 states generated (27,624,634 s/min), 2,041,865,956 distinct states found (3,822,344 ds/min), 317,728,791 states left on queue.
Progress(36) at 2026-07-19 09:27:47: 13,904,516,787 states generated (27,311,457 s/min), 2,045,494,916 distinct states found (3,628,960 ds/min), 318,049,633 states left on queue.
Checkpointing of run states/26-07-19-00-57-33
Checkpointing completed at (2026-07-19 09:28:49)
Progress(36) at 2026-07-19 09:28:49: 13,932,198,216 states generated (27,681,429 s/min), 2,048,775,491 distinct states found (3,280,575 ds/min), 317,990,064 states left on queue.
Progress(36) at 2026-07-19 09:29:49: 13,959,750,153 states generated (27,551,937 s/min), 2,052,649,310 distinct states found (3,873,819 ds/min), 318,606,189 states left on queue.
Progress(36) at 2026-07-19 09:30:49: 13,987,794,992 states generated (28,044,839 s/min), 2,056,222,755 distinct states found (3,573,445 ds/min), 318,953,248 states left on queue.
Progress(36) at 2026-07-19 09:31:49: 14,014,705,822 states generated (26,910,830 s/min), 2,059,419,218 distinct states found (3,196,463 ds/min), 318,829,630 states left on queue.
Progress(36) at 2026-07-19 09:32:49: 14,041,633,303 states generated (26,927,481 s/min), 2,062,773,370 distinct states found (3,354,152 ds/min), 319,006,875 states left on queue.
Progress(36) at 2026-07-19 09:33:49: 14,068,949,837 states generated (27,316,534 s/min), 2,066,267,199 distinct states found (3,493,829 ds/min), 318,992,583 states left on queue.
Progress(36) at 2026-07-19 09:34:49: 14,096,409,573 states generated (27,459,736 s/min), 2,069,647,789 distinct states found (3,380,590 ds/min), 318,948,988 states left on queue.
Progress(36) at 2026-07-19 09:35:49: 14,124,347,584 states generated (27,938,011 s/min), 2,073,837,137 distinct states found (4,189,348 ds/min), 319,667,186 states left on queue.
Progress(36) at 2026-07-19 09:36:49: 14,153,298,593 states generated (28,951,009 s/min), 2,077,812,252 distinct states found (3,975,115 ds/min), 320,069,339 states left on queue.
Progress(36) at 2026-07-19 09:37:49: 14,181,579,319 states generated (28,280,726 s/min), 2,081,551,461 distinct states found (3,739,209 ds/min), 320,167,683 states left on queue.
Progress(36) at 2026-07-19 09:38:49: 14,208,044,807 states generated (26,465,488 s/min), 2,084,828,623 distinct states found (3,277,162 ds/min), 320,350,800 states left on queue.
Progress(36) at 2026-07-19 09:39:49: 14,234,591,990 states generated (26,547,183 s/min), 2,088,013,416 distinct states found (3,184,793 ds/min), 320,136,023 states left on queue.
Progress(36) at 2026-07-19 09:40:49: 14,260,871,466 states generated (26,279,476 s/min), 2,091,346,321 distinct states found (3,332,905 ds/min), 320,374,665 states left on queue.
Progress(36) at 2026-07-19 09:41:49: 14,287,182,354 states generated (26,310,888 s/min), 2,094,545,470 distinct states found (3,199,149 ds/min), 320,354,668 states left on queue.
Progress(36) at 2026-07-19 09:42:49: 14,313,456,998 states generated (26,274,644 s/min), 2,098,074,038 distinct states found (3,528,568 ds/min), 320,545,204 states left on queue.
Progress(36) at 2026-07-19 09:43:49: 14,339,524,792 states generated (26,067,794 s/min), 2,101,425,823 distinct states found (3,351,785 ds/min), 320,763,789 states left on queue.
Progress(36) at 2026-07-19 09:44:49: 14,366,163,746 states generated (26,638,954 s/min), 2,105,065,324 distinct states found (3,639,501 ds/min), 321,432,256 states left on queue.
Progress(36) at 2026-07-19 09:45:49: 14,393,399,096 states generated (27,235,350 s/min), 2,108,477,143 distinct states found (3,411,819 ds/min), 321,513,722 states left on queue.
Progress(36) at 2026-07-19 09:46:49: 14,419,632,973 states generated (26,233,877 s/min), 2,111,637,575 distinct states found (3,160,432 ds/min), 321,107,412 states left on queue.
Progress(36) at 2026-07-19 09:47:49: 14,447,739,591 states generated (28,106,618 s/min), 2,115,359,475 distinct states found (3,721,900 ds/min), 321,236,271 states left on queue.
Progress(36) at 2026-07-19 09:48:49: 14,475,076,769 states generated (27,337,178 s/min), 2,119,314,074 distinct states found (3,954,599 ds/min), 321,677,968 states left on queue.
Progress(36) at 2026-07-19 09:49:49: 14,500,423,570 states generated (25,346,801 s/min), 2,122,934,224 distinct states found (3,620,150 ds/min), 322,024,038 states left on queue.
Progress(36) at 2026-07-19 09:50:49: 14,526,983,323 states generated (26,559,753 s/min), 2,126,124,844 distinct states found (3,190,620 ds/min), 321,866,709 states left on queue.
Progress(36) at 2026-07-19 09:51:49: 14,553,092,737 states generated (26,109,414 s/min), 2,129,452,953 distinct states found (3,328,109 ds/min), 321,856,902 states left on queue.
Progress(36) at 2026-07-19 09:52:49: 14,578,446,123 states generated (25,353,386 s/min), 2,132,692,572 distinct states found (3,239,619 ds/min), 321,805,096 states left on queue.
Progress(36) at 2026-07-19 09:53:49: 14,604,133,524 states generated (25,687,401 s/min), 2,135,884,554 distinct states found (3,191,982 ds/min), 321,582,209 states left on queue.
Progress(36) at 2026-07-19 09:54:49: 14,629,580,923 states generated (25,447,399 s/min), 2,139,053,510 distinct states found (3,168,956 ds/min), 321,310,366 states left on queue.
Progress(36) at 2026-07-19 09:55:49: 14,655,858,312 states generated (26,277,389 s/min), 2,142,593,029 distinct states found (3,539,519 ds/min), 321,586,946 states left on queue.
Progress(36) at 2026-07-19 09:56:49: 14,681,384,277 states generated (25,525,965 s/min), 2,145,734,317 distinct states found (3,141,288 ds/min), 321,444,595 states left on queue.
Progress(36) at 2026-07-19 09:57:49: 14,710,743,346 states generated (29,359,069 s/min), 2,149,403,093 distinct states found (3,668,776 ds/min), 321,777,855 states left on queue.
Checkpointing of run states/26-07-19-00-57-33
Checkpointing completed at (2026-07-19 09:58:52)
Progress(36) at 2026-07-19 09:58:52: 14,740,187,493 states generated (29,444,147 s/min), 2,153,101,602 distinct states found (3,698,509 ds/min), 321,967,341 states left on queue.
Progress(36) at 2026-07-19 09:59:52: 14,768,931,570 states generated (28,744,077 s/min), 2,156,727,700 distinct states found (3,626,098 ds/min), 322,160,722 states left on queue.
Progress(36) at 2026-07-19 10:00:52: 14,797,213,238 states generated (28,281,668 s/min), 2,160,269,318 distinct states found (3,541,618 ds/min), 322,474,154 states left on queue.
Progress(36) at 2026-07-19 10:01:52: 14,825,437,627 states generated (28,224,389 s/min), 2,163,751,679 distinct states found (3,482,361 ds/min), 322,535,491 states left on queue.
Progress(36) at 2026-07-19 10:02:52: 14,853,364,024 states generated (27,926,397 s/min), 2,167,288,014 distinct states found (3,536,335 ds/min), 322,682,066 states left on queue.
Progress(36) at 2026-07-19 10:03:52: 14,882,330,891 states generated (28,966,867 s/min), 2,171,051,837 distinct states found (3,763,823 ds/min), 322,737,361 states left on queue.
Progress(36) at 2026-07-19 10:04:52: 14,910,425,623 states generated (28,094,732 s/min), 2,174,621,430 distinct states found (3,569,593 ds/min), 322,800,004 states left on queue.
Progress(36) at 2026-07-19 10:05:52: 14,936,671,212 states generated (26,245,589 s/min), 2,177,835,265 distinct states found (3,213,835 ds/min), 322,562,237 states left on queue.
Progress(36) at 2026-07-19 10:06:52: 14,965,101,714 states generated (28,430,502 s/min), 2,181,151,617 distinct states found (3,316,352 ds/min), 322,560,064 states left on queue.
Progress(36) at 2026-07-19 10:07:52: 14,993,791,705 states generated (28,689,991 s/min), 2,185,014,874 distinct states found (3,863,257 ds/min), 323,039,236 states left on queue.
Progress(36) at 2026-07-19 10:09:18: 15,019,542,693 states generated (25,750,988 s/min), 2,188,057,054 distinct states found (3,042,180 ds/min), 322,896,120 states left on queue.
Progress(36) at 2026-07-19 10:10:18: 15,047,076,598 states generated (27,533,905 s/min), 2,191,388,539 distinct states found (3,331,485 ds/min), 322,916,962 states left on queue.
Progress(36) at 2026-07-19 10:11:18: 15,074,635,956 states generated (27,559,358 s/min), 2,194,716,968 distinct states found (3,328,429 ds/min), 322,785,342 states left on queue.
Progress(36) at 2026-07-19 10:12:18: 15,101,490,972 states generated (26,855,016 s/min), 2,198,172,685 distinct states found (3,455,717 ds/min), 322,979,254 states left on queue.
Progress(36) at 2026-07-19 10:13:18: 15,127,585,220 states generated (26,094,248 s/min), 2,202,049,731 distinct states found (3,877,046 ds/min), 323,284,436 states left on queue.
Progress(36) at 2026-07-19 10:14:18: 15,154,378,839 states generated (26,793,619 s/min), 2,205,681,185 distinct states found (3,631,454 ds/min), 323,556,134 states left on queue.
Progress(36) at 2026-07-19 10:15:18: 15,181,875,251 states generated (27,496,412 s/min), 2,209,310,054 distinct states found (3,628,869 ds/min), 323,862,618 states left on queue.
Progress(36) at 2026-07-19 10:16:18: 15,208,734,347 states generated (26,859,096 s/min), 2,212,698,072 distinct states found (3,388,018 ds/min), 323,635,403 states left on queue.
Progress(36) at 2026-07-19 10:17:18: 15,236,500,185 states generated (27,765,838 s/min), 2,216,288,752 distinct states found (3,590,680 ds/min), 323,662,312 states left on queue.
Progress(36) at 2026-07-19 10:18:18: 15,263,860,810 states generated (27,360,625 s/min), 2,219,610,170 distinct states found (3,321,418 ds/min), 323,434,668 states left on queue.
Progress(36) at 2026-07-19 10:19:18: 15,293,372,320 states generated (29,511,510 s/min), 2,223,478,210 distinct states found (3,868,040 ds/min), 323,620,482 states left on queue.
Progress(36) at 2026-07-19 10:20:18: 15,320,569,564 states generated (27,197,244 s/min), 2,227,183,966 distinct states found (3,705,756 ds/min), 323,762,884 states left on queue.
Progress(36) at 2026-07-19 10:21:18: 15,348,418,970 states generated (27,849,406 s/min), 2,230,839,701 distinct states found (3,655,735 ds/min), 323,725,670 states left on queue.
Progress(36) at 2026-07-19 10:22:18: 15,377,202,615 states generated (28,783,645 s/min), 2,234,523,073 distinct states found (3,683,372 ds/min), 323,707,144 states left on queue.
Progress(36) at 2026-07-19 10:23:18: 15,406,009,599 states generated (28,806,984 s/min), 2,238,338,678 distinct states found (3,815,605 ds/min), 323,801,768 states left on queue.
Progress(36) at 2026-07-19 10:24:18: 15,434,165,563 states generated (28,155,964 s/min), 2,241,756,177 distinct states found (3,417,499 ds/min), 323,779,285 states left on queue.
Progress(37) at 2026-07-19 10:25:18: 15,462,982,925 states generated (28,817,362 s/min), 2,245,205,353 distinct states found (3,449,176 ds/min), 323,653,783 states left on queue.
Progress(37) at 2026-07-19 10:26:18: 15,490,766,832 states generated (27,783,907 s/min), 2,248,805,400 distinct states found (3,600,047 ds/min), 323,800,496 states left on queue.
Progress(37) at 2026-07-19 10:27:18: 15,517,981,909 states generated (27,215,077 s/min), 2,252,121,460 distinct states found (3,316,060 ds/min), 323,679,185 states left on queue.
Progress(37) at 2026-07-19 10:28:18: 15,545,494,629 states generated (27,512,720 s/min), 2,255,770,016 distinct states found (3,648,556 ds/min), 323,790,857 states left on queue.
Checkpointing of run states/26-07-19-00-57-33
Checkpointing completed at (2026-07-19 10:29:21)
Progress(37) at 2026-07-19 10:29:21: 15,575,529,927 states generated (30,035,298 s/min), 2,260,056,207 distinct states found (4,286,191 ds/min), 324,611,135 states left on queue.
Progress(37) at 2026-07-19 10:30:21: 15,602,684,629 states generated (27,154,702 s/min), 2,263,647,961 distinct states found (3,591,754 ds/min), 325,019,083 states left on queue.
Progress(37) at 2026-07-19 10:31:21: 15,629,678,324 states generated (26,993,695 s/min), 2,267,342,936 distinct states found (3,694,975 ds/min), 325,656,917 states left on queue.
Progress(37) at 2026-07-19 10:32:21: 15,655,381,065 states generated (25,702,741 s/min), 2,270,821,518 distinct states found (3,478,582 ds/min), 326,163,120 states left on queue.
Progress(37) at 2026-07-19 10:33:21: 15,681,258,887 states generated (25,877,822 s/min), 2,274,478,138 distinct states found (3,656,620 ds/min), 326,771,054 states left on queue.
Progress(37) at 2026-07-19 10:34:21: 15,707,745,053 states generated (26,486,166 s/min), 2,278,046,678 distinct states found (3,568,540 ds/min), 327,252,003 states left on queue.
Progress(37) at 2026-07-19 10:35:21: 15,734,972,508 states generated (27,227,455 s/min), 2,281,794,264 distinct states found (3,747,586 ds/min), 327,819,065 states left on queue.
Progress(37) at 2026-07-19 10:36:21: 15,761,357,492 states generated (26,384,984 s/min), 2,285,382,614 distinct states found (3,588,350 ds/min), 328,253,171 states left on queue.
Progress(37) at 2026-07-19 10:37:21: 15,788,210,436 states generated (26,852,944 s/min), 2,289,075,117 distinct states found (3,692,503 ds/min), 328,563,643 states left on queue.
Progress(37) at 2026-07-19 10:38:21: 15,814,823,994 states generated (26,613,558 s/min), 2,292,772,608 distinct states found (3,697,491 ds/min), 328,737,845 states left on queue.
Progress(37) at 2026-07-19 10:39:21: 15,841,209,723 states generated (26,385,729 s/min), 2,296,571,034 distinct states found (3,798,426 ds/min), 329,205,826 states left on queue.
Progress(37) at 2026-07-19 10:40:21: 15,868,369,869 states generated (27,160,146 s/min), 2,300,065,317 distinct states found (3,494,283 ds/min), 329,219,104 states left on queue.
Progress(37) at 2026-07-19 10:41:21: 15,897,089,461 states generated (28,719,592 s/min), 2,303,363,182 distinct states found (3,297,865 ds/min), 328,960,419 states left on queue.
Progress(37) at 2026-07-19 10:42:21: 15,924,250,761 states generated (27,161,300 s/min), 2,307,026,792 distinct states found (3,663,610 ds/min), 328,981,240 states left on queue.
Progress(37) at 2026-07-19 10:43:21: 15,951,713,651 states generated (27,462,890 s/min), 2,310,425,894 distinct states found (3,399,102 ds/min), 328,847,561 states left on queue.
Progress(37) at 2026-07-19 10:44:21: 15,978,700,952 states generated (26,987,301 s/min), 2,313,918,871 distinct states found (3,492,977 ds/min), 328,813,749 states left on queue.
Progress(37) at 2026-07-19 10:45:21: 16,005,758,807 states generated (27,057,855 s/min), 2,317,448,368 distinct states found (3,529,497 ds/min), 329,038,584 states left on queue.
Progress(37) at 2026-07-19 10:46:21: 16,032,175,856 states generated (26,417,049 s/min), 2,320,936,951 distinct states found (3,488,583 ds/min), 329,147,717 states left on queue.
Progress(37) at 2026-07-19 10:47:21: 16,061,767,342 states generated (29,591,486 s/min), 2,324,598,662 distinct states found (3,661,711 ds/min), 329,322,368 states left on queue.
Progress(37) at 2026-07-19 10:48:21: 16,090,861,496 states generated (29,094,154 s/min), 2,328,238,637 distinct states found (3,639,975 ds/min), 329,620,871 states left on queue.
Progress(37) at 2026-07-19 10:49:21: 16,119,706,861 states generated (28,845,365 s/min), 2,331,794,900 distinct states found (3,556,263 ds/min), 329,650,512 states left on queue.
Progress(37) at 2026-07-19 10:50:21: 16,148,390,161 states generated (28,683,300 s/min), 2,335,390,548 distinct states found (3,595,648 ds/min), 329,752,673 states left on queue.
Progress(37) at 2026-07-19 10:51:21: 16,176,247,218 states generated (27,857,057 s/min), 2,338,887,669 distinct states found (3,497,121 ds/min), 329,772,825 states left on queue.
Progress(37) at 2026-07-19 10:52:21: 16,203,812,444 states generated (27,565,226 s/min), 2,342,263,955 distinct states found (3,376,286 ds/min), 329,956,438 states left on queue.
Progress(37) at 2026-07-19 10:53:21: 16,230,534,902 states generated (26,722,458 s/min), 2,345,590,135 distinct states found (3,326,180 ds/min), 330,035,823 states left on queue.
Progress(37) at 2026-07-19 10:54:21: 16,257,716,961 states generated (27,182,059 s/min), 2,349,055,414 distinct states found (3,465,279 ds/min), 330,046,022 states left on queue.
Progress(37) at 2026-07-19 10:55:21: 16,284,671,047 states generated (26,954,086 s/min), 2,352,314,289 distinct states found (3,258,875 ds/min), 329,874,394 states left on queue.
Progress(37) at 2026-07-19 10:56:21: 16,312,868,622 states generated (28,197,575 s/min), 2,355,888,118 distinct states found (3,573,829 ds/min), 330,453,010 states left on queue.
Progress(37) at 2026-07-19 10:57:21: 16,340,168,894 states generated (27,300,272 s/min), 2,359,220,442 distinct states found (3,332,324 ds/min), 330,748,998 states left on queue.
Progress(37) at 2026-07-19 10:58:21: 16,368,760,927 states generated (28,592,033 s/min), 2,362,848,206 distinct states found (3,627,764 ds/min), 331,204,563 states left on queue.
Checkpointing of run states/26-07-19-00-57-33
Checkpointing completed at (2026-07-19 10:59:23)
Progress(37) at 2026-07-19 10:59:23: 16,398,157,533 states generated (29,396,606 s/min), 2,366,709,192 distinct states found (3,860,986 ds/min), 331,653,634 states left on queue.
Progress(37) at 2026-07-19 11:00:23: 16,426,434,968 states generated (28,277,435 s/min), 2,370,291,622 distinct states found (3,582,430 ds/min), 331,855,420 states left on queue.
Progress(37) at 2026-07-19 11:01:23: 16,453,611,251 states generated (27,176,283 s/min), 2,373,977,290 distinct states found (3,685,668 ds/min), 332,334,415 states left on queue.
Progress(37) at 2026-07-19 11:02:23: 16,480,966,070 states generated (27,354,819 s/min), 2,377,516,571 distinct states found (3,539,281 ds/min), 332,600,111 states left on queue.
Progress(37) at 2026-07-19 11:03:23: 16,507,494,992 states generated (26,528,922 s/min), 2,380,662,491 distinct states found (3,145,920 ds/min), 332,472,816 states left on queue.
Progress(37) at 2026-07-19 11:04:23: 16,535,385,777 states generated (27,890,785 s/min), 2,384,380,389 distinct states found (3,717,898 ds/min), 332,910,615 states left on queue.
Progress(37) at 2026-07-19 11:05:23: 16,562,804,992 states generated (27,419,215 s/min), 2,387,995,752 distinct states found (3,615,363 ds/min), 333,346,737 states left on queue.
Progress(37) at 2026-07-19 11:06:23: 16,590,086,209 states generated (27,281,217 s/min), 2,391,174,772 distinct states found (3,179,020 ds/min), 333,164,780 states left on queue.
Progress(37) at 2026-07-19 11:07:23: 16,616,601,141 states generated (26,514,932 s/min), 2,394,202,379 distinct states found (3,027,607 ds/min), 333,095,119 states left on queue.
Progress(37) at 2026-07-19 11:08:23: 16,643,698,359 states generated (27,097,218 s/min), 2,397,604,838 distinct states found (3,402,459 ds/min), 333,198,391 states left on queue.
Progress(37) at 2026-07-19 11:09:47: 16,669,096,929 states generated (25,398,570 s/min), 2,400,616,983 distinct states found (3,012,145 ds/min), 332,932,138 states left on queue.
Progress(37) at 2026-07-19 11:10:47: 16,696,931,701 states generated (27,834,772 s/min), 2,404,429,419 distinct states found (3,812,436 ds/min), 333,259,823 states left on queue.
Progress(37) at 2026-07-19 11:11:47: 16,724,728,405 states generated (27,796,704 s/min), 2,408,315,185 distinct states found (3,885,766 ds/min), 333,706,200 states left on queue.
Progress(37) at 2026-07-19 11:12:47: 16,753,312,145 states generated (28,583,740 s/min), 2,412,142,871 distinct states found (3,827,686 ds/min), 333,934,550 states left on queue.
Progress(37) at 2026-07-19 11:13:47: 16,781,280,494 states generated (27,968,349 s/min), 2,415,674,605 distinct states found (3,531,734 ds/min), 333,890,130 states left on queue.
Progress(37) at 2026-07-19 11:14:47: 16,807,466,467 states generated (26,185,973 s/min), 2,418,857,411 distinct states found (3,182,806 ds/min), 334,006,667 states left on queue.
Progress(37) at 2026-07-19 11:15:47: 16,833,888,250 states generated (26,421,783 s/min), 2,421,934,357 distinct states found (3,076,946 ds/min), 333,717,225 states left on queue.
Progress(37) at 2026-07-19 11:16:47: 16,860,016,143 states generated (26,127,893 s/min), 2,425,174,765 distinct states found (3,240,408 ds/min), 333,879,706 states left on queue.
Progress(37) at 2026-07-19 11:17:47: 16,886,140,394 states generated (26,124,251 s/min), 2,428,276,282 distinct states found (3,101,517 ds/min), 333,823,221 states left on queue.
Progress(37) at 2026-07-19 11:18:47: 16,912,185,931 states generated (26,045,537 s/min), 2,431,648,922 distinct states found (3,372,640 ds/min), 333,892,150 states left on queue.
Progress(37) at 2026-07-19 11:19:48: 16,938,244,746 states generated (26,058,815 s/min), 2,434,978,127 distinct states found (3,329,205 ds/min), 334,091,310 states left on queue.
Progress(37) at 2026-07-19 11:20:48: 16,964,713,226 states generated (26,468,480 s/min), 2,438,469,221 distinct states found (3,491,094 ds/min), 334,521,001 states left on queue.
Progress(37) at 2026-07-19 11:21:48: 16,991,204,022 states generated (26,490,796 s/min), 2,441,862,241 distinct states found (3,393,020 ds/min), 334,999,813 states left on queue.
Progress(37) at 2026-07-19 11:22:48: 17,017,918,441 states generated (26,714,419 s/min), 2,445,046,656 distinct states found (3,184,415 ds/min), 334,569,766 states left on queue.
Progress(37) at 2026-07-19 11:23:48: 17,044,765,680 states generated (26,847,239 s/min), 2,448,321,155 distinct states found (3,274,499 ds/min), 334,345,720 states left on queue.
Progress(37) at 2026-07-19 11:24:48: 17,073,079,398 states generated (28,313,718 s/min), 2,452,208,119 distinct states found (3,886,964 ds/min), 334,603,442 states left on queue.
Progress(37) at 2026-07-19 11:25:48: 17,099,345,052 states generated (26,265,654 s/min), 2,455,977,246 distinct states found (3,769,127 ds/min), 335,040,916 states left on queue.
Progress(37) at 2026-07-19 11:26:48: 17,124,595,725 states generated (25,250,673 s/min), 2,459,191,441 distinct states found (3,214,195 ds/min), 334,995,400 states left on queue.
Progress(37) at 2026-07-19 11:27:48: 17,150,768,632 states generated (26,172,907 s/min), 2,462,292,499 distinct states found (3,101,058 ds/min), 334,745,928 states left on queue.
Progress(37) at 2026-07-19 11:28:48: 17,176,682,339 states generated (25,913,707 s/min), 2,465,470,265 distinct states found (3,177,766 ds/min), 334,644,551 states left on queue.
Checkpointing of run states/26-07-19-00-57-33
Checkpointing completed at (2026-07-19 11:29:51)
Progress(37) at 2026-07-19 11:29:51: 17,202,943,466 states generated (26,261,127 s/min), 2,468,738,479 distinct states found (3,268,214 ds/min), 334,448,652 states left on queue.
Progress(37) at 2026-07-19 11:30:51: 17,228,462,566 states generated (25,519,100 s/min), 2,471,763,115 distinct states found (3,024,636 ds/min), 334,064,460 states left on queue.
Progress(37) at 2026-07-19 11:31:51: 17,254,533,719 states generated (26,071,153 s/min), 2,475,153,699 distinct states found (3,390,584 ds/min), 334,119,871 states left on queue.
Progress(37) at 2026-07-19 11:32:51: 17,280,425,134 states generated (25,891,415 s/min), 2,478,328,381 distinct states found (3,174,682 ds/min), 334,073,953 states left on queue.
Progress(37) at 2026-07-19 11:33:51: 17,307,899,435 states generated (27,474,301 s/min), 2,481,647,877 distinct states found (3,319,496 ds/min), 334,082,153 states left on queue.
Progress(37) at 2026-07-19 11:34:51: 17,336,626,796 states generated (28,727,361 s/min), 2,485,143,929 distinct states found (3,496,052 ds/min), 334,295,943 states left on queue.
Progress(37) at 2026-07-19 11:35:51: 17,364,921,738 states generated (28,294,942 s/min), 2,488,643,908 distinct states found (3,499,979 ds/min), 334,270,329 states left on queue.
Progress(37) at 2026-07-19 11:36:51: 17,393,445,919 states generated (28,524,181 s/min), 2,492,056,741 distinct states found (3,412,833 ds/min), 334,417,608 states left on queue.
Progress(37) at 2026-07-19 11:37:51: 17,421,847,464 states generated (28,401,545 s/min), 2,495,502,542 distinct states found (3,445,801 ds/min), 334,542,113 states left on queue.
Progress(37) at 2026-07-19 11:38:51: 17,449,904,327 states generated (28,056,863 s/min), 2,498,941,130 distinct states found (3,438,588 ds/min), 334,677,707 states left on queue.
Progress(37) at 2026-07-19 11:39:51: 17,477,674,274 states generated (27,769,947 s/min), 2,502,312,613 distinct states found (3,371,483 ds/min), 334,658,101 states left on queue.
Progress(37) at 2026-07-19 11:40:51: 17,506,639,758 states generated (28,965,484 s/min), 2,505,917,017 distinct states found (3,604,404 ds/min), 334,541,330 states left on queue.
Progress(37) at 2026-07-19 11:41:51: 17,534,733,298 states generated (28,093,540 s/min), 2,509,411,223 distinct states found (3,494,206 ds/min), 334,562,564 states left on queue.
Progress(37) at 2026-07-19 11:42:51: 17,560,985,952 states generated (26,252,654 s/min), 2,512,510,278 distinct states found (3,099,055 ds/min), 334,257,576 states left on queue.
Progress(37) at 2026-07-19 11:43:51: 17,589,356,685 states generated (28,370,733 s/min), 2,515,753,379 distinct states found (3,243,101 ds/min), 334,176,005 states left on queue.
Progress(37) at 2026-07-19 11:44:51: 17,618,022,509 states generated (28,665,824 s/min), 2,519,559,555 distinct states found (3,806,176 ds/min), 334,588,982 states left on queue.
Progress(37) at 2026-07-19 11:45:51: 17,646,261,594 states generated (28,239,085 s/min), 2,522,760,800 distinct states found (3,201,245 ds/min), 334,312,019 states left on queue.
Progress(37) at 2026-07-19 11:46:51: 17,673,859,095 states generated (27,597,501 s/min), 2,526,052,079 distinct states found (3,291,279 ds/min), 334,269,797 states left on queue.
Progress(37) at 2026-07-19 11:47:51: 17,701,057,140 states generated (27,198,045 s/min), 2,529,246,192 distinct states found (3,194,113 ds/min), 334,052,147 states left on queue.
Progress(37) at 2026-07-19 11:48:51: 17,727,837,571 states generated (26,780,431 s/min), 2,532,717,551 distinct states found (3,471,359 ds/min), 334,278,832 states left on queue.
Progress(37) at 2026-07-19 11:49:51: 17,753,898,348 states generated (26,060,777 s/min), 2,536,397,530 distinct states found (3,679,979 ds/min), 334,366,335 states left on queue.
Progress(37) at 2026-07-19 11:50:51: 17,780,759,109 states generated (26,860,761 s/min), 2,539,911,080 distinct states found (3,513,550 ds/min), 334,507,775 states left on queue.
Progress(37) at 2026-07-19 11:51:51: 17,808,144,436 states generated (27,385,327 s/min), 2,543,430,175 distinct states found (3,519,095 ds/min), 334,743,749 states left on queue.
Progress(37) at 2026-07-19 11:52:51: 17,835,010,352 states generated (26,865,916 s/min), 2,546,720,419 distinct states found (3,290,244 ds/min), 334,476,305 states left on queue.
Progress(37) at 2026-07-19 11:53:51: 17,862,378,788 states generated (27,368,436 s/min), 2,550,176,163 distinct states found (3,455,744 ds/min), 334,371,783 states left on queue.
Progress(37) at 2026-07-19 11:54:51: 17,889,931,797 states generated (27,553,009 s/min), 2,553,448,822 distinct states found (3,272,659 ds/min), 334,104,939 states left on queue.
Progress(37) at 2026-07-19 11:55:51: 17,919,701,247 states generated (29,769,450 s/min), 2,557,173,988 distinct states found (3,725,166 ds/min), 334,179,488 states left on queue.
Progress(37) at 2026-07-19 11:56:51: 17,946,897,181 states generated (27,195,934 s/min), 2,560,756,077 distinct states found (3,582,089 ds/min), 334,183,793 states left on queue.
Progress(37) at 2026-07-19 11:57:51: 17,974,537,897 states generated (27,640,716 s/min), 2,564,321,317 distinct states found (3,565,240 ds/min), 334,093,591 states left on queue.
Progress(37) at 2026-07-19 11:58:51: 18,003,117,751 states generated (28,579,854 s/min), 2,567,865,278 distinct states found (3,543,961 ds/min), 333,934,434 states left on queue.
Checkpointing of run states/26-07-19-00-57-33
Checkpointing completed at (2026-07-19 11:59:53)
Progress(37) at 2026-07-19 11:59:53: 18,033,229,924 states generated (30,112,173 s/min), 2,571,745,356 distinct states found (3,880,078 ds/min), 333,940,175 states left on queue.
Progress(37) at 2026-07-19 12:00:53: 18,061,383,080 states generated (28,153,156 s/min), 2,575,114,105 distinct states found (3,368,749 ds/min), 333,860,503 states left on queue.
Progress(38) at 2026-07-19 12:01:53: 18,090,031,012 states generated (28,647,932 s/min), 2,578,458,779 distinct states found (3,344,674 ds/min), 333,640,809 states left on queue.
Progress(38) at 2026-07-19 12:02:53: 18,117,468,878 states generated (27,437,866 s/min), 2,581,982,563 distinct states found (3,523,784 ds/min), 333,814,825 states left on queue.
Progress(38) at 2026-07-19 12:03:53: 18,145,010,201 states generated (27,541,323 s/min), 2,585,142,406 distinct states found (3,159,843 ds/min), 333,539,049 states left on queue.
Progress(38) at 2026-07-19 12:04:54: 18,172,190,967 states generated (27,180,766 s/min), 2,588,705,310 distinct states found (3,562,904 ds/min), 333,525,288 states left on queue.
Progress(38) at 2026-07-19 12:05:54: 18,200,789,328 states generated (28,598,361 s/min), 2,592,598,468 distinct states found (3,893,158 ds/min), 334,081,930 states left on queue.
Progress(38) at 2026-07-19 12:06:54: 18,229,261,776 states generated (28,472,448 s/min), 2,596,437,641 distinct states found (3,839,173 ds/min), 334,644,650 states left on queue.
Progress(38) at 2026-07-19 12:07:54: 18,255,923,797 states generated (26,662,021 s/min), 2,599,939,691 distinct states found (3,502,050 ds/min), 335,011,484 states left on queue.
Progress(38) at 2026-07-19 12:08:54: 18,282,828,103 states generated (26,904,306 s/min), 2,603,446,662 distinct states found (3,506,971 ds/min), 335,522,502 states left on queue.
Progress(38) at 2026-07-19 12:10:16: 18,305,630,616 states generated (22,802,513 s/min), 2,606,481,664 distinct states found (3,035,002 ds/min), 335,888,224 states left on queue.
Progress(38) at 2026-07-19 12:11:16: 18,331,585,836 states generated (25,955,220 s/min), 2,610,104,425 distinct states found (3,622,761 ds/min), 336,410,677 states left on queue.
Progress(38) at 2026-07-19 12:12:16: 18,357,479,924 states generated (25,894,088 s/min), 2,613,467,586 distinct states found (3,363,161 ds/min), 336,765,292 states left on queue.
Progress(38) at 2026-07-19 12:13:16: 18,384,724,782 states generated (27,244,858 s/min), 2,617,170,422 distinct states found (3,702,836 ds/min), 337,315,618 states left on queue.
Progress(38) at 2026-07-19 12:14:16: 18,411,557,273 states generated (26,832,491 s/min), 2,620,659,146 distinct states found (3,488,724 ds/min), 337,651,716 states left on queue.
Progress(38) at 2026-07-19 12:15:16: 18,437,883,927 states generated (26,326,654 s/min), 2,624,167,057 distinct states found (3,507,911 ds/min), 337,970,455 states left on queue.
Progress(38) at 2026-07-19 12:16:16: 18,464,766,311 states generated (26,882,384 s/min), 2,627,766,764 distinct states found (3,599,707 ds/min), 338,116,762 states left on queue.
Progress(38) at 2026-07-19 12:17:16: 18,491,325,575 states generated (26,559,264 s/min), 2,631,515,837 distinct states found (3,749,073 ds/min), 338,350,903 states left on queue.
Progress(38) at 2026-07-19 12:18:16: 18,517,566,821 states generated (26,241,246 s/min), 2,635,096,557 distinct states found (3,580,720 ds/min), 338,599,973 states left on queue.
Progress(38) at 2026-07-19 12:19:16: 18,544,537,699 states generated (26,970,878 s/min), 2,638,511,827 distinct states found (3,415,270 ds/min), 338,550,262 states left on queue.
Progress(38) at 2026-07-19 12:20:16: 18,573,215,251 states generated (28,677,552 s/min), 2,641,722,016 distinct states found (3,210,189 ds/min), 338,211,182 states left on queue.
Progress(38) at 2026-07-19 12:21:16: 18,600,390,433 states generated (27,175,182 s/min), 2,645,256,569 distinct states found (3,534,553 ds/min), 338,099,752 states left on queue.
Progress(38) at 2026-07-19 12:22:16: 18,627,826,282 states generated (27,435,849 s/min), 2,648,587,686 distinct states found (3,331,117 ds/min), 337,901,770 states left on queue.
Progress(38) at 2026-07-19 12:23:16: 18,654,687,933 states generated (26,861,651 s/min), 2,651,959,392 distinct states found (3,371,706 ds/min), 337,819,424 states left on queue.
Progress(38) at 2026-07-19 12:24:16: 18,681,888,631 states generated (27,200,698 s/min), 2,655,430,472 distinct states found (3,471,080 ds/min), 337,986,643 states left on queue.
Progress(38) at 2026-07-19 12:25:16: 18,708,216,513 states generated (26,327,882 s/min), 2,658,808,227 distinct states found (3,377,755 ds/min), 337,995,531 states left on queue.
Progress(38) at 2026-07-19 12:26:16: 18,737,947,937 states generated (29,731,424 s/min), 2,662,403,819 distinct states found (3,595,592 ds/min), 338,128,328 states left on queue.
Progress(38) at 2026-07-19 12:27:16: 18,767,348,136 states generated (29,400,199 s/min), 2,665,974,558 distinct states found (3,570,739 ds/min), 338,332,906 states left on queue.
Progress(38) at 2026-07-19 12:28:16: 18,796,613,667 states generated (29,265,531 s/min), 2,669,569,515 distinct states found (3,594,957 ds/min), 338,377,297 states left on queue.
Progress(38) at 2026-07-19 12:29:16: 18,825,582,263 states generated (28,968,596 s/min), 2,673,062,295 distinct states found (3,492,780 ds/min), 338,357,656 states left on queue.
Checkpointing of run states/26-07-19-00-57-33
Checkpointing completed at (2026-07-19 12:30:19)
Progress(38) at 2026-07-19 12:30:19: 18,854,770,494 states generated (29,188,231 s/min), 2,676,508,462 distinct states found (3,446,167 ds/min), 338,205,264 states left on queue.
Progress(38) at 2026-07-19 12:31:19: 18,882,295,320 states generated (27,524,826 s/min), 2,679,853,293 distinct states found (3,344,831 ds/min), 338,276,603 states left on queue.
Progress(38) at 2026-07-19 12:32:19: 18,908,733,105 states generated (26,437,785 s/min), 2,683,111,210 distinct states found (3,257,917 ds/min), 338,378,119 states left on queue.
Progress(38) at 2026-07-19 12:33:19: 18,936,093,391 states generated (27,360,286 s/min), 2,686,416,919 distinct states found (3,305,709 ds/min), 338,205,075 states left on queue.
Progress(38) at 2026-07-19 12:34:19: 18,962,731,842 states generated (26,638,451 s/min), 2,689,565,594 distinct states found (3,148,675 ds/min), 337,973,765 states left on queue.
Progress(38) at 2026-07-19 12:35:19: 18,990,940,012 states generated (28,208,170 s/min), 2,693,052,656 distinct states found (3,487,062 ds/min), 338,346,014 states left on queue.
Progress(38) at 2026-07-19 12:36:19: 19,018,733,215 states generated (27,793,203 s/min), 2,696,392,133 distinct states found (3,339,477 ds/min), 338,655,852 states left on queue.
Progress(38) at 2026-07-19 12:37:19: 19,046,268,510 states generated (27,535,295 s/min), 2,699,621,772 distinct states found (3,229,639 ds/min), 338,830,004 states left on queue.
Progress(38) at 2026-07-19 12:38:19: 19,075,322,693 states generated (29,054,183 s/min), 2,703,386,998 distinct states found (3,765,226 ds/min), 339,346,798 states left on queue.
Progress(38) at 2026-07-19 12:39:19: 19,103,617,842 states generated (28,295,149 s/min), 2,707,051,041 distinct states found (3,664,043 ds/min), 339,621,049 states left on queue.
Progress(38) at 2026-07-19 12:40:19: 19,131,856,393 states generated (28,238,551 s/min), 2,710,548,090 distinct states found (3,497,049 ds/min), 339,771,631 states left on queue.
Progress(38) at 2026-07-19 12:41:19: 19,159,063,306 states generated (27,206,913 s/min), 2,714,104,302 distinct states found (3,556,212 ds/min), 340,109,857 states left on queue.
Progress(38) at 2026-07-19 12:42:19: 19,186,339,177 states generated (27,275,871 s/min), 2,717,526,120 distinct states found (3,421,818 ds/min), 340,275,050 states left on queue.
Progress(38) at 2026-07-19 12:43:19: 19,212,948,965 states generated (26,609,788 s/min), 2,720,621,050 distinct states found (3,094,930 ds/min), 340,069,995 states left on queue.
Progress(38) at 2026-07-19 12:44:19: 19,240,812,386 states generated (27,863,421 s/min), 2,724,254,308 distinct states found (3,633,258 ds/min), 340,396,857 states left on queue.
Progress(38) at 2026-07-19 12:45:19: 19,268,067,356 states generated (27,254,970 s/min), 2,727,757,412 distinct states found (3,503,104 ds/min), 340,727,501 states left on queue.
Progress(38) at 2026-07-19 12:46:19: 19,295,840,459 states generated (27,773,103 s/min), 2,731,022,121 distinct states found (3,264,709 ds/min), 340,673,691 states left on queue.
Progress(38) at 2026-07-19 12:47:19: 19,322,184,505 states generated (26,344,046 s/min), 2,733,956,793 distinct states found (2,934,672 ds/min), 340,451,426 states left on queue.
Progress(38) at 2026-07-19 12:48:19: 19,349,409,756 states generated (27,225,251 s/min), 2,737,202,167 distinct states found (3,245,374 ds/min), 340,435,016 states left on queue.
Progress(38) at 2026-07-19 12:49:19: 19,376,655,983 states generated (27,246,227 s/min), 2,740,431,546 distinct states found (3,229,379 ds/min), 340,091,553 states left on queue.
Progress(38) at 2026-07-19 12:50:19: 19,404,542,745 states generated (27,886,762 s/min), 2,744,033,905 distinct states found (3,602,359 ds/min), 340,212,916 states left on queue.
Progress(38) at 2026-07-19 12:51:19: 19,432,027,335 states generated (27,484,590 s/min), 2,747,857,719 distinct states found (3,823,814 ds/min), 340,598,897 states left on queue.
Progress(38) at 2026-07-19 12:52:19: 19,460,709,539 states generated (28,682,204 s/min), 2,751,655,960 distinct states found (3,798,241 ds/min), 340,833,087 states left on queue.
Progress(38) at 2026-07-19 12:53:19: 19,488,925,383 states generated (28,215,844 s/min), 2,755,214,422 distinct states found (3,558,462 ds/min), 340,749,095 states left on queue.
Progress(38) at 2026-07-19 12:54:19: 19,515,800,892 states generated (26,875,509 s/min), 2,758,474,954 distinct states found (3,260,532 ds/min), 340,765,934 states left on queue.
Progress(38) at 2026-07-19 12:55:19: 19,542,051,666 states generated (26,250,774 s/min), 2,761,354,293 distinct states found (2,879,339 ds/min), 340,442,502 states left on queue.
Progress(38) at 2026-07-19 12:56:19: 19,568,213,484 states generated (26,161,818 s/min), 2,764,438,654 distinct states found (3,084,361 ds/min), 340,321,716 states left on queue.
Progress(38) at 2026-07-19 12:57:19: 19,594,633,975 states generated (26,420,491 s/min), 2,767,663,096 distinct states found (3,224,442 ds/min), 340,479,570 states left on queue.
Progress(38) at 2026-07-19 12:58:19: 19,620,579,944 states generated (25,945,969 s/min), 2,770,729,356 distinct states found (3,066,260 ds/min), 340,224,626 states left on queue.
Progress(38) at 2026-07-19 12:59:19: 19,646,644,990 states generated (26,065,046 s/min), 2,774,187,928 distinct states found (3,458,572 ds/min), 340,555,191 states left on queue.
Checkpointing of run states/26-07-19-00-57-33
Checkpointing completed at (2026-07-19 13:00:22)
Progress(38) at 2026-07-19 13:00:22: 19,674,198,949 states generated (27,553,959 s/min), 2,777,516,944 distinct states found (3,329,016 ds/min), 340,562,869 states left on queue.
Progress(38) at 2026-07-19 13:01:22: 19,700,882,362 states generated (26,683,413 s/min), 2,781,000,915 distinct states found (3,483,971 ds/min), 341,153,524 states left on queue.
Progress(38) at 2026-07-19 13:02:22: 19,727,699,266 states generated (26,816,904 s/min), 2,784,212,530 distinct states found (3,211,615 ds/min), 341,164,286 states left on queue.
Progress(38) at 2026-07-19 13:03:22: 19,753,820,333 states generated (26,121,067 s/min), 2,787,243,336 distinct states found (3,030,806 ds/min), 340,672,089 states left on queue.
Progress(38) at 2026-07-19 13:04:22: 19,782,621,274 states generated (28,800,941 s/min), 2,790,806,100 distinct states found (3,562,764 ds/min), 340,574,919 states left on queue.
Progress(38) at 2026-07-19 13:05:22: 19,809,603,686 states generated (26,982,412 s/min), 2,794,586,372 distinct states found (3,780,272 ds/min), 340,871,698 states left on queue.
Progress(38) at 2026-07-19 13:06:22: 19,835,313,801 states generated (25,710,115 s/min), 2,798,098,659 distinct states found (3,512,287 ds/min), 341,081,118 states left on queue.
Progress(38) at 2026-07-19 13:07:22: 19,861,111,184 states generated (25,797,383 s/min), 2,801,075,855 distinct states found (2,977,196 ds/min), 340,764,083 states left on queue.
Progress(38) at 2026-07-19 13:08:22: 19,887,097,040 states generated (25,985,856 s/min), 2,804,179,238 distinct states found (3,103,383 ds/min), 340,553,749 states left on queue.
Progress(38) at 2026-07-19 13:09:22: 19,912,410,960 states generated (25,313,920 s/min), 2,807,181,519 distinct states found (3,002,281 ds/min), 340,281,529 states left on queue.
Progress(38) at 2026-07-19 13:11:06: 19,935,436,257 states generated (23,025,297 s/min), 2,809,909,833 distinct states found (2,728,314 ds/min), 339,969,804 states left on queue.
Progress(38) at 2026-07-19 13:12:06: 19,961,003,328 states generated (25,567,071 s/min), 2,812,962,694 distinct states found (3,052,861 ds/min), 339,655,117 states left on queue.
Progress(38) at 2026-07-19 13:13:06: 19,987,237,367 states generated (26,234,039 s/min), 2,816,307,121 distinct states found (3,344,427 ds/min), 339,748,035 states left on queue.
Progress(38) at 2026-07-19 13:14:06: 20,012,680,963 states generated (25,443,596 s/min), 2,819,261,031 distinct states found (2,953,910 ds/min), 339,437,331 states left on queue.
Progress(38) at 2026-07-19 13:15:06: 20,042,150,569 states generated (29,469,606 s/min), 2,822,753,310 distinct states found (3,492,279 ds/min), 339,619,405 states left on queue.
Progress(38) at 2026-07-19 13:16:06: 20,070,066,561 states generated (27,915,992 s/min), 2,825,943,789 distinct states found (3,190,479 ds/min), 339,548,644 states left on queue.
Progress(38) at 2026-07-19 13:17:06: 20,098,757,163 states generated (28,690,602 s/min), 2,829,476,624 distinct states found (3,532,835 ds/min), 339,565,080 states left on queue.
Progress(38) at 2026-07-19 13:18:06: 20,127,047,016 states generated (28,289,853 s/min), 2,832,852,840 distinct states found (3,376,216 ds/min), 339,733,414 states left on queue.
Progress(38) at 2026-07-19 13:19:06: 20,155,264,650 states generated (28,217,634 s/min), 2,836,063,656 distinct states found (3,210,816 ds/min), 339,621,512 states left on queue.
Progress(38) at 2026-07-19 13:20:06: 20,182,957,813 states generated (27,693,163 s/min), 2,839,348,094 distinct states found (3,284,438 ds/min), 339,664,135 states left on queue.
Progress(38) at 2026-07-19 13:21:06: 20,210,964,779 states generated (28,006,966 s/min), 2,842,693,946 distinct states found (3,345,852 ds/min), 339,522,907 states left on queue.
Progress(38) at 2026-07-19 13:22:06: 20,239,472,811 states generated (28,508,032 s/min), 2,846,028,810 distinct states found (3,334,864 ds/min), 339,182,035 states left on queue.
Progress(38) at 2026-07-19 13:23:06: 20,266,998,604 states generated (27,525,793 s/min), 2,849,446,445 distinct states found (3,417,635 ds/min), 339,217,909 states left on queue.
Progress(38) at 2026-07-19 13:24:06: 20,293,955,112 states generated (26,956,508 s/min), 2,852,442,428 distinct states found (2,995,983 ds/min), 338,866,354 states left on queue.
Progress(38) at 2026-07-19 13:25:06: 20,322,492,622 states generated (28,537,510 s/min), 2,855,789,171 distinct states found (3,346,743 ds/min), 338,828,778 states left on queue.
Progress(38) at 2026-07-19 13:26:06: 20,351,102,425 states generated (28,609,803 s/min), 2,859,463,618 distinct states found (3,674,447 ds/min), 339,073,982 states left on queue.
Progress(38) at 2026-07-19 13:27:06: 20,378,914,172 states generated (27,811,747 s/min), 2,862,508,400 distinct states found (3,044,782 ds/min), 338,717,821 states left on queue.
Progress(38) at 2026-07-19 13:28:06: 20,406,522,121 states generated (27,607,949 s/min), 2,865,633,148 distinct states found (3,124,748 ds/min), 338,444,991 states left on queue.
Progress(38) at 2026-07-19 13:29:06: 20,433,468,854 states generated (26,946,733 s/min), 2,868,776,148 distinct states found (3,143,000 ds/min), 338,264,077 states left on queue.
Progress(38) at 2026-07-19 13:30:06: 20,459,580,955 states generated (26,112,101 s/min), 2,872,308,827 distinct states found (3,532,679 ds/min), 338,594,215 states left on queue.
Checkpointing of run states/26-07-19-00-57-33
Checkpointing completed at (2026-07-19 13:31:10)
Progress(38) at 2026-07-19 13:31:10: 20,487,221,482 states generated (27,640,527 s/min), 2,875,944,885 distinct states found (3,636,058 ds/min), 338,402,268 states left on queue.
Progress(38) at 2026-07-19 13:32:10: 20,513,919,007 states generated (26,697,525 s/min), 2,879,240,191 distinct states found (3,295,306 ds/min), 338,319,700 states left on queue.
Progress(38) at 2026-07-19 13:33:10: 20,541,563,141 states generated (27,644,134 s/min), 2,882,692,672 distinct states found (3,452,481 ds/min), 338,569,497 states left on queue.
Progress(38) at 2026-07-19 13:34:10: 20,568,422,051 states generated (26,858,910 s/min), 2,885,849,000 distinct states found (3,156,328 ds/min), 338,139,924 states left on queue.
Progress(38) at 2026-07-19 13:35:10: 20,596,159,327 states generated (27,737,276 s/min), 2,889,190,652 distinct states found (3,341,652 ds/min), 337,950,823 states left on queue.
Progress(38) at 2026-07-19 13:36:10: 20,624,088,247 states generated (27,928,920 s/min), 2,892,533,520 distinct states found (3,342,868 ds/min), 337,738,514 states left on queue.
Progress(38) at 2026-07-19 13:37:10: 20,653,154,587 states generated (29,066,340 s/min), 2,896,195,078 distinct states found (3,661,558 ds/min), 337,738,924 states left on queue.
Progress(38) at 2026-07-19 13:38:10: 20,680,086,606 states generated (26,932,019 s/min), 2,899,598,982 distinct states found (3,403,904 ds/min), 337,594,102 states left on queue.
Progress(38) at 2026-07-19 13:39:10: 20,708,075,653 states generated (27,989,047 s/min), 2,902,920,433 distinct states found (3,321,451 ds/min), 337,256,405 states left on queue.
Progress(38) at 2026-07-19 13:40:10: 20,737,019,305 states generated (28,943,652 s/min), 2,906,574,518 distinct states found (3,654,085 ds/min), 337,213,191 states left on queue.
Progress(38) at 2026-07-19 13:41:10: 20,765,542,043 states generated (28,522,738 s/min), 2,909,986,029 distinct states found (3,411,511 ds/min), 336,896,163 states left on queue.
Progress(38) at 2026-07-19 13:42:10: 20,793,689,948 states generated (28,147,905 s/min), 2,913,300,379 distinct states found (3,314,350 ds/min), 336,805,049 states left on queue.
Progress(39) at 2026-07-19 13:43:10: 20,821,945,602 states generated (28,255,654 s/min), 2,916,604,834 distinct states found (3,304,455 ds/min), 336,668,485 states left on queue.
Progress(39) at 2026-07-19 13:44:10: 20,849,240,735 states generated (27,295,133 s/min), 2,919,941,267 distinct states found (3,336,433 ds/min), 336,681,621 states left on queue.
Progress(39) at 2026-07-19 13:45:10: 20,876,451,712 states generated (27,210,977 s/min), 2,923,198,403 distinct states found (3,257,136 ds/min), 336,456,402 states left on queue.
Progress(39) at 2026-07-19 13:46:10: 20,904,089,743 states generated (27,638,031 s/min), 2,926,660,923 distinct states found (3,462,520 ds/min), 336,385,348 states left on queue.
Progress(39) at 2026-07-19 13:47:10: 20,932,733,063 states generated (28,643,320 s/min), 2,930,638,145 distinct states found (3,977,222 ds/min), 337,117,983 states left on queue.
Progress(39) at 2026-07-19 13:48:10: 20,960,681,295 states generated (27,948,232 s/min), 2,934,204,100 distinct states found (3,565,955 ds/min), 337,425,771 states left on queue.
Progress(39) at 2026-07-19 13:49:10: 20,987,102,387 states generated (26,421,092 s/min), 2,937,646,427 distinct states found (3,442,327 ds/min), 337,789,661 states left on queue.
Progress(39) at 2026-07-19 13:50:10: 21,013,922,735 states generated (26,820,348 s/min), 2,941,046,675 distinct states found (3,400,248 ds/min), 338,196,037 states left on queue.
Progress(39) at 2026-07-19 13:51:10: 21,039,545,720 states generated (25,622,985 s/min), 2,944,394,461 distinct states found (3,347,786 ds/min), 338,579,341 states left on queue.
Progress(39) at 2026-07-19 13:52:10: 21,065,629,401 states generated (26,083,681 s/min), 2,947,854,568 distinct states found (3,460,107 ds/min), 338,890,073 states left on queue.
Progress(39) at 2026-07-19 13:53:10: 21,091,131,352 states generated (25,501,951 s/min), 2,951,164,741 distinct states found (3,310,173 ds/min), 339,230,850 states left on queue.
Progress(39) at 2026-07-19 13:54:10: 21,117,602,133 states generated (26,470,781 s/min), 2,954,627,523 distinct states found (3,462,782 ds/min), 339,591,644 states left on queue.
Progress(39) at 2026-07-19 13:55:10: 21,144,747,068 states generated (27,144,935 s/min), 2,958,166,390 distinct states found (3,538,867 ds/min), 339,970,420 states left on queue.
Progress(39) at 2026-07-19 13:56:10: 21,171,350,704 states generated (26,603,636 s/min), 2,961,577,232 distinct states found (3,410,842 ds/min), 340,277,498 states left on queue.
Progress(39) at 2026-07-19 13:57:10: 21,197,412,403 states generated (26,061,699 s/min), 2,964,918,228 distinct states found (3,340,996 ds/min), 340,431,519 states left on queue.
Progress(39) at 2026-07-19 13:58:10: 21,224,008,447 states generated (26,596,044 s/min), 2,968,407,660 distinct states found (3,489,432 ds/min), 340,480,948 states left on queue.
Progress(39) at 2026-07-19 13:59:10: 21,250,323,900 states generated (26,315,453 s/min), 2,972,068,156 distinct states found (3,660,496 ds/min), 340,659,708 states left on queue.
Progress(39) at 2026-07-19 14:00:10: 21,276,390,753 states generated (26,066,853 s/min), 2,975,513,168 distinct states found (3,445,012 ds/min), 340,782,956 states left on queue.
Checkpointing of run states/26-07-19-00-57-33
Checkpointing completed at (2026-07-19 14:01:13)
Progress(39) at 2026-07-19 14:01:13: 21,290,694,479 states generated (14,303,726 s/min), 2,977,417,245 distinct states found (1,904,077 ds/min), 340,855,130 states left on queue.
Progress(39) at 2026-07-19 14:02:13: 21,318,527,757 states generated (27,833,278 s/min), 2,980,570,187 distinct states found (3,152,942 ds/min), 340,450,401 states left on queue.
Progress(39) at 2026-07-19 14:03:13: 21,345,805,322 states generated (27,277,565 s/min), 2,983,892,107 distinct states found (3,321,920 ds/min), 340,286,492 states left on queue.
Progress(39) at 2026-07-19 14:04:13: 21,373,159,093 states generated (27,353,771 s/min), 2,987,109,621 distinct states found (3,217,514 ds/min), 340,028,111 states left on queue.
Progress(39) at 2026-07-19 14:05:13: 21,400,283,845 states generated (27,124,752 s/min), 2,990,477,278 distinct states found (3,367,657 ds/min), 339,769,500 states left on queue.
Progress(39) at 2026-07-19 14:06:13: 21,426,697,564 states generated (26,413,719 s/min), 2,993,685,487 distinct states found (3,208,209 ds/min), 339,803,463 states left on queue.
Progress(39) at 2026-07-19 14:07:13: 21,453,227,770 states generated (26,530,206 s/min), 2,997,035,583 distinct states found (3,350,096 ds/min), 339,858,035 states left on queue.
Progress(39) at 2026-07-19 14:08:13: 21,481,741,218 states generated (28,513,448 s/min), 3,000,413,197 distinct states found (3,377,614 ds/min), 339,749,060 states left on queue.
Progress(39) at 2026-07-19 14:09:13: 21,511,424,552 states generated (29,683,334 s/min), 3,003,890,232 distinct states found (3,477,035 ds/min), 339,868,262 states left on queue.
Progress(39) at 2026-07-19 14:10:13: 21,540,458,718 states generated (29,034,166 s/min), 3,007,374,379 distinct states found (3,484,147 ds/min), 339,945,052 states left on queue.
Progress(39) at 2026-07-19 14:11:13: 21,569,368,699 states generated (28,909,981 s/min), 3,010,797,977 distinct states found (3,423,598 ds/min), 339,876,396 states left on queue.
Progress(39) at 2026-07-19 14:12:13: 21,597,993,362 states generated (28,624,663 s/min), 3,014,184,588 distinct states found (3,386,611 ds/min), 339,773,593 states left on queue.
Progress(39) at 2026-07-19 14:13:13: 21,625,673,979 states generated (27,680,617 s/min), 3,017,401,352 distinct states found (3,216,764 ds/min), 339,548,507 states left on queue.
Progress(39) at 2026-07-19 14:14:13: 21,652,472,560 states generated (26,798,581 s/min), 3,020,518,683 distinct states found (3,117,331 ds/min), 339,540,929 states left on queue.
Progress(39) at 2026-07-19 14:15:13: 21,679,111,331 states generated (26,638,771 s/min), 3,023,625,315 distinct states found (3,106,632 ds/min), 339,398,868 states left on queue.
Progress(39) at 2026-07-19 14:16:13: 21,706,056,589 states generated (26,945,258 s/min), 3,026,851,071 distinct states found (3,225,756 ds/min), 339,200,215 states left on queue.
Progress(39) at 2026-07-19 14:17:13: 21,733,317,940 states generated (27,261,351 s/min), 3,030,002,149 distinct states found (3,151,078 ds/min), 339,025,149 states left on queue.
Progress(39) at 2026-07-19 14:18:13: 21,761,233,898 states generated (27,915,958 s/min), 3,033,396,850 distinct states found (3,394,701 ds/min), 339,444,790 states left on queue.
Progress(39) at 2026-07-19 14:19:13: 21,788,494,955 states generated (27,261,057 s/min), 3,036,528,687 distinct states found (3,131,837 ds/min), 339,560,027 states left on queue.
Progress(39) at 2026-07-19 14:20:13: 21,816,156,518 states generated (27,661,563 s/min), 3,039,744,757 distinct states found (3,216,070 ds/min), 339,668,434 states left on queue.
Progress(39) at 2026-07-19 14:21:13: 21,845,378,757 states generated (29,222,239 s/min), 3,043,509,746 distinct states found (3,764,989 ds/min), 340,177,728 states left on queue.
Progress(39) at 2026-07-19 14:22:13: 21,873,407,669 states generated (28,028,912 s/min), 3,047,026,891 distinct states found (3,517,145 ds/min), 340,317,523 states left on queue.
Progress(39) at 2026-07-19 14:23:13: 21,901,626,858 states generated (28,219,189 s/min), 3,050,403,988 distinct states found (3,377,097 ds/min), 340,362,777 states left on queue.
Progress(39) at 2026-07-19 14:24:13: 21,928,669,563 states generated (27,042,705 s/min), 3,053,961,100 distinct states found (3,557,112 ds/min), 340,735,928 states left on queue.
Progress(39) at 2026-07-19 14:25:13: 21,955,900,809 states generated (27,231,246 s/min), 3,057,213,912 distinct states found (3,252,812 ds/min), 340,759,311 states left on queue.
Progress(39) at 2026-07-19 14:26:13: 21,982,859,856 states generated (26,959,047 s/min), 3,060,339,197 distinct states found (3,125,285 ds/min), 340,521,892 states left on queue.
Progress(39) at 2026-07-19 14:27:13: 22,009,904,593 states generated (27,044,737 s/min), 3,063,646,557 distinct states found (3,307,360 ds/min), 340,549,759 states left on queue.
Progress(39) at 2026-07-19 14:28:13: 22,037,473,617 states generated (27,569,024 s/min), 3,067,287,145 distinct states found (3,640,588 ds/min), 340,995,950 states left on queue.
Progress(39) at 2026-07-19 14:29:13: 22,065,040,198 states generated (27,566,581 s/min), 3,070,574,193 distinct states found (3,287,048 ds/min), 341,033,931 states left on queue.
Progress(39) at 2026-07-19 14:30:13: 22,091,870,739 states generated (26,830,541 s/min), 3,073,475,887 distinct states found (2,901,694 ds/min), 340,649,525 states left on queue.
Checkpointing of run states/26-07-19-00-57-33
Checkpointing completed at (2026-07-19 14:31:16)
Progress(39) at 2026-07-19 14:31:16: 22,119,381,426 states generated (27,510,687 s/min), 3,076,624,196 distinct states found (3,148,309 ds/min), 340,524,111 states left on queue.
Progress(39) at 2026-07-19 14:32:16: 22,146,421,395 states generated (27,039,969 s/min), 3,079,783,983 distinct states found (3,159,787 ds/min), 340,224,108 states left on queue.
Progress(39) at 2026-07-19 14:33:16: 22,174,307,102 states generated (27,885,707 s/min), 3,083,038,103 distinct states found (3,254,120 ds/min), 339,957,513 states left on queue.
Progress(39) at 2026-07-19 14:34:16: 22,202,469,867 states generated (28,162,765 s/min), 3,086,937,528 distinct states found (3,899,425 ds/min), 340,397,823 states left on queue.
Progress(39) at 2026-07-19 14:35:16: 22,230,082,406 states generated (27,612,539 s/min), 3,090,422,397 distinct states found (3,484,869 ds/min), 340,390,291 states left on queue.
Progress(39) at 2026-07-19 14:36:16: 22,258,302,105 states generated (28,219,699 s/min), 3,094,096,632 distinct states found (3,674,235 ds/min), 340,432,532 states left on queue.
Progress(39) at 2026-07-19 14:37:16: 22,285,946,044 states generated (27,643,939 s/min), 3,097,381,046 distinct states found (3,284,414 ds/min), 340,235,839 states left on queue.
Progress(39) at 2026-07-19 14:38:16: 22,311,962,235 states generated (26,016,191 s/min), 3,100,246,542 distinct states found (2,865,496 ds/min), 340,015,759 states left on queue.
Progress(39) at 2026-07-19 14:39:16: 22,337,829,142 states generated (25,866,907 s/min), 3,103,081,852 distinct states found (2,835,310 ds/min), 339,586,701 states left on queue.
Progress(39) at 2026-07-19 14:40:16: 22,364,115,717 states generated (26,286,575 s/min), 3,106,385,377 distinct states found (3,303,525 ds/min), 339,913,199 states left on queue.
Progress(39) at 2026-07-19 14:41:16: 22,390,153,366 states generated (26,037,649 s/min), 3,109,236,531 distinct states found (2,851,154 ds/min), 339,510,912 states left on queue.
Progress(39) at 2026-07-19 14:42:16: 22,416,454,113 states generated (26,300,747 s/min), 3,112,744,687 distinct states found (3,508,156 ds/min), 339,809,489 states left on queue.
Progress(39) at 2026-07-19 14:43:16: 22,442,365,809 states generated (25,911,696 s/min), 3,115,737,462 distinct states found (2,992,775 ds/min), 339,639,482 states left on queue.
Progress(39) at 2026-07-19 14:44:16: 22,468,783,636 states generated (26,417,827 s/min), 3,119,074,489 distinct states found (3,337,027 ds/min), 339,963,146 states left on queue.
Progress(39) at 2026-07-19 14:45:16: 22,495,176,798 states generated (26,393,162 s/min), 3,122,363,661 distinct states found (3,289,172 ds/min), 340,399,742 states left on queue.
Progress(39) at 2026-07-19 14:46:16: 22,521,836,484 states generated (26,659,686 s/min), 3,125,427,926 distinct states found (3,064,265 ds/min), 340,050,880 states left on queue.
Progress(39) at 2026-07-19 14:47:16: 22,548,403,058 states generated (26,566,574 s/min), 3,128,446,253 distinct states found (3,018,327 ds/min), 339,597,541 states left on queue.
Progress(39) at 2026-07-19 14:48:16: 22,576,536,142 states generated (28,133,084 s/min), 3,132,067,210 distinct states found (3,620,957 ds/min), 339,593,082 states left on queue.
Progress(39) at 2026-07-19 14:49:16: 22,603,101,052 states generated (26,564,910 s/min), 3,135,656,717 distinct states found (3,589,507 ds/min), 339,800,325 states left on queue.
Progress(39) at 2026-07-19 14:50:16: 22,628,287,343 states generated (25,186,291 s/min), 3,138,846,407 distinct states found (3,189,690 ds/min), 339,721,026 states left on queue.
Progress(39) at 2026-07-19 14:51:16: 22,654,263,619 states generated (25,976,276 s/min), 3,141,759,842 distinct states found (2,913,435 ds/min), 339,374,827 states left on queue.
Progress(39) at 2026-07-19 14:52:16: 22,680,021,886 states generated (25,758,267 s/min), 3,144,689,504 distinct states found (2,929,662 ds/min), 339,013,643 states left on queue.
Progress(39) at 2026-07-19 14:53:16: 22,704,998,240 states generated (24,976,354 s/min), 3,147,593,518 distinct states found (2,904,014 ds/min), 338,607,912 states left on queue.
Progress(39) at 2026-07-19 14:54:16: 22,730,596,326 states generated (25,598,086 s/min), 3,150,465,700 distinct states found (2,872,182 ds/min), 338,109,305 states left on queue.
Progress(39) at 2026-07-19 14:55:16: 22,756,816,202 states generated (26,219,876 s/min), 3,153,763,373 distinct states found (3,297,673 ds/min), 338,119,278 states left on queue.
Progress(39) at 2026-07-19 14:56:16: 22,782,526,189 states generated (25,709,987 s/min), 3,156,721,515 distinct states found (2,958,142 ds/min), 337,833,491 states left on queue.
Progress(39) at 2026-07-19 14:57:16: 22,811,497,708 states generated (28,971,519 s/min), 3,160,022,178 distinct states found (3,300,663 ds/min), 337,844,460 states left on queue.
Progress(39) at 2026-07-19 14:58:16: 22,839,768,245 states generated (28,270,537 s/min), 3,163,218,896 distinct states found (3,196,718 ds/min), 337,778,359 states left on queue.
Progress(39) at 2026-07-19 14:59:16: 22,868,145,521 states generated (28,377,276 s/min), 3,166,573,618 distinct states found (3,354,722 ds/min), 337,612,193 states left on queue.
Progress(39) at 2026-07-19 15:00:16: 22,896,384,426 states generated (28,238,905 s/min), 3,169,871,946 distinct states found (3,298,328 ds/min), 337,687,983 states left on queue.
Checkpointing of run states/26-07-19-00-57-33
Checkpointing completed at (2026-07-19 15:01:19)
Progress(39) at 2026-07-19 15:01:19: 22,911,654,323 states generated (15,269,897 s/min), 3,171,665,399 distinct states found (1,793,453 ds/min), 337,770,793 states left on queue.
Progress(39) at 2026-07-19 15:02:19: 22,939,607,421 states generated (27,953,098 s/min), 3,174,727,956 distinct states found (3,062,557 ds/min), 337,504,112 states left on queue.
Progress(39) at 2026-07-19 15:03:19: 22,967,190,865 states generated (27,583,444 s/min), 3,177,919,694 distinct states found (3,191,738 ds/min), 337,455,041 states left on queue.
Progress(39) at 2026-07-19 15:04:19: 22,995,634,499 states generated (28,443,634 s/min), 3,181,242,459 distinct states found (3,322,765 ds/min), 337,134,766 states left on queue.
Progress(39) at 2026-07-19 15:05:19: 23,023,840,090 states generated (28,205,591 s/min), 3,184,512,688 distinct states found (3,270,229 ds/min), 336,888,427 states left on queue.
Progress(39) at 2026-07-19 15:06:19: 23,050,191,370 states generated (26,351,280 s/min), 3,187,543,794 distinct states found (3,031,106 ds/min), 336,536,233 states left on queue.
Progress(39) at 2026-07-19 15:07:19: 23,078,374,508 states generated (28,183,138 s/min), 3,190,534,985 distinct states found (2,991,191 ds/min), 336,261,949 states left on queue.
Progress(39) at 2026-07-19 15:08:19: 23,106,827,014 states generated (28,452,506 s/min), 3,194,044,002 distinct states found (3,509,017 ds/min), 336,367,162 states left on queue.
Progress(39) at 2026-07-19 15:09:19: 23,135,182,466 states generated (28,355,452 s/min), 3,197,284,266 distinct states found (3,240,264 ds/min), 336,122,099 states left on queue.
Progress(39) at 2026-07-19 15:10:19: 23,162,550,406 states generated (27,367,940 s/min), 3,200,314,297 distinct states found (3,030,031 ds/min), 335,847,321 states left on queue.
Progress(39) at 2026-07-19 15:11:19: 23,189,580,484 states generated (27,030,078 s/min), 3,203,268,045 distinct states found (2,953,748 ds/min), 335,416,194 states left on queue.
Progress(39) at 2026-07-19 15:12:19: 23,216,188,082 states generated (26,607,598 s/min), 3,206,613,483 distinct states found (3,345,438 ds/min), 335,560,385 states left on queue.
Progress(39) at 2026-07-19 15:13:19: 23,241,895,796 states generated (25,707,714 s/min), 3,210,016,609 distinct states found (3,403,126 ds/min), 335,457,106 states left on queue.
Progress(39) at 2026-07-19 15:14:19: 23,268,858,351 states generated (26,962,555 s/min), 3,213,338,475 distinct states found (3,321,866 ds/min), 335,369,890 states left on queue.
Progress(39) at 2026-07-19 15:15:19: 23,295,870,681 states generated (27,012,330 s/min), 3,216,594,654 distinct states found (3,256,179 ds/min), 335,367,626 states left on queue.
Progress(39) at 2026-07-19 15:16:19: 23,322,893,837 states generated (27,023,156 s/min), 3,219,690,529 distinct states found (3,095,875 ds/min), 335,045,199 states left on queue.
Progress(39) at 2026-07-19 15:17:19: 23,349,972,882 states generated (27,079,045 s/min), 3,222,931,010 distinct states found (3,240,481 ds/min), 334,749,845 states left on queue.
Progress(39) at 2026-07-19 15:18:19: 23,377,613,878 states generated (27,640,996 s/min), 3,226,007,641 distinct states found (3,076,631 ds/min), 334,304,029 states left on queue.
Progress(39) at 2026-07-19 15:19:19: 23,407,622,194 states generated (30,008,316 s/min), 3,229,693,101 distinct states found (3,685,460 ds/min), 334,308,878 states left on queue.
Progress(39) at 2026-07-19 15:20:19: 23,434,539,619 states generated (26,917,425 s/min), 3,232,990,591 distinct states found (3,297,490 ds/min), 334,082,131 states left on queue.
Progress(39) at 2026-07-19 15:21:19: 23,462,107,969 states generated (27,568,350 s/min), 3,236,264,807 distinct states found (3,274,216 ds/min), 333,695,489 states left on queue.
Progress(39) at 2026-07-19 15:22:19: 23,491,115,868 states generated (29,007,899 s/min), 3,239,790,673 distinct states found (3,525,866 ds/min), 333,550,018 states left on queue.
Progress(39) at 2026-07-19 15:23:19: 23,519,600,296 states generated (28,484,428 s/min), 3,243,113,963 distinct states found (3,323,290 ds/min), 333,165,147 states left on queue.
Progress(39) at 2026-07-19 15:24:19: 23,547,773,175 states generated (28,172,879 s/min), 3,246,354,449 distinct states found (3,240,486 ds/min), 333,015,351 states left on queue.
Progress(40) at 2026-07-19 15:25:19: 23,575,679,848 states generated (27,906,673 s/min), 3,249,617,739 distinct states found (3,263,290 ds/min), 332,887,622 states left on queue.
Progress(40) at 2026-07-19 15:26:19: 23,602,828,529 states generated (27,148,681 s/min), 3,252,853,123 distinct states found (3,235,384 ds/min), 332,829,209 states left on queue.
Progress(40) at 2026-07-19 15:27:19: 23,629,987,246 states generated (27,158,717 s/min), 3,256,038,979 distinct states found (3,185,856 ds/min), 332,535,854 states left on queue.
Progress(40) at 2026-07-19 15:28:19: 23,657,667,083 states generated (27,679,837 s/min), 3,259,495,878 distinct states found (3,456,899 ds/min), 332,499,689 states left on queue.
Progress(40) at 2026-07-19 15:29:19: 23,686,079,523 states generated (28,412,440 s/min), 3,263,290,789 distinct states found (3,794,911 ds/min), 333,060,847 states left on queue.
Progress(40) at 2026-07-19 15:30:19: 23,714,197,659 states generated (28,118,136 s/min), 3,266,855,819 distinct states found (3,565,030 ds/min), 333,349,753 states left on queue.
Checkpointing of run states/26-07-19-00-57-33
Checkpointing completed at (2026-07-19 15:31:22)
Progress(40) at 2026-07-19 15:31:22: 23,742,095,717 states generated (27,898,058 s/min), 3,270,276,342 distinct states found (3,420,523 ds/min), 333,456,942 states left on queue.
Progress(40) at 2026-07-19 15:32:22: 23,768,965,815 states generated (26,870,098 s/min), 3,273,683,639 distinct states found (3,407,297 ds/min), 333,912,546 states left on queue.
Progress(40) at 2026-07-19 15:33:22: 23,795,052,080 states generated (26,086,265 s/min), 3,277,052,511 distinct states found (3,368,872 ds/min), 334,301,787 states left on queue.
Progress(40) at 2026-07-19 15:34:22: 23,820,283,153 states generated (25,231,073 s/min), 3,280,090,576 distinct states found (3,038,065 ds/min), 334,278,223 states left on queue.
Progress(40) at 2026-07-19 15:35:22: 23,846,261,689 states generated (25,978,536 s/min), 3,283,621,000 distinct states found (3,530,424 ds/min), 334,749,048 states left on queue.
Progress(40) at 2026-07-19 15:36:22: 23,871,780,414 states generated (25,518,725 s/min), 3,286,806,977 distinct states found (3,185,977 ds/min), 334,944,984 states left on queue.
Progress(40) at 2026-07-19 15:37:22: 23,898,234,682 states generated (26,454,268 s/min), 3,290,172,018 distinct states found (3,365,041 ds/min), 335,207,801 states left on queue.
Progress(40) at 2026-07-19 15:38:22: 23,925,534,585 states generated (27,299,903 s/min), 3,293,628,099 distinct states found (3,456,081 ds/min), 335,479,450 states left on queue.
Progress(40) at 2026-07-19 15:39:22: 23,951,945,136 states generated (26,410,551 s/min), 3,296,909,055 distinct states found (3,280,956 ds/min), 335,696,315 states left on queue.
Progress(40) at 2026-07-19 15:40:22: 23,977,865,452 states generated (25,920,316 s/min), 3,300,151,738 distinct states found (3,242,683 ds/min), 335,763,293 states left on queue.
Progress(40) at 2026-07-19 15:41:22: 24,004,406,301 states generated (26,540,849 s/min), 3,303,539,109 distinct states found (3,387,371 ds/min), 335,753,745 states left on queue.
Progress(40) at 2026-07-19 15:42:22: 24,030,623,630 states generated (26,217,329 s/min), 3,306,980,221 distinct states found (3,441,112 ds/min), 335,726,048 states left on queue.
Progress(40) at 2026-07-19 15:43:22: 24,056,599,065 states generated (25,975,435 s/min), 3,310,527,149 distinct states found (3,546,928 ds/min), 335,923,874 states left on queue.
Progress(40) at 2026-07-19 15:44:22: 24,082,647,563 states generated (26,048,498 s/min), 3,313,795,429 distinct states found (3,268,280 ds/min), 335,882,842 states left on queue.
Progress(40) at 2026-07-19 15:45:22: 24,110,831,009 states generated (28,183,446 s/min), 3,316,816,681 distinct states found (3,021,252 ds/min), 335,341,125 states left on queue.
Progress(40) at 2026-07-19 15:46:22: 24,137,621,598 states generated (26,790,589 s/min), 3,320,071,823 distinct states found (3,255,142 ds/min), 335,082,059 states left on queue.
Progress(40) at 2026-07-19 15:47:22: 24,164,905,316 states generated (27,283,718 s/min), 3,323,215,395 distinct states found (3,143,572 ds/min), 334,743,690 states left on queue.
Progress(40) at 2026-07-19 15:48:22: 24,191,404,563 states generated (26,499,247 s/min), 3,326,348,214 distinct states found (3,132,819 ds/min), 334,538,596 states left on queue.
Progress(40) at 2026-07-19 15:49:38: 24,210,745,758 states generated (19,341,195 s/min), 3,328,727,650 distinct states found (2,379,436 ds/min), 334,619,514 states left on queue.
Progress(40) at 2026-07-19 15:50:38: 24,237,167,443 states generated (26,421,685 s/min), 3,331,930,587 distinct states found (3,202,937 ds/min), 334,524,249 states left on queue.
Progress(40) at 2026-07-19 15:51:38: 24,266,278,790 states generated (29,111,347 s/min), 3,335,314,526 distinct states found (3,383,939 ds/min), 334,414,367 states left on queue.
Progress(40) at 2026-07-19 15:52:38: 24,295,912,979 states generated (29,634,189 s/min), 3,338,713,334 distinct states found (3,398,808 ds/min), 334,466,872 states left on queue.
Progress(40) at 2026-07-19 15:53:38: 24,325,065,959 states generated (29,152,980 s/min), 3,342,096,879 distinct states found (3,383,545 ds/min), 334,438,899 states left on queue.
Progress(40) at 2026-07-19 15:54:38: 24,353,994,694 states generated (28,928,735 s/min), 3,345,450,211 distinct states found (3,353,332 ds/min), 334,300,139 states left on queue.
Progress(40) at 2026-07-19 15:55:38: 24,382,532,517 states generated (28,537,823 s/min), 3,348,705,518 distinct states found (3,255,307 ds/min), 334,075,971 states left on queue.
Progress(40) at 2026-07-19 15:56:38: 24,409,934,814 states generated (27,402,297 s/min), 3,351,763,841 distinct states found (3,058,323 ds/min), 333,800,783 states left on queue.
Progress(40) at 2026-07-19 15:57:38: 24,436,341,132 states generated (26,406,318 s/min), 3,354,795,352 distinct states found (3,031,511 ds/min), 333,683,261 states left on queue.
Progress(40) at 2026-07-19 15:58:38: 24,463,251,511 states generated (26,910,379 s/min), 3,357,897,477 distinct states found (3,102,125 ds/min), 333,457,194 states left on queue.
Progress(40) at 2026-07-19 15:59:38: 24,489,824,695 states generated (26,573,184 s/min), 3,360,905,195 distinct states found (3,007,718 ds/min), 333,128,410 states left on queue.
Progress(40) at 2026-07-19 16:00:38: 24,517,704,088 states generated (27,879,393 s/min), 3,364,187,878 distinct states found (3,282,683 ds/min), 333,211,749 states left on queue.
Checkpointing of run states/26-07-19-00-57-33
Checkpointing completed at (2026-07-19 16:01:41)
Progress(40) at 2026-07-19 16:01:41: 24,546,833,173 states generated (29,129,085 s/min), 3,367,578,896 distinct states found (3,391,018 ds/min), 333,486,854 states left on queue.
Progress(40) at 2026-07-19 16:02:41: 24,573,774,898 states generated (26,941,725 s/min), 3,370,582,949 distinct states found (3,004,053 ds/min), 333,467,109 states left on queue.
Progress(40) at 2026-07-19 16:03:41: 24,601,936,120 states generated (28,161,222 s/min), 3,373,848,419 distinct states found (3,265,470 ds/min), 333,562,370 states left on queue.
Progress(40) at 2026-07-19 16:04:41: 24,630,831,584 states generated (28,895,464 s/min), 3,377,508,286 distinct states found (3,659,867 ds/min), 333,983,076 states left on queue.
Progress(40) at 2026-07-19 16:05:41: 24,658,896,191 states generated (28,064,607 s/min), 3,380,928,866 distinct states found (3,420,580 ds/min), 334,012,056 states left on queue.
Progress(40) at 2026-07-19 16:06:41: 24,687,059,758 states generated (28,163,567 s/min), 3,384,212,814 distinct states found (3,283,948 ds/min), 333,993,400 states left on queue.
Progress(40) at 2026-07-19 16:07:41: 24,714,037,482 states generated (26,977,724 s/min), 3,387,711,911 distinct states found (3,499,097 ds/min), 334,281,765 states left on queue.
Progress(40) at 2026-07-19 16:08:41: 24,741,166,713 states generated (27,129,231 s/min), 3,390,867,654 distinct states found (3,155,743 ds/min), 334,227,564 states left on queue.
Progress(40) at 2026-07-19 16:09:41: 24,768,141,844 states generated (26,975,131 s/min), 3,393,952,564 distinct states found (3,084,910 ds/min), 333,992,138 states left on queue.
Progress(40) at 2026-07-19 16:10:41: 24,794,986,927 states generated (26,845,083 s/min), 3,397,108,129 distinct states found (3,155,565 ds/min), 333,840,621 states left on queue.
Progress(40) at 2026-07-19 16:11:41: 24,823,044,497 states generated (28,057,570 s/min), 3,400,798,967 distinct states found (3,690,838 ds/min), 334,312,777 states left on queue.
Progress(40) at 2026-07-19 16:12:41: 24,850,026,907 states generated (26,982,410 s/min), 3,404,038,243 distinct states found (3,239,276 ds/min), 334,319,238 states left on queue.
Progress(40) at 2026-07-19 16:13:41: 24,876,962,254 states generated (26,935,347 s/min), 3,406,862,316 distinct states found (2,824,073 ds/min), 333,841,146 states left on queue.
Progress(40) at 2026-07-19 16:14:41: 24,902,926,036 states generated (25,963,782 s/min), 3,409,720,540 distinct states found (2,858,224 ds/min), 333,616,585 states left on queue.
Progress(40) at 2026-07-19 16:15:41: 24,930,041,188 states generated (27,115,152 s/min), 3,412,806,739 distinct states found (3,086,199 ds/min), 333,288,729 states left on queue.
Progress(40) at 2026-07-19 16:16:41: 24,957,643,402 states generated (27,602,214 s/min), 3,415,952,438 distinct states found (3,145,699 ds/min), 332,923,493 states left on queue.
Progress(40) at 2026-07-19 16:17:41: 24,985,784,749 states generated (28,141,347 s/min), 3,419,753,608 distinct states found (3,801,170 ds/min), 333,255,483 states left on queue.
Progress(40) at 2026-07-19 16:18:41: 25,013,267,504 states generated (27,482,755 s/min), 3,423,159,947 distinct states found (3,406,339 ds/min), 333,172,250 states left on queue.
Progress(40) at 2026-07-19 16:19:41: 25,041,302,388 states generated (28,034,884 s/min), 3,426,719,830 distinct states found (3,559,883 ds/min), 333,122,255 states left on queue.
Progress(40) at 2026-07-19 16:20:41: 25,068,937,608 states generated (27,635,220 s/min), 3,429,924,223 distinct states found (3,204,393 ds/min), 332,822,389 states left on queue.
Progress(40) at 2026-07-19 16:21:41: 25,094,944,958 states generated (26,007,350 s/min), 3,432,744,490 distinct states found (2,820,267 ds/min), 332,575,621 states left on queue.
Progress(40) at 2026-07-19 16:22:41: 25,120,914,382 states generated (25,969,424 s/min), 3,435,569,715 distinct states found (2,825,225 ds/min), 332,175,660 states left on queue.
Progress(40) at 2026-07-19 16:23:41: 25,147,031,494 states generated (26,117,112 s/min), 3,438,752,615 distinct states found (3,182,900 ds/min), 332,376,520 states left on queue.
Progress(40) at 2026-07-19 16:24:41: 25,173,083,086 states generated (26,051,592 s/min), 3,441,576,892 distinct states found (2,824,277 ds/min), 331,957,847 states left on queue.
Progress(40) at 2026-07-19 16:25:41: 25,199,547,193 states generated (26,464,107 s/min), 3,445,032,564 distinct states found (3,455,672 ds/min), 332,196,302 states left on queue.
Progress(40) at 2026-07-19 16:26:41: 25,225,414,323 states generated (25,867,130 s/min), 3,447,937,355 distinct states found (2,904,791 ds/min), 331,940,951 states left on queue.
Progress(40) at 2026-07-19 16:27:41: 25,251,968,914 states generated (26,554,591 s/min), 3,451,220,511 distinct states found (3,283,156 ds/min), 332,212,458 states left on queue.
Progress(40) at 2026-07-19 16:28:41: 25,278,273,439 states generated (26,304,525 s/min), 3,454,442,845 distinct states found (3,222,334 ds/min), 332,582,095 states left on queue.
Progress(40) at 2026-07-19 16:29:41: 25,304,924,554 states generated (26,651,115 s/min), 3,457,470,394 distinct states found (3,027,549 ds/min), 332,304,137 states left on queue.
Progress(40) at 2026-07-19 16:30:41: 25,331,462,822 states generated (26,538,268 s/min), 3,460,449,541 distinct states found (2,979,147 ds/min), 331,821,480 states left on queue.
Checkpointing of run states/26-07-19-00-57-33
Checkpointing completed at (2026-07-19 16:31:44)
Progress(40) at 2026-07-19 16:31:44: 25,360,726,126 states generated (29,263,304 s/min), 3,464,143,304 distinct states found (3,693,763 ds/min), 331,747,298 states left on queue.
Progress(40) at 2026-07-19 16:32:44: 25,387,177,851 states generated (26,451,725 s/min), 3,467,565,105 distinct states found (3,421,801 ds/min), 331,791,248 states left on queue.
Progress(40) at 2026-07-19 16:33:44: 25,412,368,299 states generated (25,190,448 s/min), 3,470,617,044 distinct states found (3,051,939 ds/min), 331,591,223 states left on queue.
Progress(40) at 2026-07-19 16:34:44: 25,438,129,703 states generated (25,761,404 s/min), 3,473,418,085 distinct states found (2,801,041 ds/min), 331,120,549 states left on queue.
Progress(40) at 2026-07-19 16:35:44: 25,463,544,244 states generated (25,414,541 s/min), 3,476,216,306 distinct states found (2,798,221 ds/min), 330,657,446 states left on queue.
Progress(40) at 2026-07-19 16:36:44: 25,488,873,971 states generated (25,329,727 s/min), 3,479,059,828 distinct states found (2,843,522 ds/min), 330,173,929 states left on queue.
Progress(40) at 2026-07-19 16:38:12: 25,512,036,262 states generated (23,162,291 s/min), 3,481,840,844 distinct states found (2,781,016 ds/min), 329,982,195 states left on queue.
Progress(40) at 2026-07-19 16:39:12: 25,538,242,381 states generated (26,206,119 s/min), 3,484,903,888 distinct states found (3,063,044 ds/min), 329,785,460 states left on queue.
Progress(40) at 2026-07-19 16:40:12: 25,565,089,715 states generated (26,847,334 s/min), 3,487,859,721 distinct states found (2,955,833 ds/min), 329,477,464 states left on queue.
Progress(40) at 2026-07-19 16:41:12: 25,593,920,743 states generated (28,831,028 s/min), 3,491,094,177 distinct states found (3,234,456 ds/min), 329,458,087 states left on queue.
Progress(40) at 2026-07-19 16:42:12: 25,621,927,925 states generated (28,007,182 s/min), 3,494,247,437 distinct states found (3,153,260 ds/min), 329,216,436 states left on queue.
Progress(40) at 2026-07-19 16:43:12: 25,650,377,508 states generated (28,449,583 s/min), 3,497,427,577 distinct states found (3,180,140 ds/min), 329,038,018 states left on queue.
Progress(40) at 2026-07-19 16:44:12: 25,678,366,794 states generated (27,989,286 s/min), 3,500,667,955 distinct states found (3,240,378 ds/min), 329,128,611 states left on queue.
Progress(40) at 2026-07-19 16:45:12: 25,706,194,839 states generated (27,828,045 s/min), 3,503,642,886 distinct states found (2,974,931 ds/min), 328,811,219 states left on queue.
Progress(40) at 2026-07-19 16:46:12: 25,733,683,918 states generated (27,489,079 s/min), 3,506,731,068 distinct states found (3,088,182 ds/min), 328,674,153 states left on queue.
Progress(40) at 2026-07-19 16:47:12: 25,762,149,287 states generated (28,465,369 s/min), 3,509,912,732 distinct states found (3,181,664 ds/min), 328,224,983 states left on queue.
Progress(40) at 2026-07-19 16:48:12: 25,790,164,604 states generated (28,015,317 s/min), 3,513,085,130 distinct states found (3,172,398 ds/min), 327,952,758 states left on queue.
Progress(40) at 2026-07-19 16:49:12: 25,816,559,165 states generated (26,394,561 s/min), 3,515,998,131 distinct states found (2,913,001 ds/min), 327,561,866 states left on queue.
Progress(40) at 2026-07-19 16:50:12: 25,844,751,654 states generated (28,192,489 s/min), 3,519,065,381 distinct states found (3,067,250 ds/min), 327,296,130 states left on queue.
Progress(40) at 2026-07-19 16:51:12: 25,873,241,883 states generated (28,490,229 s/min), 3,522,525,159 distinct states found (3,459,778 ds/min), 327,310,123 states left on queue.
Progress(40) at 2026-07-19 16:52:12: 25,901,007,996 states generated (27,766,113 s/min), 3,525,458,924 distinct states found (2,933,765 ds/min), 326,856,130 states left on queue.
Progress(40) at 2026-07-19 16:53:12: 25,928,358,385 states generated (27,350,389 s/min), 3,528,367,306 distinct states found (2,908,382 ds/min), 326,388,991 states left on queue.
Progress(40) at 2026-07-19 16:54:12: 25,955,275,790 states generated (26,917,405 s/min), 3,531,427,316 distinct states found (3,060,010 ds/min), 326,201,915 states left on queue.
Progress(40) at 2026-07-19 16:55:12: 25,980,660,234 states generated (25,384,444 s/min), 3,534,737,391 distinct states found (3,310,075 ds/min), 326,231,579 states left on queue.
Progress(40) at 2026-07-19 16:56:12: 26,007,202,712 states generated (26,542,478 s/min), 3,537,973,841 distinct states found (3,236,450 ds/min), 325,941,236 states left on queue.
Progress(40) at 2026-07-19 16:57:12: 26,034,225,528 states generated (27,022,816 s/min), 3,541,107,489 distinct states found (3,133,648 ds/min), 325,743,729 states left on queue.
Progress(40) at 2026-07-19 16:58:12: 26,061,393,920 states generated (27,168,392 s/min), 3,544,232,118 distinct states found (3,124,629 ds/min), 325,647,378 states left on queue.
Progress(40) at 2026-07-19 16:59:12: 26,088,223,755 states generated (26,829,835 s/min), 3,547,316,890 distinct states found (3,084,772 ds/min), 325,215,942 states left on queue.
Progress(40) at 2026-07-19 17:00:12: 26,115,559,087 states generated (27,335,332 s/min), 3,550,307,045 distinct states found (2,990,155 ds/min), 324,698,976 states left on queue.
Progress(40) at 2026-07-19 17:01:12: 26,145,799,233 states generated (30,240,146 s/min), 3,553,866,395 distinct states found (3,559,350 ds/min), 324,568,627 states left on queue.
Checkpointing of run states/26-07-19-00-57-33
Checkpointing completed at (2026-07-19 17:02:14)
Progress(40) at 2026-07-19 17:02:14: 26,173,971,575 states generated (28,172,342 s/min), 3,557,230,622 distinct states found (3,364,227 ds/min), 324,248,518 states left on queue.
Progress(40) at 2026-07-19 17:03:15: 26,201,585,170 states generated (27,613,595 s/min), 3,560,379,652 distinct states found (3,149,030 ds/min), 323,795,700 states left on queue.
Progress(40) at 2026-07-19 17:04:15: 26,230,403,144 states generated (28,817,974 s/min), 3,563,823,198 distinct states found (3,443,546 ds/min), 323,564,495 states left on queue.
Progress(40) at 2026-07-19 17:05:15: 26,258,603,394 states generated (28,200,250 s/min), 3,567,060,037 distinct states found (3,236,839 ds/min), 323,188,424 states left on queue.
Progress(41) at 2026-07-19 17:06:15: 26,287,058,174 states generated (28,454,780 s/min), 3,570,201,122 distinct states found (3,141,085 ds/min), 322,899,313 states left on queue.
Progress(41) at 2026-07-19 17:07:15: 26,314,185,914 states generated (27,127,740 s/min), 3,573,580,642 distinct states found (3,379,520 ds/min), 323,030,936 states left on queue.
Progress(41) at 2026-07-19 17:08:15: 26,341,260,686 states generated (27,074,772 s/min), 3,576,505,715 distinct states found (2,925,073 ds/min), 322,628,799 states left on queue.
Progress(41) at 2026-07-19 17:09:15: 26,368,412,886 states generated (27,152,200 s/min), 3,579,721,676 distinct states found (3,215,961 ds/min), 322,262,948 states left on queue.
Progress(41) at 2026-07-19 17:10:15: 26,396,748,041 states generated (28,335,155 s/min), 3,583,444,030 distinct states found (3,722,354 ds/min), 322,629,147 states left on queue.
Progress(41) at 2026-07-19 17:11:15: 26,425,115,875 states generated (28,367,834 s/min), 3,586,977,924 distinct states found (3,533,894 ds/min), 322,894,997 states left on queue.
Progress(41) at 2026-07-19 17:12:15: 26,452,816,912 states generated (27,701,037 s/min), 3,590,356,518 distinct states found (3,378,594 ds/min), 323,018,997 states left on queue.
Progress(41) at 2026-07-19 17:13:15: 26,479,025,727 states generated (26,208,815 s/min), 3,593,512,192 distinct states found (3,155,674 ds/min), 323,086,786 states left on queue.
Progress(41) at 2026-07-19 17:14:15: 26,505,900,352 states generated (26,874,625 s/min), 3,596,796,026 distinct states found (3,283,834 ds/min), 323,428,464 states left on queue.
Progress(41) at 2026-07-19 17:15:15: 26,532,056,264 states generated (26,155,912 s/min), 3,600,013,125 distinct states found (3,217,099 ds/min), 323,671,141 states left on queue.
Progress(41) at 2026-07-19 17:16:15: 26,557,173,547 states generated (25,117,283 s/min), 3,603,082,782 distinct states found (3,069,657 ds/min), 323,727,605 states left on queue.
Progress(41) at 2026-07-19 17:17:15: 26,583,322,778 states generated (26,149,231 s/min), 3,606,459,535 distinct states found (3,376,753 ds/min), 323,937,258 states left on queue.
Progress(41) at 2026-07-19 17:18:15: 26,608,736,005 states generated (25,413,227 s/min), 3,609,555,219 distinct states found (3,095,684 ds/min), 324,055,733 states left on queue.
Progress(41) at 2026-07-19 17:19:15: 26,634,617,178 states generated (25,881,173 s/min), 3,612,712,267 distinct states found (3,157,048 ds/min), 324,130,596 states left on queue.
Progress(41) at 2026-07-19 17:20:15: 26,661,349,635 states generated (26,732,457 s/min), 3,616,250,816 distinct states found (3,538,549 ds/min), 324,585,438 states left on queue.
Progress(41) at 2026-07-19 17:21:15: 26,672,851,048 states generated (11,501,413 s/min), 3,617,622,803 distinct states found (1,371,987 ds/min), 324,629,990 states left on queue.
Progress(41) at 2026-07-19 17:22:15: 26,699,277,243 states generated (26,426,195 s/min), 3,620,817,063 distinct states found (3,194,260 ds/min), 324,733,530 states left on queue.
Progress(41) at 2026-07-19 17:23:15: 26,725,142,506 states generated (25,865,263 s/min), 3,623,894,328 distinct states found (3,077,265 ds/min), 324,668,127 states left on queue.
Progress(41) at 2026-07-19 17:24:15: 26,751,443,130 states generated (26,300,624 s/min), 3,627,107,649 distinct states found (3,213,321 ds/min), 324,605,650 states left on queue.
Progress(41) at 2026-07-19 17:25:15: 26,777,545,407 states generated (26,102,277 s/min), 3,630,319,627 distinct states found (3,211,978 ds/min), 324,317,494 states left on queue.
Progress(41) at 2026-07-19 17:26:15: 26,803,732,831 states generated (26,187,424 s/min), 3,634,019,578 distinct states found (3,699,951 ds/min), 324,651,288 states left on queue.
Progress(41) at 2026-07-19 17:27:15: 26,829,213,598 states generated (25,480,767 s/min), 3,637,114,795 distinct states found (3,095,217 ds/min), 324,507,247 states left on queue.
Progress(41) at 2026-07-19 17:28:15: 26,856,380,843 states generated (27,167,245 s/min), 3,640,085,909 distinct states found (2,971,114 ds/min), 324,000,021 states left on queue.
Progress(41) at 2026-07-19 17:29:15: 26,883,492,565 states generated (27,111,722 s/min), 3,643,219,861 distinct states found (3,133,952 ds/min), 323,644,797 states left on queue.
Progress(41) at 2026-07-19 17:30:15: 26,910,505,050 states generated (27,012,485 s/min), 3,646,238,481 distinct states found (3,018,620 ds/min), 323,223,345 states left on queue.
Progress(41) at 2026-07-19 17:31:15: 26,937,091,849 states generated (26,586,799 s/min), 3,649,321,075 distinct states found (3,082,594 ds/min), 322,969,808 states left on queue.
Checkpointing of run states/26-07-19-00-57-33
Checkpointing completed at (2026-07-19 17:32:18)
Progress(41) at 2026-07-19 17:32:18: 26,965,341,443 states generated (28,249,594 s/min), 3,652,676,413 distinct states found (3,355,338 ds/min), 322,974,634 states left on queue.
Progress(41) at 2026-07-19 17:33:18: 26,991,913,304 states generated (26,571,861 s/min), 3,655,796,967 distinct states found (3,120,554 ds/min), 322,673,399 states left on queue.
Progress(41) at 2026-07-19 17:34:18: 27,021,949,882 states generated (30,036,578 s/min), 3,659,150,078 distinct states found (3,353,111 ds/min), 322,651,295 states left on queue.
Progress(41) at 2026-07-19 17:35:18: 27,051,025,907 states generated (29,076,025 s/min), 3,662,376,992 distinct states found (3,226,914 ds/min), 322,565,920 states left on queue.
Progress(41) at 2026-07-19 17:36:18: 27,080,306,873 states generated (29,280,966 s/min), 3,665,758,025 distinct states found (3,381,033 ds/min), 322,443,023 states left on queue.
Progress(41) at 2026-07-19 17:37:18: 27,109,295,289 states generated (28,988,416 s/min), 3,668,993,336 distinct states found (3,235,311 ds/min), 322,170,653 states left on queue.
Progress(41) at 2026-07-19 17:38:18: 27,136,966,990 states generated (27,671,701 s/min), 3,672,025,033 distinct states found (3,031,697 ds/min), 321,800,022 states left on queue.
Progress(41) at 2026-07-19 17:39:18: 27,164,034,786 states generated (27,067,796 s/min), 3,675,024,029 distinct states found (2,998,996 ds/min), 321,609,410 states left on queue.
Progress(41) at 2026-07-19 17:40:18: 27,190,332,722 states generated (26,297,936 s/min), 3,677,914,400 distinct states found (2,890,371 ds/min), 321,368,124 states left on queue.
Progress(41) at 2026-07-19 17:41:18: 27,217,056,141 states generated (26,723,419 s/min), 3,680,894,676 distinct states found (2,980,276 ds/min), 320,977,127 states left on queue.
Progress(41) at 2026-07-19 17:42:18: 27,244,395,562 states generated (27,339,421 s/min), 3,683,962,868 distinct states found (3,068,192 ds/min), 320,774,425 states left on queue.
Progress(41) at 2026-07-19 17:43:18: 27,272,159,740 states generated (27,764,178 s/min), 3,687,170,640 distinct states found (3,207,772 ds/min), 320,994,797 states left on queue.
Progress(41) at 2026-07-19 17:44:18: 27,299,447,890 states generated (27,288,150 s/min), 3,690,269,365 distinct states found (3,098,725 ds/min), 321,147,687 states left on queue.
Progress(41) at 2026-07-19 17:45:18: 27,326,728,908 states generated (27,281,018 s/min), 3,693,356,564 distinct states found (3,087,199 ds/min), 321,143,939 states left on queue.
Progress(41) at 2026-07-19 17:46:18: 27,355,616,439 states generated (28,887,531 s/min), 3,696,802,581 distinct states found (3,446,017 ds/min), 321,311,425 states left on queue.
Progress(41) at 2026-07-19 17:47:18: 27,384,436,879 states generated (28,820,440 s/min), 3,700,319,279 distinct states found (3,516,698 ds/min), 321,508,003 states left on queue.
Progress(41) at 2026-07-19 17:48:18: 27,412,202,202 states generated (27,765,323 s/min), 3,703,542,696 distinct states found (3,223,417 ds/min), 321,405,106 states left on queue.
Progress(41) at 2026-07-19 17:49:18: 27,440,230,601 states generated (28,028,399 s/min), 3,706,837,244 distinct states found (3,294,548 ds/min), 321,351,772 states left on queue.
Progress(41) at 2026-07-19 17:50:18: 27,467,106,879 states generated (26,876,278 s/min), 3,710,090,536 distinct states found (3,253,292 ds/min), 321,416,739 states left on queue.
Progress(41) at 2026-07-19 17:51:18: 27,493,911,633 states generated (26,804,754 s/min), 3,713,134,244 distinct states found (3,043,708 ds/min), 321,287,621 states left on queue.
Progress(41) at 2026-07-19 17:52:18: 27,520,571,115 states generated (26,659,482 s/min), 3,716,051,536 distinct states found (2,917,292 ds/min), 320,865,312 states left on queue.
Progress(41) at 2026-07-19 17:53:18: 27,548,220,054 states generated (27,648,939 s/min), 3,719,563,366 distinct states found (3,511,830 ds/min), 321,082,473 states left on queue.
Progress(41) at 2026-07-19 17:54:18: 27,575,556,124 states generated (27,336,070 s/min), 3,722,865,998 distinct states found (3,302,632 ds/min), 321,160,204 states left on queue.
Progress(41) at 2026-07-19 17:55:18: 27,602,879,209 states generated (27,323,085 s/min), 3,725,955,581 distinct states found (3,089,583 ds/min), 320,988,347 states left on queue.
Progress(41) at 2026-07-19 17:56:18: 27,629,183,754 states generated (26,304,545 s/min), 3,728,622,887 distinct states found (2,667,306 ds/min), 320,492,312 states left on queue.
Progress(41) at 2026-07-19 17:57:18: 27,655,992,338 states generated (26,808,584 s/min), 3,731,577,217 distinct states found (2,954,330 ds/min), 320,195,197 states left on queue.
Progress(41) at 2026-07-19 17:58:18: 27,682,614,709 states generated (26,622,371 s/min), 3,734,426,451 distinct states found (2,849,234 ds/min), 319,618,420 states left on queue.
Progress(41) at 2026-07-19 17:59:18: 27,711,075,049 states generated (28,460,340 s/min), 3,738,157,621 distinct states found (3,731,170 ds/min), 319,720,782 states left on queue.
Progress(41) at 2026-07-19 18:00:48: 27,731,019,329 states generated (19,944,280 s/min), 3,740,686,497 distinct states found (2,528,876 ds/min), 319,768,951 states left on queue.
Progress(41) at 2026-07-19 18:01:48: 27,758,888,215 states generated (27,868,886 s/min), 3,744,036,937 distinct states found (3,350,440 ds/min), 319,607,383 states left on queue.
Checkpointing of run states/26-07-19-00-57-33
Checkpointing completed at (2026-07-19 18:02:51)
Progress(41) at 2026-07-19 18:02:51: 27,788,102,153 states generated (29,213,938 s/min), 3,747,591,982 distinct states found (3,555,045 ds/min), 319,381,906 states left on queue.
Progress(41) at 2026-07-19 18:03:51: 27,814,671,684 states generated (26,569,531 s/min), 3,750,575,220 distinct states found (2,983,238 ds/min), 319,141,101 states left on queue.
Progress(41) at 2026-07-19 18:04:51: 27,840,432,038 states generated (25,760,354 s/min), 3,753,127,412 distinct states found (2,552,192 ds/min), 318,524,842 states left on queue.
Progress(41) at 2026-07-19 18:05:51: 27,866,635,749 states generated (26,203,711 s/min), 3,756,239,149 distinct states found (3,111,737 ds/min), 318,587,552 states left on queue.
Progress(41) at 2026-07-19 18:06:51: 27,892,676,667 states generated (26,040,918 s/min), 3,759,060,965 distinct states found (2,821,816 ds/min), 318,350,625 states left on queue.
Progress(41) at 2026-07-19 18:07:51: 27,918,912,900 states generated (26,236,233 s/min), 3,762,285,353 distinct states found (3,224,388 ds/min), 318,296,792 states left on queue.
Progress(41) at 2026-07-19 18:08:51: 27,944,729,274 states generated (25,816,374 s/min), 3,765,222,229 distinct states found (2,936,876 ds/min), 318,094,288 states left on queue.
Progress(41) at 2026-07-19 18:09:51: 27,971,353,152 states generated (26,623,878 s/min), 3,768,413,716 distinct states found (3,191,487 ds/min), 318,241,165 states left on queue.
Progress(41) at 2026-07-19 18:10:51: 27,997,561,642 states generated (26,208,490 s/min), 3,771,569,440 distinct states found (3,155,724 ds/min), 318,487,155 states left on queue.
Progress(41) at 2026-07-19 18:11:51: 28,023,765,588 states generated (26,203,946 s/min), 3,774,610,557 distinct states found (3,041,117 ds/min), 318,576,730 states left on queue.
Progress(41) at 2026-07-19 18:12:51: 28,049,807,578 states generated (26,041,990 s/min), 3,777,406,052 distinct states found (2,795,495 ds/min), 317,926,570 states left on queue.
Progress(41) at 2026-07-19 18:13:51: 28,078,203,879 states generated (28,396,301 s/min), 3,780,709,898 distinct states found (3,303,846 ds/min), 317,598,884 states left on queue.
Progress(41) at 2026-07-19 18:14:51: 28,105,009,060 states generated (26,805,181 s/min), 3,784,120,358 distinct states found (3,410,460 ds/min), 317,593,666 states left on queue.
Progress(41) at 2026-07-19 18:15:51: 28,130,526,599 states generated (25,517,539 s/min), 3,787,275,513 distinct states found (3,155,155 ds/min), 317,464,197 states left on queue.
Progress(41) at 2026-07-19 18:16:51: 28,155,908,505 states generated (25,381,906 s/min), 3,790,009,275 distinct states found (2,733,762 ds/min), 316,975,980 states left on queue.
Progress(41) at 2026-07-19 18:17:51: 28,181,298,182 states generated (25,389,677 s/min), 3,792,718,650 distinct states found (2,709,375 ds/min), 316,416,400 states left on queue.
Progress(41) at 2026-07-19 18:18:51: 28,206,580,495 states generated (25,282,313 s/min), 3,795,469,719 distinct states found (2,751,069 ds/min), 315,836,866 states left on queue.
Progress(41) at 2026-07-19 18:19:51: 28,232,956,580 states generated (26,376,085 s/min), 3,798,607,072 distinct states found (3,137,353 ds/min), 315,664,728 states left on queue.
Progress(41) at 2026-07-19 18:20:51: 28,258,737,685 states generated (25,781,105 s/min), 3,801,475,136 distinct states found (2,868,064 ds/min), 315,308,507 states left on queue.
Progress(41) at 2026-07-19 18:21:51: 28,287,545,515 states generated (28,807,830 s/min), 3,804,601,346 distinct states found (3,126,210 ds/min), 315,164,918 states left on queue.
Progress(41) at 2026-07-19 18:22:51: 28,315,444,353 states generated (27,898,838 s/min), 3,807,556,792 distinct states found (2,955,446 ds/min), 314,894,501 states left on queue.
Progress(41) at 2026-07-19 18:23:51: 28,343,740,412 states generated (28,296,059 s/min), 3,810,759,085 distinct states found (3,202,293 ds/min), 314,623,818 states left on queue.
Progress(41) at 2026-07-19 18:24:51: 28,371,781,923 states generated (28,041,511 s/min), 3,813,885,954 distinct states found (3,126,869 ds/min), 314,550,147 states left on queue.
Progress(41) at 2026-07-19 18:25:51: 28,399,693,591 states generated (27,911,668 s/min), 3,816,819,897 distinct states found (2,933,943 ds/min), 314,281,946 states left on queue.
Progress(41) at 2026-07-19 18:26:51: 28,427,105,330 states generated (27,411,739 s/min), 3,819,781,185 distinct states found (2,961,288 ds/min), 314,047,521 states left on queue.
Progress(41) at 2026-07-19 18:27:51: 28,455,175,928 states generated (28,070,598 s/min), 3,822,857,689 distinct states found (3,076,504 ds/min), 313,597,256 states left on queue.
Progress(41) at 2026-07-19 18:28:51: 28,483,319,383 states generated (28,143,455 s/min), 3,825,914,830 distinct states found (3,057,141 ds/min), 313,186,102 states left on queue.
Progress(41) at 2026-07-19 18:29:51: 28,509,937,666 states generated (26,618,283 s/min), 3,828,795,787 distinct states found (2,880,957 ds/min), 312,766,665 states left on queue.
Progress(41) at 2026-07-19 18:30:51: 28,538,100,165 states generated (28,162,499 s/min), 3,831,822,800 distinct states found (3,027,013 ds/min), 312,459,243 states left on queue.
Progress(41) at 2026-07-19 18:31:51: 28,566,457,060 states generated (28,356,895 s/min), 3,835,162,169 distinct states found (3,339,369 ds/min), 312,341,640 states left on queue.
Checkpointing of run states/26-07-19-00-57-33
Checkpointing completed at (2026-07-19 18:32:54)
Progress(41) at 2026-07-19 18:32:54: 28,595,273,286 states generated (28,816,226 s/min), 3,838,086,587 distinct states found (2,924,418 ds/min), 311,752,075 states left on queue.
Progress(41) at 2026-07-19 18:33:54: 28,622,301,251 states generated (27,027,965 s/min), 3,840,924,575 distinct states found (2,837,988 ds/min), 311,230,012 states left on queue.
Progress(41) at 2026-07-19 18:34:54: 28,648,753,968 states generated (26,452,717 s/min), 3,844,107,071 distinct states found (3,182,496 ds/min), 311,203,862 states left on queue.
Progress(41) at 2026-07-19 18:35:54: 28,674,261,256 states generated (25,507,288 s/min), 3,847,194,473 distinct states found (3,087,402 ds/min), 310,829,133 states left on queue.
Progress(41) at 2026-07-19 18:36:54: 28,701,011,505 states generated (26,750,249 s/min), 3,850,241,574 distinct states found (3,047,101 ds/min), 310,521,432 states left on queue.
Progress(41) at 2026-07-19 18:37:54: 28,728,613,698 states generated (27,602,193 s/min), 3,853,398,179 distinct states found (3,156,605 ds/min), 310,489,524 states left on queue.
Progress(41) at 2026-07-19 18:39:09: 28,745,832,896 states generated (17,219,198 s/min), 3,855,252,344 distinct states found (1,854,165 ds/min), 310,131,125 states left on queue.
Progress(41) at 2026-07-19 18:40:09: 28,773,031,290 states generated (27,198,394 s/min), 3,858,274,893 distinct states found (3,022,549 ds/min), 309,666,516 states left on queue.
Progress(41) at 2026-07-19 18:41:09: 28,801,869,033 states generated (28,837,743 s/min), 3,861,569,663 distinct states found (3,294,770 ds/min), 309,373,789 states left on queue.
Progress(41) at 2026-07-19 18:42:09: 28,830,017,049 states generated (28,148,016 s/min), 3,864,768,003 distinct states found (3,198,340 ds/min), 308,984,253 states left on queue.
Progress(41) at 2026-07-19 18:43:09: 28,857,163,415 states generated (27,146,366 s/min), 3,867,811,402 distinct states found (3,043,399 ds/min), 308,488,088 states left on queue.
Progress(41) at 2026-07-19 18:44:09: 28,885,821,225 states generated (28,657,810 s/min), 3,871,098,621 distinct states found (3,287,219 ds/min), 308,080,006 states left on queue.
Progress(41) at 2026-07-19 18:45:09: 28,914,092,062 states generated (28,270,837 s/min), 3,874,297,195 distinct states found (3,198,574 ds/min), 307,669,742 states left on queue.
Progress(42) at 2026-07-19 18:46:09: 28,942,315,111 states generated (28,223,049 s/min), 3,877,357,709 distinct states found (3,060,514 ds/min), 307,353,812 states left on queue.
Progress(42) at 2026-07-19 18:47:09: 28,969,194,398 states generated (26,879,287 s/min), 3,880,670,418 distinct states found (3,312,709 ds/min), 307,428,142 states left on queue.
Progress(42) at 2026-07-19 18:48:09: 28,996,095,756 states generated (26,901,358 s/min), 3,883,551,960 distinct states found (2,881,542 ds/min), 307,040,209 states left on queue.
Progress(42) at 2026-07-19 18:49:09: 29,023,393,605 states generated (27,297,849 s/min), 3,886,652,903 distinct states found (3,100,943 ds/min), 306,568,136 states left on queue.
Progress(42) at 2026-07-19 18:50:09: 29,051,581,387 states generated (28,187,782 s/min), 3,890,370,033 distinct states found (3,717,130 ds/min), 306,956,022 states left on queue.
Progress(42) at 2026-07-19 18:51:09: 29,079,731,856 states generated (28,150,469 s/min), 3,893,789,251 distinct states found (3,419,218 ds/min), 307,108,068 states left on queue.
Progress(42) at 2026-07-19 18:52:09: 29,107,393,769 states generated (27,661,913 s/min), 3,897,093,562 distinct states found (3,304,311 ds/min), 307,157,907 states left on queue.
Progress(42) at 2026-07-19 18:53:09: 29,133,561,281 states generated (26,167,512 s/min), 3,900,147,450 distinct states found (3,053,888 ds/min), 307,150,266 states left on queue.
Progress(42) at 2026-07-19 18:54:09: 29,160,299,260 states generated (26,737,979 s/min), 3,903,377,748 distinct states found (3,230,298 ds/min), 307,434,324 states left on queue.
Progress(42) at 2026-07-19 18:55:09: 29,186,687,647 states generated (26,388,387 s/min), 3,906,476,942 distinct states found (3,099,194 ds/min), 307,524,775 states left on queue.
Progress(42) at 2026-07-19 18:56:09: 29,212,034,647 states generated (25,347,000 s/min), 3,909,551,276 distinct states found (3,074,334 ds/min), 307,623,863 states left on queue.
Progress(42) at 2026-07-19 18:57:09: 29,237,553,516 states generated (25,518,869 s/min), 3,912,579,282 distinct states found (3,028,006 ds/min), 307,524,776 states left on queue.
Progress(42) at 2026-07-19 18:58:09: 29,263,260,905 states generated (25,707,389 s/min), 3,915,894,144 distinct states found (3,314,862 ds/min), 307,774,575 states left on queue.
Progress(42) at 2026-07-19 18:59:09: 29,288,805,363 states generated (25,544,458 s/min), 3,918,908,251 distinct states found (3,014,107 ds/min), 307,776,699 states left on queue.
Progress(42) at 2026-07-19 19:00:09: 29,315,609,623 states generated (26,804,260 s/min), 3,922,217,434 distinct states found (3,309,183 ds/min), 307,967,363 states left on queue.
Progress(42) at 2026-07-19 19:01:09: 29,342,473,545 states generated (26,863,922 s/min), 3,925,504,535 distinct states found (3,287,101 ds/min), 308,132,919 states left on queue.
Progress(42) at 2026-07-19 19:02:09: 29,368,760,405 states generated (26,286,860 s/min), 3,928,596,356 distinct states found (3,091,821 ds/min), 308,138,443 states left on queue.
Checkpointing of run states/26-07-19-00-57-33
Checkpointing completed at (2026-07-19 19:03:12)
Progress(42) at 2026-07-19 19:03:12: 29,395,905,958 states generated (27,145,553 s/min), 3,931,727,430 distinct states found (3,131,074 ds/min), 307,992,157 states left on queue.
Progress(42) at 2026-07-19 19:04:12: 29,422,175,096 states generated (26,269,138 s/min), 3,934,836,193 distinct states found (3,108,763 ds/min), 307,844,019 states left on queue.
Progress(42) at 2026-07-19 19:05:12: 29,447,995,825 states generated (25,820,729 s/min), 3,937,947,982 distinct states found (3,111,789 ds/min), 307,494,273 states left on queue.
Progress(42) at 2026-07-19 19:06:12: 29,474,168,269 states generated (26,172,444 s/min), 3,941,539,994 distinct states found (3,592,012 ds/min), 307,722,531 states left on queue.
Progress(42) at 2026-07-19 19:07:12: 29,499,590,319 states generated (25,422,050 s/min), 3,944,538,625 distinct states found (2,998,631 ds/min), 307,485,829 states left on queue.
Progress(42) at 2026-07-19 19:08:12: 29,526,791,747 states generated (27,201,428 s/min), 3,947,426,801 distinct states found (2,888,176 ds/min), 306,908,354 states left on queue.
Progress(42) at 2026-07-19 19:09:12: 29,553,640,091 states generated (26,848,344 s/min), 3,950,435,592 distinct states found (3,008,791 ds/min), 306,434,745 states left on queue.
Progress(42) at 2026-07-19 19:10:12: 29,580,810,919 states generated (27,170,828 s/min), 3,953,490,610 distinct states found (3,055,018 ds/min), 306,000,373 states left on queue.
Progress(42) at 2026-07-19 19:11:12: 29,607,026,247 states generated (26,215,328 s/min), 3,956,533,550 distinct states found (3,042,940 ds/min), 305,925,313 states left on queue.
Progress(42) at 2026-07-19 19:12:12: 29,633,422,546 states generated (26,396,299 s/min), 3,959,506,712 distinct states found (2,973,162 ds/min), 305,728,417 states left on queue.
Progress(42) at 2026-07-19 19:13:12: 29,662,060,334 states generated (28,637,788 s/min), 3,962,701,311 distinct states found (3,194,599 ds/min), 305,436,140 states left on queue.
Progress(42) at 2026-07-19 19:14:28: 29,674,830,102 states generated (12,769,768 s/min), 3,964,107,527 distinct states found (1,406,216 ds/min), 305,409,994 states left on queue.
Progress(42) at 2026-07-19 19:15:28: 29,703,930,399 states generated (29,100,297 s/min), 3,967,252,214 distinct states found (3,144,687 ds/min), 305,269,547 states left on queue.
Progress(42) at 2026-07-19 19:16:28: 29,733,002,055 states generated (29,071,656 s/min), 3,970,509,028 distinct states found (3,256,814 ds/min), 305,049,079 states left on queue.
Progress(42) at 2026-07-19 19:17:28: 29,762,056,968 states generated (29,054,913 s/min), 3,973,672,453 distinct states found (3,163,425 ds/min), 304,702,565 states left on queue.
Progress(42) at 2026-07-19 19:18:28: 29,789,658,961 states generated (27,601,993 s/min), 3,976,640,899 distinct states found (2,968,446 ds/min), 304,282,536 states left on queue.
Progress(42) at 2026-07-19 19:19:28: 29,816,406,162 states generated (26,747,201 s/min), 3,979,458,030 distinct states found (2,817,131 ds/min), 303,979,784 states left on queue.
Progress(42) at 2026-07-19 19:20:28: 29,842,939,657 states generated (26,533,495 s/min), 3,982,308,195 distinct states found (2,850,165 ds/min), 303,581,203 states left on queue.
Progress(42) at 2026-07-19 19:21:28: 29,869,276,821 states generated (26,337,164 s/min), 3,985,135,706 distinct states found (2,827,511 ds/min), 303,105,010 states left on queue.
Progress(42) at 2026-07-19 19:22:28: 29,897,378,735 states generated (28,101,914 s/min), 3,988,395,755 distinct states found (3,260,049 ds/min), 303,241,068 states left on queue.
Progress(42) at 2026-07-19 19:23:28: 29,925,003,473 states generated (27,624,738 s/min), 3,991,464,304 distinct states found (3,068,549 ds/min), 303,308,437 states left on queue.
Progress(42) at 2026-07-19 19:24:28: 29,951,964,898 states generated (26,961,425 s/min), 3,994,347,931 distinct states found (2,883,627 ds/min), 303,193,570 states left on queue.
Progress(42) at 2026-07-19 19:25:28: 29,979,490,047 states generated (27,525,149 s/min), 3,997,366,527 distinct states found (3,018,596 ds/min), 303,115,488 states left on queue.
Progress(42) at 2026-07-19 19:26:28: 30,008,682,002 states generated (29,191,955 s/min), 4,000,933,192 distinct states found (3,566,665 ds/min), 303,361,380 states left on queue.
Progress(42) at 2026-07-19 19:27:28: 30,037,304,920 states generated (28,622,918 s/min), 4,004,303,352 distinct states found (3,370,160 ds/min), 303,370,677 states left on queue.
Progress(42) at 2026-07-19 19:28:28: 30,065,009,650 states generated (27,704,730 s/min), 4,007,434,563 distinct states found (3,131,211 ds/min), 303,206,316 states left on queue.
Progress(42) at 2026-07-19 19:29:28: 30,092,753,550 states generated (27,743,900 s/min), 4,010,709,157 distinct states found (3,274,594 ds/min), 303,141,374 states left on queue.
Progress(42) at 2026-07-19 19:30:28: 30,119,532,098 states generated (26,778,548 s/min), 4,013,760,637 distinct states found (3,051,480 ds/min), 303,031,150 states left on queue.
Progress(42) at 2026-07-19 19:31:28: 30,146,301,156 states generated (26,769,058 s/min), 4,016,795,533 distinct states found (3,034,896 ds/min), 302,818,161 states left on queue.
Progress(42) at 2026-07-19 19:32:28: 30,172,977,472 states generated (26,676,316 s/min), 4,019,607,640 distinct states found (2,812,107 ds/min), 302,319,179 states left on queue.
Checkpointing of run states/26-07-19-00-57-33
Checkpointing completed at (2026-07-19 19:33:31)
Progress(42) at 2026-07-19 19:33:31: 30,202,392,069 states generated (29,414,597 s/min), 4,023,385,321 distinct states found (3,777,681 ds/min), 302,644,895 states left on queue.
Progress(42) at 2026-07-19 19:34:31: 30,229,417,287 states generated (27,025,218 s/min), 4,026,471,258 distinct states found (3,085,937 ds/min), 302,529,954 states left on queue.
Progress(42) at 2026-07-19 19:35:31: 30,256,335,319 states generated (26,918,032 s/min), 4,029,292,628 distinct states found (2,821,370 ds/min), 302,049,079 states left on queue.
Progress(42) at 2026-07-19 19:36:31: 30,282,308,556 states generated (25,973,237 s/min), 4,032,006,160 distinct states found (2,713,532 ds/min), 301,662,007 states left on queue.
Progress(42) at 2026-07-19 19:37:31: 30,309,340,135 states generated (27,031,579 s/min), 4,034,817,965 distinct states found (2,811,805 ds/min), 301,043,975 states left on queue.
Progress(42) at 2026-07-19 19:38:31: 30,337,409,774 states generated (28,069,639 s/min), 4,038,343,999 distinct states found (3,526,034 ds/min), 300,987,546 states left on queue.
Progress(42) at 2026-07-19 19:39:31: 30,364,742,301 states generated (27,332,527 s/min), 4,041,657,257 distinct states found (3,313,258 ds/min), 300,903,465 states left on queue.
Progress(42) at 2026-07-19 19:40:31: 30,392,468,997 states generated (27,726,696 s/min), 4,044,965,850 distinct states found (3,308,593 ds/min), 300,696,058 states left on queue.
Progress(42) at 2026-07-19 19:41:31: 30,420,268,134 states generated (27,799,137 s/min), 4,048,216,443 distinct states found (3,250,593 ds/min), 300,365,129 states left on queue.
Progress(42) at 2026-07-19 19:42:31: 30,446,588,331 states generated (26,320,197 s/min), 4,051,040,950 distinct states found (2,824,507 ds/min), 300,021,192 states left on queue.
Progress(42) at 2026-07-19 19:43:31: 30,472,587,903 states generated (25,999,572 s/min), 4,053,702,407 distinct states found (2,661,457 ds/min), 299,533,545 states left on queue.
Progress(42) at 2026-07-19 19:44:31: 30,498,591,175 states generated (26,003,272 s/min), 4,056,735,963 distinct states found (3,033,556 ds/min), 299,573,946 states left on queue.
Progress(42) at 2026-07-19 19:45:31: 30,524,638,110 states generated (26,046,935 s/min), 4,059,527,415 distinct states found (2,791,452 ds/min), 299,170,738 states left on queue.
Progress(42) at 2026-07-19 19:46:31: 30,551,016,419 states generated (26,378,309 s/min), 4,062,751,892 distinct states found (3,224,477 ds/min), 299,194,759 states left on queue.
Progress(42) at 2026-07-19 19:47:31: 30,576,744,537 states generated (25,728,118 s/min), 4,065,484,145 distinct states found (2,732,253 ds/min), 298,798,484 states left on queue.
Progress(42) at 2026-07-19 19:48:31: 30,603,250,192 states generated (26,505,655 s/min), 4,068,683,356 distinct states found (3,199,211 ds/min), 299,016,960 states left on queue.
Progress(42) at 2026-07-19 19:49:32: 30,612,189,035 states generated (8,938,843 s/min), 4,069,732,318 distinct states found (1,048,962 ds/min), 299,053,612 states left on queue.
Progress(42) at 2026-07-19 19:50:32: 30,638,454,331 states generated (26,265,296 s/min), 4,072,757,197 distinct states found (3,024,879 ds/min), 299,246,256 states left on queue.
Progress(42) at 2026-07-19 19:51:33: 30,664,566,969 states generated (26,112,638 s/min), 4,075,551,763 distinct states found (2,794,566 ds/min), 298,707,063 states left on queue.
Progress(42) at 2026-07-19 19:52:33: 30,692,446,783 states generated (27,879,814 s/min), 4,078,647,461 distinct states found (3,095,698 ds/min), 298,245,596 states left on queue.
Progress(42) at 2026-07-19 19:53:33: 30,719,186,319 states generated (26,739,536 s/min), 4,081,959,016 distinct states found (3,311,555 ds/min), 298,162,478 states left on queue.
Progress(42) at 2026-07-19 19:54:33: 30,744,871,336 states generated (25,685,017 s/min), 4,085,039,085 distinct states found (3,080,069 ds/min), 297,940,666 states left on queue.
Progress(42) at 2026-07-19 19:55:33: 30,770,085,498 states generated (25,214,162 s/min), 4,087,687,745 distinct states found (2,648,660 ds/min), 297,376,563 states left on queue.
Progress(42) at 2026-07-19 19:56:33: 30,795,261,020 states generated (25,175,522 s/min), 4,090,354,605 distinct states found (2,666,860 ds/min), 296,807,079 states left on queue.
Progress(42) at 2026-07-19 19:57:33: 30,821,077,412 states generated (25,816,392 s/min), 4,093,197,160 distinct states found (2,842,555 ds/min), 296,318,762 states left on queue.
Progress(42) at 2026-07-19 19:58:33: 30,847,364,272 states generated (26,286,860 s/min), 4,096,171,424 distinct states found (2,974,264 ds/min), 296,035,674 states left on queue.
Progress(42) at 2026-07-19 19:59:33: 30,874,471,381 states generated (27,107,109 s/min), 4,099,017,781 distinct states found (2,846,357 ds/min), 295,643,801 states left on queue.
Progress(42) at 2026-07-19 20:00:33: 30,902,932,497 states generated (28,461,116 s/min), 4,101,996,804 distinct states found (2,979,023 ds/min), 295,389,768 states left on queue.
Progress(42) at 2026-07-19 20:01:33: 30,930,908,628 states generated (27,976,131 s/min), 4,104,991,760 distinct states found (2,994,956 ds/min), 294,950,217 states left on queue.
Progress(42) at 2026-07-19 20:02:33: 30,958,842,103 states generated (27,933,475 s/min), 4,108,019,631 distinct states found (3,027,871 ds/min), 294,784,294 states left on queue.
Checkpointing of run states/26-07-19-00-57-33
Checkpointing completed at (2026-07-19 20:03:36)
Progress(42) at 2026-07-19 20:03:36: 30,988,024,322 states generated (29,182,219 s/min), 4,111,068,990 distinct states found (3,049,359 ds/min), 294,497,602 states left on queue.
Progress(42) at 2026-07-19 20:04:36: 31,015,360,463 states generated (27,336,141 s/min), 4,113,929,467 distinct states found (2,860,477 ds/min), 294,184,190 states left on queue.
Progress(42) at 2026-07-19 20:05:36: 31,043,433,816 states generated (28,073,353 s/min), 4,116,888,905 distinct states found (2,959,438 ds/min), 293,631,921 states left on queue.
Progress(42) at 2026-07-19 20:06:36: 31,071,285,154 states generated (27,851,338 s/min), 4,119,848,818 distinct states found (2,959,913 ds/min), 293,195,873 states left on queue.
Progress(42) at 2026-07-19 20:07:36: 31,098,127,288 states generated (26,842,134 s/min), 4,122,602,504 distinct states found (2,753,686 ds/min), 292,682,532 states left on queue.
Progress(42) at 2026-07-19 20:08:36: 31,126,347,668 states generated (28,220,380 s/min), 4,125,775,538 distinct states found (3,173,034 ds/min), 292,457,797 states left on queue.
Progress(42) at 2026-07-19 20:09:36: 31,154,246,391 states generated (27,898,723 s/min), 4,128,750,543 distinct states found (2,975,005 ds/min), 291,993,358 states left on queue.
Progress(42) at 2026-07-19 20:10:36: 31,181,315,603 states generated (27,069,212 s/min), 4,131,476,486 distinct states found (2,725,943 ds/min), 291,376,967 states left on queue.
Progress(42) at 2026-07-19 20:11:36: 31,207,979,001 states generated (26,663,398 s/min), 4,134,376,919 distinct states found (2,900,433 ds/min), 291,064,130 states left on queue.
Progress(42) at 2026-07-19 20:12:36: 31,233,327,831 states generated (25,348,830 s/min), 4,137,493,894 distinct states found (3,116,975 ds/min), 290,835,561 states left on queue.
Progress(42) at 2026-07-19 20:13:36: 31,259,906,663 states generated (26,578,832 s/min), 4,140,440,593 distinct states found (2,946,699 ds/min), 290,387,671 states left on queue.
Progress(42) at 2026-07-19 20:14:36: 31,287,247,498 states generated (27,340,835 s/min), 4,143,478,120 distinct states found (3,037,527 ds/min), 290,259,598 states left on queue.
Progress(42) at 2026-07-19 20:15:36: 31,314,011,037 states generated (26,763,539 s/min), 4,146,326,917 distinct states found (2,848,797 ds/min), 289,685,142 states left on queue.
Progress(42) at 2026-07-19 20:16:36: 31,341,595,065 states generated (27,584,028 s/min), 4,149,261,352 distinct states found (2,934,435 ds/min), 289,121,425 states left on queue.
Progress(42) at 2026-07-19 20:17:36: 31,371,163,214 states generated (29,568,149 s/min), 4,152,621,696 distinct states found (3,360,344 ds/min), 288,812,903 states left on queue.
Progress(42) at 2026-07-19 20:18:36: 31,397,704,606 states generated (26,541,392 s/min), 4,155,502,982 distinct states found (2,881,286 ds/min), 288,244,039 states left on queue.
Progress(42) at 2026-07-19 20:19:36: 31,426,465,982 states generated (28,761,376 s/min), 4,158,735,759 distinct states found (3,232,777 ds/min), 287,769,959 states left on queue.
Progress(42) at 2026-07-19 20:20:36: 31,454,528,143 states generated (28,062,161 s/min), 4,161,848,414 distinct states found (3,112,655 ds/min), 287,330,820 states left on queue.
Progress(43) at 2026-07-19 20:21:36: 31,482,692,107 states generated (28,163,964 s/min), 4,164,804,544 distinct states found (2,956,130 ds/min), 286,896,639 states left on queue.
Progress(43) at 2026-07-19 20:22:36: 31,509,178,484 states generated (26,486,377 s/min), 4,168,130,990 distinct states found (3,326,446 ds/min), 287,082,823 states left on queue.
Progress(43) at 2026-07-19 20:23:36: 31,535,858,898 states generated (26,680,414 s/min), 4,170,905,010 distinct states found (2,774,020 ds/min), 286,534,352 states left on queue.
Progress(43) at 2026-07-19 20:24:36: 31,544,902,340 states generated (9,043,442 s/min), 4,171,940,284 distinct states found (1,035,274 ds/min), 286,364,034 states left on queue.
Progress(43) at 2026-07-19 20:25:36: 31,572,731,004 states generated (27,828,664 s/min), 4,175,333,441 distinct states found (3,393,157 ds/min), 286,369,502 states left on queue.
Progress(43) at 2026-07-19 20:26:36: 31,600,756,591 states generated (28,025,587 s/min), 4,178,723,963 distinct states found (3,390,522 ds/min), 286,492,263 states left on queue.
Progress(43) at 2026-07-19 20:27:36: 31,628,781,688 states generated (28,025,097 s/min), 4,182,046,806 distinct states found (3,322,843 ds/min), 286,488,636 states left on queue.
Progress(43) at 2026-07-19 20:28:36: 31,655,227,762 states generated (26,446,074 s/min), 4,185,095,185 distinct states found (3,048,379 ds/min), 286,436,986 states left on queue.
Progress(43) at 2026-07-19 20:29:36: 31,681,698,332 states generated (26,470,570 s/min), 4,188,253,053 distinct states found (3,157,868 ds/min), 286,599,503 states left on queue.
Progress(43) at 2026-07-19 20:30:36: 31,708,271,163 states generated (26,572,831 s/min), 4,191,299,436 distinct states found (3,046,383 ds/min), 286,685,209 states left on queue.
Progress(43) at 2026-07-19 20:31:36: 31,734,232,199 states generated (25,961,036 s/min), 4,194,282,436 distinct states found (2,983,000 ds/min), 286,724,062 states left on queue.
Progress(43) at 2026-07-19 20:32:36: 31,759,061,066 states generated (24,828,867 s/min), 4,197,155,022 distinct states found (2,872,586 ds/min), 286,580,379 states left on queue.
Checkpointing of run states/26-07-19-00-57-33
Checkpointing completed at (2026-07-19 20:33:39)
Progress(43) at 2026-07-19 20:33:39: 31,786,615,976 states generated (27,554,910 s/min), 4,200,549,886 distinct states found (3,394,864 ds/min), 286,634,310 states left on queue.
Progress(43) at 2026-07-19 20:34:39: 31,811,878,410 states generated (25,262,434 s/min), 4,203,509,694 distinct states found (2,959,808 ds/min), 286,611,713 states left on queue.
Progress(43) at 2026-07-19 20:35:39: 31,837,218,716 states generated (25,340,306 s/min), 4,206,404,389 distinct states found (2,894,695 ds/min), 286,463,172 states left on queue.
Progress(43) at 2026-07-19 20:36:39: 31,863,936,889 states generated (26,718,173 s/min), 4,209,770,573 distinct states found (3,366,184 ds/min), 286,763,797 states left on queue.
Progress(43) at 2026-07-19 20:37:39: 31,891,402,108 states generated (27,465,219 s/min), 4,212,985,727 distinct states found (3,215,154 ds/min), 286,737,289 states left on queue.
Progress(43) at 2026-07-19 20:38:39: 31,917,361,785 states generated (25,959,677 s/min), 4,215,963,286 distinct states found (2,977,559 ds/min), 286,702,896 states left on queue.
Progress(43) at 2026-07-19 20:39:39: 31,943,092,737 states generated (25,730,952 s/min), 4,218,911,094 distinct states found (2,947,808 ds/min), 286,520,292 states left on queue.
Progress(43) at 2026-07-19 20:40:39: 31,969,256,207 states generated (26,163,470 s/min), 4,221,954,223 distinct states found (3,043,129 ds/min), 286,238,554 states left on queue.
Progress(43) at 2026-07-19 20:41:39: 31,995,235,433 states generated (25,979,226 s/min), 4,225,145,587 distinct states found (3,191,364 ds/min), 286,030,720 states left on queue.
Progress(43) at 2026-07-19 20:42:39: 32,020,873,866 states generated (25,638,433 s/min), 4,228,351,504 distinct states found (3,205,917 ds/min), 285,897,493 states left on queue.
Progress(43) at 2026-07-19 20:43:39: 32,046,474,137 states generated (25,600,271 s/min), 4,231,268,633 distinct states found (2,917,129 ds/min), 285,564,502 states left on queue.
Progress(43) at 2026-07-19 20:44:39: 32,073,922,559 states generated (27,448,422 s/min), 4,234,134,642 distinct states found (2,866,009 ds/min), 284,931,848 states left on queue.
Progress(43) at 2026-07-19 20:45:39: 32,100,737,820 states generated (26,815,261 s/min), 4,237,025,664 distinct states found (2,891,022 ds/min), 284,413,968 states left on queue.
Progress(43) at 2026-07-19 20:46:39: 32,127,027,183 states generated (26,289,363 s/min), 4,239,921,271 distinct states found (2,895,607 ds/min), 284,094,189 states left on queue.
Progress(43) at 2026-07-19 20:47:39: 32,153,391,958 states generated (26,364,775 s/min), 4,242,861,670 distinct states found (2,940,399 ds/min), 283,938,986 states left on queue.
Progress(43) at 2026-07-19 20:48:39: 32,181,575,366 states generated (28,183,408 s/min), 4,245,980,560 distinct states found (3,118,890 ds/min), 283,588,693 states left on queue.
Progress(43) at 2026-07-19 20:49:39: 32,211,255,033 states generated (29,679,667 s/min), 4,249,093,268 distinct states found (3,112,708 ds/min), 283,365,770 states left on queue.
Progress(43) at 2026-07-19 20:50:39: 32,240,177,217 states generated (28,922,184 s/min), 4,252,206,747 distinct states found (3,113,479 ds/min), 283,139,452 states left on queue.
Progress(43) at 2026-07-19 20:51:39: 32,269,160,833 states generated (28,983,616 s/min), 4,255,353,971 distinct states found (3,147,224 ds/min), 282,808,035 states left on queue.
Progress(43) at 2026-07-19 20:52:39: 32,297,449,138 states generated (28,288,305 s/min), 4,258,298,388 distinct states found (2,944,417 ds/min), 282,311,659 states left on queue.
Progress(43) at 2026-07-19 20:53:39: 32,324,001,918 states generated (26,552,780 s/min), 4,261,068,375 distinct states found (2,769,987 ds/min), 281,892,541 states left on queue.
Progress(43) at 2026-07-19 20:54:39: 32,350,521,380 states generated (26,519,462 s/min), 4,263,831,995 distinct states found (2,763,620 ds/min), 281,455,270 states left on queue.
Progress(43) at 2026-07-19 20:55:39: 32,376,978,222 states generated (26,456,842 s/min), 4,266,562,904 distinct states found (2,730,909 ds/min), 280,900,779 states left on queue.
Progress(43) at 2026-07-19 20:56:39: 32,404,858,092 states generated (27,879,870 s/min), 4,269,815,576 distinct states found (3,252,672 ds/min), 281,092,278 states left on queue.
Progress(43) at 2026-07-19 20:58:14: 32,428,585,299 states generated (23,727,207 s/min), 4,272,396,595 distinct states found (2,581,019 ds/min), 281,099,123 states left on queue.
Progress(43) at 2026-07-19 20:59:14: 32,455,526,713 states generated (26,941,414 s/min), 4,275,204,441 distinct states found (2,807,846 ds/min), 280,913,284 states left on queue.
Progress(43) at 2026-07-19 21:00:14: 32,482,883,283 states generated (27,356,570 s/min), 4,278,155,867 distinct states found (2,951,426 ds/min), 280,777,274 states left on queue.
Progress(43) at 2026-07-19 21:01:14: 32,512,062,045 states generated (29,178,762 s/min), 4,281,645,560 distinct states found (3,489,693 ds/min), 280,920,496 states left on queue.
Progress(43) at 2026-07-19 21:02:14: 32,540,541,169 states generated (28,479,124 s/min), 4,284,948,774 distinct states found (3,303,214 ds/min), 280,876,469 states left on queue.
Progress(43) at 2026-07-19 21:03:14: 32,568,242,050 states generated (27,700,881 s/min), 4,287,977,923 distinct states found (3,029,149 ds/min), 280,598,221 states left on queue.
Checkpointing of run states/26-07-19-00-57-33
Checkpointing completed at (2026-07-19 21:04:17)
Progress(43) at 2026-07-19 21:04:17: 32,597,270,298 states generated (29,028,248 s/min), 4,291,353,394 distinct states found (3,375,471 ds/min), 280,485,462 states left on queue.
Progress(43) at 2026-07-19 21:05:17: 32,623,976,752 states generated (26,706,454 s/min), 4,294,301,346 distinct states found (2,947,952 ds/min), 280,276,232 states left on queue.
Progress(43) at 2026-07-19 21:06:17: 32,628,780,908 states generated (4,804,156 s/min), 4,294,821,156 distinct states found (519,810 ds/min), 280,205,154 states left on queue.
Progress(43) at 2026-07-19 21:07:17: 32,628,780,908 states generated (0 s/min), 4,294,821,156 distinct states found (0 ds/min), 280,205,154 states left on queue.
Progress(43) at 2026-07-19 21:08:17: 32,631,352,220 states generated (2,571,312 s/min), 4,295,112,292 distinct states found (291,136 ds/min), 280,196,521 states left on queue.
Progress(43) at 2026-07-19 21:09:17: 32,631,352,220 states generated (0 s/min), 4,295,112,292 distinct states found (0 ds/min), 280,196,521 states left on queue.
Progress(43) at 2026-07-19 21:10:17: 32,631,352,220 states generated (0 s/min), 4,295,112,292 distinct states found (0 ds/min), 280,196,521 states left on queue.
Progress(43) at 2026-07-19 21:11:17: 32,645,536,384 states generated (14,184,164 s/min), 4,296,687,930 distinct states found (1,575,638 ds/min), 280,045,048 states left on queue.
Progress(43) at 2026-07-19 21:12:18: 32,672,209,182 states generated (26,672,798 s/min), 4,299,513,943 distinct states found (2,826,013 ds/min), 279,552,347 states left on queue.
Progress(43) at 2026-07-19 21:13:18: 32,700,014,721 states generated (27,805,539 s/min), 4,302,988,430 distinct states found (3,474,487 ds/min), 279,756,432 states left on queue.
Progress(43) at 2026-07-19 21:14:18: 32,726,970,954 states generated (26,956,233 s/min), 4,305,985,573 distinct states found (2,997,143 ds/min), 279,547,968 states left on queue.
Progress(43) at 2026-07-19 21:15:18: 32,753,712,325 states generated (26,741,371 s/min), 4,308,697,039 distinct states found (2,711,466 ds/min), 278,980,406 states left on queue.
Progress(43) at 2026-07-19 21:16:18: 32,780,028,812 states generated (26,316,487 s/min), 4,311,420,624 distinct states found (2,723,585 ds/min), 278,540,396 states left on queue.
Progress(43) at 2026-07-19 21:17:18: 32,807,276,724 states generated (27,247,912 s/min), 4,314,326,202 distinct states found (2,905,578 ds/min), 277,934,421 states left on queue.
Progress(43) at 2026-07-19 21:18:18: 32,835,138,335 states generated (27,861,611 s/min), 4,317,791,566 distinct states found (3,465,364 ds/min), 277,908,540 states left on queue.
Progress(43) at 2026-07-19 21:19:18: 32,862,364,276 states generated (27,225,941 s/min), 4,320,926,308 distinct states found (3,134,742 ds/min), 277,616,631 states left on queue.
Progress(43) at 2026-07-19 21:20:18: 32,890,097,403 states generated (27,733,127 s/min), 4,324,202,610 distinct states found (3,276,302 ds/min), 277,313,820 states left on queue.
Progress(43) at 2026-07-19 21:21:18: 32,917,249,976 states generated (27,152,573 s/min), 4,327,148,972 distinct states found (2,946,362 ds/min), 276,917,238 states left on queue.
Progress(43) at 2026-07-19 21:22:18: 32,942,982,315 states generated (25,732,339 s/min), 4,329,657,397 distinct states found (2,508,425 ds/min), 276,299,698 states left on queue.
Progress(43) at 2026-07-19 21:23:18: 32,969,204,738 states generated (26,222,423 s/min), 4,332,648,876 distinct states found (2,991,479 ds/min), 276,265,747 states left on queue.
Progress(43) at 2026-07-19 21:24:18: 32,995,359,228 states generated (26,154,490 s/min), 4,335,433,058 distinct states found (2,784,182 ds/min), 275,884,757 states left on queue.
Progress(43) at 2026-07-19 21:25:18: 33,021,974,673 states generated (26,615,445 s/min), 4,338,581,593 distinct states found (3,148,535 ds/min), 275,799,619 states left on queue.
Progress(43) at 2026-07-19 21:26:18: 33,047,962,638 states generated (25,987,965 s/min), 4,341,332,326 distinct states found (2,750,733 ds/min), 275,417,079 states left on queue.
Progress(43) at 2026-07-19 21:27:18: 33,074,582,096 states generated (26,619,458 s/min), 4,344,449,870 distinct states found (3,117,544 ds/min), 275,525,268 states left on queue.
Progress(43) at 2026-07-19 21:28:18: 33,100,868,685 states generated (26,286,589 s/min), 4,347,446,535 distinct states found (2,996,665 ds/min), 275,716,040 states left on queue.
Progress(43) at 2026-07-19 21:29:18: 33,127,166,463 states generated (26,297,778 s/min), 4,350,290,594 distinct states found (2,844,059 ds/min), 275,328,923 states left on queue.
Progress(43) at 2026-07-19 21:30:18: 33,154,604,688 states generated (27,438,225 s/min), 4,353,191,383 distinct states found (2,900,789 ds/min), 274,730,730 states left on queue.
Progress(43) at 2026-07-19 21:31:18: 33,181,188,804 states generated (26,584,116 s/min), 4,356,380,368 distinct states found (3,188,985 ds/min), 274,540,544 states left on queue.
Progress(43) at 2026-07-19 21:32:18: 33,206,902,083 states generated (25,713,279 s/min), 4,359,344,603 distinct states found (2,964,235 ds/min), 274,211,819 states left on queue.
Progress(43) at 2026-07-19 21:33:18: 33,232,299,775 states generated (25,397,692 s/min), 4,361,939,767 distinct states found (2,595,164 ds/min), 273,592,161 states left on queue.
Checkpointing of run states/26-07-19-00-57-33
Checkpointing completed at (2026-07-19 21:34:19)
Progress(43) at 2026-07-19 21:34:19: 33,257,890,110 states generated (25,590,335 s/min), 4,364,522,783 distinct states found (2,583,016 ds/min), 272,826,217 states left on queue.
Progress(43) at 2026-07-19 21:35:19: 33,284,376,057 states generated (26,485,947 s/min), 4,367,516,133 distinct states found (2,993,350 ds/min), 272,506,000 states left on queue.
Progress(43) at 2026-07-19 21:36:19: 33,310,768,659 states generated (26,392,602 s/min), 4,370,239,038 distinct states found (2,722,905 ds/min), 272,000,647 states left on queue.
Progress(43) at 2026-07-19 21:37:19: 33,339,629,468 states generated (28,860,809 s/min), 4,373,276,014 distinct states found (3,036,976 ds/min), 271,787,693 states left on queue.
Progress(43) at 2026-07-19 21:38:19: 33,367,432,528 states generated (27,803,060 s/min), 4,376,142,551 distinct states found (2,866,537 ds/min), 271,268,163 states left on queue.
Progress(43) at 2026-07-19 21:39:19: 33,395,342,633 states generated (27,910,105 s/min), 4,379,095,786 distinct states found (2,953,235 ds/min), 271,027,583 states left on queue.
Progress(43) at 2026-07-19 21:40:19: 33,423,185,322 states generated (27,842,689 s/min), 4,381,916,014 distinct states found (2,820,228 ds/min), 270,674,160 states left on queue.
Progress(43) at 2026-07-19 21:41:19: 33,450,549,075 states generated (27,363,753 s/min), 4,384,697,289 distinct states found (2,781,275 ds/min), 270,258,437 states left on queue.
Progress(43) at 2026-07-19 21:42:19: 33,478,627,244 states generated (28,078,169 s/min), 4,387,553,505 distinct states found (2,856,216 ds/min), 269,602,259 states left on queue.
Progress(43) at 2026-07-19 21:43:19: 33,505,604,855 states generated (26,977,611 s/min), 4,390,404,334 distinct states found (2,850,829 ds/min), 269,121,030 states left on queue.
Progress(43) at 2026-07-19 21:44:19: 33,533,700,350 states generated (28,095,495 s/min), 4,393,306,906 distinct states found (2,902,572 ds/min), 268,703,822 states left on queue.
Progress(43) at 2026-07-19 21:45:19: 33,561,859,173 states generated (28,158,823 s/min), 4,396,393,042 distinct states found (3,086,136 ds/min), 268,311,244 states left on queue.
Progress(43) at 2026-07-19 21:46:19: 33,588,905,865 states generated (27,046,692 s/min), 4,398,978,657 distinct states found (2,585,615 ds/min), 267,566,411 states left on queue.
Progress(43) at 2026-07-19 21:47:19: 33,615,469,758 states generated (26,563,893 s/min), 4,401,855,524 distinct states found (2,876,867 ds/min), 267,227,900 states left on queue.
Progress(43) at 2026-07-19 21:48:19: 33,640,899,840 states generated (25,430,082 s/min), 4,404,817,515 distinct states found (2,961,991 ds/min), 266,804,256 states left on queue.
Progress(43) at 2026-07-19 21:49:19: 33,667,739,773 states generated (26,839,933 s/min), 4,407,695,914 distinct states found (2,878,399 ds/min), 266,374,856 states left on queue.
Progress(43) at 2026-07-19 21:50:19: 33,695,224,654 states generated (27,484,881 s/min), 4,410,630,097 distinct states found (2,934,183 ds/min), 266,118,524 states left on queue.
Progress(43) at 2026-07-19 21:51:19: 33,722,195,824 states generated (26,971,170 s/min), 4,413,419,477 distinct states found (2,789,380 ds/min), 265,442,079 states left on queue.
Progress(43) at 2026-07-19 21:52:19: 33,751,862,246 states generated (29,666,422 s/min), 4,416,667,543 distinct states found (3,248,066 ds/min), 265,021,037 states left on queue.
Progress(43) at 2026-07-19 21:53:19: 33,778,662,689 states generated (26,800,443 s/min), 4,419,517,777 distinct states found (2,850,234 ds/min), 264,410,829 states left on queue.
Progress(43) at 2026-07-19 21:54:19: 33,807,010,700 states generated (28,348,011 s/min), 4,422,607,305 distinct states found (3,089,528 ds/min), 263,837,958 states left on queue.
Progress(43) at 2026-07-19 21:55:19: 33,835,057,380 states generated (28,046,680 s/min), 4,425,647,556 distinct states found (3,040,251 ds/min), 263,366,960 states left on queue.
Progress(44) at 2026-07-19 21:56:19: 33,862,771,224 states generated (27,713,844 s/min), 4,428,571,658 distinct states found (2,924,102 ds/min), 262,965,775 states left on queue.
Progress(44) at 2026-07-19 21:57:19: 33,889,148,497 states generated (26,377,273 s/min), 4,431,820,851 distinct states found (3,249,193 ds/min), 263,067,092 states left on queue.
Progress(44) at 2026-07-19 21:59:18: 33,913,622,468 states generated (24,473,971 s/min), 4,434,321,015 distinct states found (2,500,164 ds/min), 262,447,275 states left on queue.
Progress(44) at 2026-07-19 22:00:18: 33,942,937,099 states generated (29,314,631 s/min), 4,437,853,653 distinct states found (3,532,638 ds/min), 262,423,041 states left on queue.
Progress(44) at 2026-07-19 22:01:18: 33,972,335,983 states generated (29,398,884 s/min), 4,441,302,521 distinct states found (3,448,868 ds/min), 262,416,603 states left on queue.
Progress(44) at 2026-07-19 22:02:18: 34,001,298,702 states generated (28,962,719 s/min), 4,444,671,318 distinct states found (3,368,797 ds/min), 262,341,200 states left on queue.
Progress(44) at 2026-07-19 22:03:18: 34,028,922,643 states generated (27,623,941 s/min), 4,447,759,953 distinct states found (3,088,635 ds/min), 262,212,544 states left on queue.
Checkpointing of run states/26-07-19-00-57-33
Checkpointing completed at (2026-07-19 22:04:20)
Progress(44) at 2026-07-19 22:04:20: 34,057,679,719 states generated (28,757,076 s/min), 4,451,072,031 distinct states found (3,312,078 ds/min), 262,288,396 states left on queue.
Progress(44) at 2026-07-19 22:05:20: 34,085,698,047 states generated (28,018,328 s/min), 4,454,208,728 distinct states found (3,136,697 ds/min), 262,279,784 states left on queue.
Progress(44) at 2026-07-19 22:06:20: 34,112,974,653 states generated (27,276,606 s/min), 4,457,349,927 distinct states found (3,141,199 ds/min), 262,264,260 states left on queue.
Progress(44) at 2026-07-19 22:07:20: 34,139,552,232 states generated (26,577,579 s/min), 4,460,229,871 distinct states found (2,879,944 ds/min), 261,864,570 states left on queue.
Progress(44) at 2026-07-19 22:08:20: 34,167,198,219 states generated (27,645,987 s/min), 4,463,727,421 distinct states found (3,497,550 ds/min), 262,063,084 states left on queue.
Progress(44) at 2026-07-19 22:09:20: 34,193,752,733 states generated (26,554,514 s/min), 4,466,640,320 distinct states found (2,912,899 ds/min), 261,822,493 states left on queue.
Progress(44) at 2026-07-19 22:10:20: 34,221,979,651 states generated (28,226,918 s/min), 4,469,941,799 distinct states found (3,301,479 ds/min), 261,797,059 states left on queue.
Progress(44) at 2026-07-19 22:11:20: 34,250,033,741 states generated (28,054,090 s/min), 4,473,304,814 distinct states found (3,363,015 ds/min), 261,898,847 states left on queue.
Progress(44) at 2026-07-19 22:12:20: 34,278,150,378 states generated (28,116,637 s/min), 4,476,424,765 distinct states found (3,119,951 ds/min), 261,698,296 states left on queue.
Progress(44) at 2026-07-19 22:13:20: 34,305,300,665 states generated (27,150,287 s/min), 4,479,370,923 distinct states found (2,946,158 ds/min), 261,437,337 states left on queue.
Progress(44) at 2026-07-19 22:14:20: 34,332,860,940 states generated (27,560,275 s/min), 4,482,482,614 distinct states found (3,111,691 ds/min), 261,120,965 states left on queue.
Progress(44) at 2026-07-19 22:15:20: 34,360,129,115 states generated (27,268,175 s/min), 4,485,741,236 distinct states found (3,258,622 ds/min), 260,802,062 states left on queue.
Progress(44) at 2026-07-19 22:16:20: 34,387,289,898 states generated (27,160,783 s/min), 4,489,022,819 distinct states found (3,281,583 ds/min), 260,568,492 states left on queue.
Progress(44) at 2026-07-19 22:17:20: 34,414,562,977 states generated (27,273,079 s/min), 4,491,965,173 distinct states found (2,942,354 ds/min), 260,061,891 states left on queue.
Progress(44) at 2026-07-19 22:18:20: 34,443,095,184 states generated (28,532,207 s/min), 4,494,960,127 distinct states found (2,994,954 ds/min), 259,425,080 states left on queue.
Progress(44) at 2026-07-19 22:19:20: 34,470,776,771 states generated (27,681,587 s/min), 4,497,914,039 distinct states found (2,953,912 ds/min), 258,927,280 states left on queue.
Progress(44) at 2026-07-19 22:20:20: 34,498,338,580 states generated (27,561,809 s/min), 4,500,943,883 distinct states found (3,029,844 ds/min), 258,762,972 states left on queue.
Progress(44) at 2026-07-19 22:21:20: 34,527,441,184 states generated (29,102,604 s/min), 4,504,037,204 distinct states found (3,093,321 ds/min), 258,260,686 states left on queue.
Progress(44) at 2026-07-19 22:22:20: 34,558,676,821 states generated (31,235,637 s/min), 4,507,247,353 distinct states found (3,210,149 ds/min), 257,966,391 states left on queue.
Progress(44) at 2026-07-19 22:23:20: 34,589,181,613 states generated (30,504,792 s/min), 4,510,456,041 distinct states found (3,208,688 ds/min), 257,636,461 states left on queue.
Progress(44) at 2026-07-19 22:24:20: 34,619,403,747 states generated (30,222,134 s/min), 4,513,627,670 distinct states found (3,171,629 ds/min), 257,134,937 states left on queue.
Progress(44) at 2026-07-19 22:25:20: 34,648,154,769 states generated (28,751,022 s/min), 4,516,512,132 distinct states found (2,884,462 ds/min), 256,564,220 states left on queue.
Progress(44) at 2026-07-19 22:26:20: 34,676,080,501 states generated (27,925,732 s/min), 4,519,364,493 distinct states found (2,852,361 ds/min), 256,113,802 states left on queue.
Progress(44) at 2026-07-19 22:27:20: 34,704,107,345 states generated (28,026,844 s/min), 4,522,177,511 distinct states found (2,813,018 ds/min), 255,432,555 states left on queue.
Progress(44) at 2026-07-19 22:28:20: 34,733,389,236 states generated (29,281,891 s/min), 4,525,558,670 distinct states found (3,381,159 ds/min), 255,602,931 states left on queue.
Progress(44) at 2026-07-19 22:29:20: 34,762,591,828 states generated (29,202,592 s/min), 4,528,640,399 distinct states found (3,081,729 ds/min), 255,506,091 states left on queue.
Progress(44) at 2026-07-19 22:30:20: 34,790,962,911 states generated (28,371,083 s/min), 4,531,618,102 distinct states found (2,977,703 ds/min), 255,310,522 states left on queue.
Progress(44) at 2026-07-19 22:31:20: 34,820,746,053 states generated (29,783,142 s/min), 4,534,864,284 distinct states found (3,246,182 ds/min), 255,173,948 states left on queue.
Progress(44) at 2026-07-19 22:32:20: 34,850,951,587 states generated (30,205,534 s/min), 4,538,346,027 distinct states found (3,481,743 ds/min), 255,139,444 states left on queue.
Progress(44) at 2026-07-19 22:33:20: 34,880,564,378 states generated (29,612,791 s/min), 4,541,641,768 distinct states found (3,295,741 ds/min), 254,847,419 states left on queue.
Checkpointing of run states/26-07-19-00-57-33
Checkpointing completed at (2026-07-19 22:34:22)
Progress(44) at 2026-07-19 22:34:22: 34,910,624,496 states generated (30,060,118 s/min), 4,544,962,156 distinct states found (3,320,388 ds/min), 254,595,036 states left on queue.
Progress(44) at 2026-07-19 22:35:22: 34,938,587,400 states generated (27,962,904 s/min), 4,548,079,031 distinct states found (3,116,875 ds/min), 254,383,737 states left on queue.
Progress(44) at 2026-07-19 22:36:22: 34,966,592,017 states generated (28,004,617 s/min), 4,551,036,998 distinct states found (2,957,967 ds/min), 253,933,533 states left on queue.
Progress(44) at 2026-07-19 22:37:22: 34,994,988,836 states generated (28,396,819 s/min), 4,554,276,596 distinct states found (3,239,598 ds/min), 253,721,305 states left on queue.
Progress(44) at 2026-07-19 22:38:22: 35,024,219,196 states generated (29,230,360 s/min), 4,557,627,324 distinct states found (3,350,728 ds/min), 253,621,422 states left on queue.
Progress(44) at 2026-07-19 22:39:22: 35,052,410,956 states generated (28,191,760 s/min), 4,560,619,645 distinct states found (2,992,321 ds/min), 253,191,403 states left on queue.
Progress(44) at 2026-07-19 22:40:22: 35,079,923,939 states generated (27,512,983 s/min), 4,563,315,999 distinct states found (2,696,354 ds/min), 252,542,982 states left on queue.
Progress(44) at 2026-07-19 22:41:22: 35,108,602,350 states generated (28,678,411 s/min), 4,566,295,979 distinct states found (2,979,980 ds/min), 251,863,671 states left on queue.
Progress(44) at 2026-07-19 22:42:22: 35,137,771,557 states generated (29,169,207 s/min), 4,569,818,597 distinct states found (3,522,618 ds/min), 251,748,098 states left on queue.
Progress(44) at 2026-07-19 22:43:22: 35,166,332,308 states generated (28,560,751 s/min), 4,572,998,458 distinct states found (3,179,861 ds/min), 251,299,767 states left on queue.
Progress(44) at 2026-07-19 22:44:22: 35,195,350,212 states generated (29,017,904 s/min), 4,576,297,846 distinct states found (3,299,388 ds/min), 250,852,666 states left on queue.
Progress(44) at 2026-07-19 22:45:22: 35,222,888,463 states generated (27,538,251 s/min), 4,579,014,452 distinct states found (2,716,606 ds/min), 250,247,247 states left on queue.
Progress(44) at 2026-07-19 22:46:22: 35,250,528,335 states generated (27,639,872 s/min), 4,582,049,493 distinct states found (3,035,041 ds/min), 250,041,461 states left on queue.
Progress(44) at 2026-07-19 22:47:22: 35,278,015,708 states generated (27,487,373 s/min), 4,584,933,940 distinct states found (2,884,447 ds/min), 249,678,210 states left on queue.
Progress(44) at 2026-07-19 22:48:22: 35,306,001,849 states generated (27,986,141 s/min), 4,588,110,723 distinct states found (3,176,783 ds/min), 249,443,426 states left on queue.
Progress(44) at 2026-07-19 22:49:22: 35,333,605,954 states generated (27,604,105 s/min), 4,591,083,674 distinct states found (2,972,951 ds/min), 249,164,456 states left on queue.
Progress(44) at 2026-07-19 22:50:22: 35,361,490,054 states generated (27,884,100 s/min), 4,594,223,389 distinct states found (3,139,715 ds/min), 249,114,242 states left on queue.
Progress(44) at 2026-07-19 22:51:22: 35,389,272,280 states generated (27,782,226 s/min), 4,597,302,308 distinct states found (3,078,919 ds/min), 249,191,709 states left on queue.
Progress(44) at 2026-07-19 22:52:22: 35,417,007,818 states generated (27,735,538 s/min), 4,600,192,003 distinct states found (2,889,695 ds/min), 248,591,451 states left on queue.
Progress(44) at 2026-07-19 22:53:22: 35,445,815,737 states generated (28,807,919 s/min), 4,603,461,058 distinct states found (3,269,055 ds/min), 248,200,617 states left on queue.
Progress(44) at 2026-07-19 22:54:22: 35,473,352,189 states generated (27,536,452 s/min), 4,606,546,421 distinct states found (3,085,363 ds/min), 247,820,336 states left on queue.
Progress(44) at 2026-07-19 22:55:22: 35,499,991,836 states generated (26,639,647 s/min), 4,609,217,509 distinct states found (2,671,088 ds/min), 247,085,276 states left on queue.
Progress(44) at 2026-07-19 22:56:22: 35,526,690,894 states generated (26,699,058 s/min), 4,611,949,989 distinct states found (2,732,480 ds/min), 246,352,924 states left on queue.
Progress(44) at 2026-07-19 22:57:22: 35,554,495,610 states generated (27,804,716 s/min), 4,614,937,653 distinct states found (2,987,664 ds/min), 245,917,187 states left on queue.
Progress(44) at 2026-07-19 22:58:22: 35,584,153,272 states generated (29,657,662 s/min), 4,617,947,564 distinct states found (3,009,911 ds/min), 245,510,474 states left on queue.
Progress(44) at 2026-07-19 22:59:24: 35,611,640,704 states generated (27,487,432 s/min), 4,620,699,709 distinct states found (2,752,145 ds/min), 244,979,155 states left on queue.
Progress(44) at 2026-07-19 23:00:24: 35,641,056,812 states generated (29,416,108 s/min), 4,623,731,720 distinct states found (3,032,011 ds/min), 244,607,053 states left on queue.
Progress(44) at 2026-07-19 23:01:24: 35,670,317,080 states generated (29,260,268 s/min), 4,626,597,951 distinct states found (2,866,231 ds/min), 244,125,425 states left on queue.
Progress(44) at 2026-07-19 23:02:24: 35,698,806,559 states generated (28,489,479 s/min), 4,629,416,105 distinct states found (2,818,154 ds/min), 243,561,302 states left on queue.
Progress(44) at 2026-07-19 23:03:24: 35,727,923,813 states generated (29,117,254 s/min), 4,632,359,768 distinct states found (2,943,663 ds/min), 242,919,811 states left on queue.
Checkpointing of run states/26-07-19-00-57-33
Checkpointing completed at (2026-07-19 23:04:26)
Progress(44) at 2026-07-19 23:04:26: 35,757,836,906 states generated (29,913,093 s/min), 4,635,388,240 distinct states found (3,028,472 ds/min), 242,348,719 states left on queue.
Progress(44) at 2026-07-19 23:05:26: 35,786,665,046 states generated (28,828,140 s/min), 4,638,438,289 distinct states found (3,050,049 ds/min), 241,820,292 states left on queue.
Progress(44) at 2026-07-19 23:06:26: 35,815,037,981 states generated (28,372,935 s/min), 4,641,154,866 distinct states found (2,716,577 ds/min), 241,070,897 states left on queue.
Progress(44) at 2026-07-19 23:07:26: 35,842,280,316 states generated (27,242,335 s/min), 4,644,280,218 distinct states found (3,125,352 ds/min), 240,795,583 states left on queue.
Progress(44) at 2026-07-19 23:08:26: 35,869,849,260 states generated (27,568,944 s/min), 4,647,102,946 distinct states found (2,822,728 ds/min), 240,053,833 states left on queue.
Progress(44) at 2026-07-19 23:09:26: 35,898,993,476 states generated (29,144,216 s/min), 4,650,195,726 distinct states found (3,092,780 ds/min), 239,800,265 states left on queue.
Progress(44) at 2026-07-19 23:10:26: 35,927,219,283 states generated (28,225,807 s/min), 4,652,982,644 distinct states found (2,786,918 ds/min), 238,968,999 states left on queue.
Progress(44) at 2026-07-19 23:11:26: 35,958,001,672 states generated (30,782,389 s/min), 4,656,335,491 distinct states found (3,352,847 ds/min), 238,478,530 states left on queue.
Progress(44) at 2026-07-19 23:12:26: 35,986,898,777 states generated (28,897,105 s/min), 4,659,340,673 distinct states found (3,005,182 ds/min), 237,751,152 states left on queue.
Progress(44) at 2026-07-19 23:13:26: 36,016,450,402 states generated (29,551,625 s/min), 4,662,491,265 distinct states found (3,150,592 ds/min), 237,177,090 states left on queue.
Progress(45) at 2026-07-19 23:14:26: 36,045,508,003 states generated (29,057,601 s/min), 4,665,534,190 distinct states found (3,042,925 ds/min), 236,728,468 states left on queue.
Progress(45) at 2026-07-19 23:15:26: 36,073,310,657 states generated (27,802,654 s/min), 4,668,858,178 distinct states found (3,323,988 ds/min), 236,714,576 states left on queue.
Progress(45) at 2026-07-19 23:16:26: 36,101,332,565 states generated (28,021,908 s/min), 4,671,680,600 distinct states found (2,822,422 ds/min), 235,964,175 states left on queue.
Progress(45) at 2026-07-19 23:17:26: 36,130,440,256 states generated (29,107,691 s/min), 4,675,361,802 distinct states found (3,681,202 ds/min), 236,233,930 states left on queue.
Progress(45) at 2026-07-19 23:18:26: 36,159,580,292 states generated (29,140,036 s/min), 4,678,606,354 distinct states found (3,244,552 ds/min), 236,053,588 states left on queue.
Progress(45) at 2026-07-19 23:19:26: 36,188,238,510 states generated (28,658,218 s/min), 4,681,758,916 distinct states found (3,152,562 ds/min), 235,766,367 states left on queue.
Progress(45) at 2026-07-19 23:20:26: 36,215,684,423 states generated (27,445,913 s/min), 4,684,741,867 distinct states found (2,982,951 ds/min), 235,564,808 states left on queue.
Progress(45) at 2026-07-19 23:21:26: 36,243,911,626 states generated (28,227,203 s/min), 4,687,950,813 distinct states found (3,208,946 ds/min), 235,683,397 states left on queue.
Progress(45) at 2026-07-19 23:22:26: 36,271,637,733 states generated (27,726,107 s/min), 4,690,947,440 distinct states found (2,996,627 ds/min), 235,517,502 states left on queue.
Progress(45) at 2026-07-19 23:23:26: 36,298,152,289 states generated (26,514,556 s/min), 4,693,875,319 distinct states found (2,927,879 ds/min), 235,267,942 states left on queue.
Progress(45) at 2026-07-19 23:24:26: 36,325,557,081 states generated (27,404,792 s/min), 4,697,049,822 distinct states found (3,174,503 ds/min), 235,106,630 states left on queue.
Progress(45) at 2026-07-19 23:25:26: 36,352,437,838 states generated (26,880,757 s/min), 4,700,090,825 distinct states found (3,041,003 ds/min), 234,934,687 states left on queue.
Progress(45) at 2026-07-19 23:26:26: 36,379,251,221 states generated (26,813,383 s/min), 4,702,998,551 distinct states found (2,907,726 ds/min), 234,621,909 states left on queue.
Progress(45) at 2026-07-19 23:27:26: 36,407,473,118 states generated (28,221,897 s/min), 4,706,383,254 distinct states found (3,384,703 ds/min), 234,771,695 states left on queue.
Progress(45) at 2026-07-19 23:28:26: 36,436,220,069 states generated (28,746,951 s/min), 4,709,603,272 distinct states found (3,220,018 ds/min), 234,570,749 states left on queue.
Progress(45) at 2026-07-19 23:29:26: 36,463,609,400 states generated (27,389,331 s/min), 4,712,551,311 distinct states found (2,948,039 ds/min), 234,364,354 states left on queue.
Progress(45) at 2026-07-19 23:30:26: 36,490,931,924 states generated (27,322,524 s/min), 4,715,438,808 distinct states found (2,887,497 ds/min), 233,910,035 states left on queue.
Progress(45) at 2026-07-19 23:31:26: 36,518,087,431 states generated (27,155,507 s/min), 4,718,515,713 distinct states found (3,076,905 ds/min), 233,412,653 states left on queue.
Progress(45) at 2026-07-19 23:32:26: 36,545,393,499 states generated (27,306,068 s/min), 4,721,806,636 distinct states found (3,290,923 ds/min), 233,173,730 states left on queue.
Progress(45) at 2026-07-19 23:33:26: 36,572,459,290 states generated (27,065,791 s/min), 4,724,632,845 distinct states found (2,826,209 ds/min), 232,591,872 states left on queue.
Checkpointing of run states/26-07-19-00-57-33
Checkpointing completed at (2026-07-19 23:34:28)
Progress(45) at 2026-07-19 23:34:28: 36,601,710,868 states generated (29,251,578 s/min), 4,727,630,486 distinct states found (2,997,641 ds/min), 231,896,569 states left on queue.
Progress(45) at 2026-07-19 23:35:28: 36,629,481,897 states generated (27,771,029 s/min), 4,730,603,640 distinct states found (2,973,154 ds/min), 231,492,765 states left on queue.
Progress(45) at 2026-07-19 23:36:28: 36,657,448,803 states generated (27,966,906 s/min), 4,733,552,902 distinct states found (2,949,262 ds/min), 231,096,770 states left on queue.
Progress(45) at 2026-07-19 23:37:28: 36,688,577,541 states generated (31,128,738 s/min), 4,736,703,227 distinct states found (3,150,325 ds/min), 230,666,564 states left on queue.
Progress(45) at 2026-07-19 23:38:28: 36,718,989,661 states generated (30,412,120 s/min), 4,739,779,205 distinct states found (3,075,978 ds/min), 230,258,394 states left on queue.
Progress(45) at 2026-07-19 23:39:28: 36,749,416,191 states generated (30,426,530 s/min), 4,742,939,484 distinct states found (3,160,279 ds/min), 229,760,399 states left on queue.
Progress(45) at 2026-07-19 23:40:28: 36,778,081,183 states generated (28,664,992 s/min), 4,745,733,394 distinct states found (2,793,910 ds/min), 229,099,073 states left on queue.
Progress(45) at 2026-07-19 23:41:28: 36,806,024,514 states generated (27,943,331 s/min), 4,748,499,523 distinct states found (2,766,129 ds/min), 228,517,327 states left on queue.
Progress(45) at 2026-07-19 23:42:28: 36,834,797,753 states generated (28,773,239 s/min), 4,751,502,526 distinct states found (3,003,003 ds/min), 228,129,796 states left on queue.
Progress(45) at 2026-07-19 23:43:28: 36,863,815,735 states generated (29,017,982 s/min), 4,754,642,392 distinct states found (3,139,866 ds/min), 228,077,655 states left on queue.
Progress(45) at 2026-07-19 23:44:28: 36,892,435,464 states generated (28,619,729 s/min), 4,757,607,395 distinct states found (2,965,003 ds/min), 227,901,015 states left on queue.
Progress(45) at 2026-07-19 23:45:28: 36,920,934,853 states generated (28,499,389 s/min), 4,760,544,221 distinct states found (2,936,826 ds/min), 227,621,136 states left on queue.
Progress(45) at 2026-07-19 23:46:28: 36,951,406,037 states generated (30,471,184 s/min), 4,763,996,303 distinct states found (3,452,082 ds/min), 227,522,369 states left on queue.
Progress(45) at 2026-07-19 23:47:28: 36,981,446,491 states generated (30,040,454 s/min), 4,767,344,982 distinct states found (3,348,679 ds/min), 227,313,616 states left on queue.
Progress(45) at 2026-07-19 23:48:28: 37,010,515,289 states generated (29,068,798 s/min), 4,770,330,645 distinct states found (2,985,663 ds/min), 226,800,603 states left on queue.
Progress(45) at 2026-07-19 23:49:28: 37,039,209,908 states generated (28,694,619 s/min), 4,773,631,042 distinct states found (3,300,397 ds/min), 226,708,425 states left on queue.
Progress(45) at 2026-07-19 23:50:28: 37,067,106,375 states generated (27,896,467 s/min), 4,776,475,728 distinct states found (2,844,686 ds/min), 226,230,912 states left on queue.
Progress(45) at 2026-07-19 23:51:28: 37,095,377,643 states generated (28,271,268 s/min), 4,779,605,006 distinct states found (3,129,278 ds/min), 225,846,157 states left on queue.
Progress(45) at 2026-07-19 23:52:28: 37,124,456,311 states generated (29,078,668 s/min), 4,782,879,131 distinct states found (3,274,125 ds/min), 225,672,610 states left on queue.
Progress(45) at 2026-07-19 23:53:28: 37,152,613,976 states generated (28,157,665 s/min), 4,785,807,906 distinct states found (2,928,775 ds/min), 225,190,914 states left on queue.
Progress(45) at 2026-07-19 23:54:28: 37,180,303,344 states generated (27,689,368 s/min), 4,788,456,375 distinct states found (2,648,469 ds/min), 224,460,611 states left on queue.
Progress(45) at 2026-07-19 23:55:28: 37,209,215,760 states generated (28,912,416 s/min), 4,791,692,143 distinct states found (3,235,768 ds/min), 223,971,688 states left on queue.
Progress(45) at 2026-07-19 23:56:28: 37,237,726,386 states generated (28,510,626 s/min), 4,794,863,801 distinct states found (3,171,658 ds/min), 223,581,071 states left on queue.
Progress(45) at 2026-07-19 23:57:28: 37,266,690,239 states generated (28,963,853 s/min), 4,798,129,047 distinct states found (3,265,246 ds/min), 223,151,029 states left on queue.
Progress(45) at 2026-07-19 23:58:28: 37,294,657,854 states generated (27,967,615 s/min), 4,800,926,303 distinct states found (2,797,256 ds/min), 222,519,384 states left on queue.
Progress(45) at 2026-07-19 23:59:34: 37,320,340,170 states generated (25,682,316 s/min), 4,803,560,653 distinct states found (2,634,350 ds/min), 222,104,903 states left on queue.
Progress(45) at 2026-07-20 00:00:34: 37,347,711,893 states generated (27,371,723 s/min), 4,806,435,231 distinct states found (2,874,578 ds/min), 221,763,421 states left on queue.
Progress(45) at 2026-07-20 00:01:34: 37,375,265,498 states generated (27,553,605 s/min), 4,809,479,725 distinct states found (3,044,494 ds/min), 221,459,961 states left on queue.
Progress(45) at 2026-07-20 00:02:34: 37,403,020,109 states generated (27,754,611 s/min), 4,812,432,086 distinct states found (2,952,361 ds/min), 221,173,242 states left on queue.
Progress(45) at 2026-07-20 00:03:34: 37,430,872,198 states generated (27,852,089 s/min), 4,815,540,899 distinct states found (3,108,813 ds/min), 221,099,754 states left on queue.
Checkpointing of run states/26-07-19-00-57-33
Checkpointing completed at (2026-07-20 00:04:36)
Progress(45) at 2026-07-20 00:04:36: 37,459,710,806 states generated (28,838,608 s/min), 4,818,622,125 distinct states found (3,081,226 ds/min), 221,028,224 states left on queue.
Progress(45) at 2026-07-20 00:05:36: 37,488,124,602 states generated (28,413,796 s/min), 4,821,506,000 distinct states found (2,883,875 ds/min), 220,341,439 states left on queue.
Progress(45) at 2026-07-20 00:06:36: 37,516,115,308 states generated (27,990,706 s/min), 4,824,608,982 distinct states found (3,102,982 ds/min), 219,891,215 states left on queue.
Progress(45) at 2026-07-20 00:07:36: 37,542,951,920 states generated (26,836,612 s/min), 4,827,411,617 distinct states found (2,802,635 ds/min), 219,291,854 states left on queue.
Progress(45) at 2026-07-20 00:08:36: 37,569,616,582 states generated (26,664,662 s/min), 4,830,038,792 distinct states found (2,627,175 ds/min), 218,463,590 states left on queue.
Progress(45) at 2026-07-20 00:09:36: 37,597,368,355 states generated (27,751,773 s/min), 4,832,987,363 distinct states found (2,948,571 ds/min), 218,000,035 states left on queue.
Progress(45) at 2026-07-20 00:10:36: 37,627,125,496 states generated (29,757,141 s/min), 4,835,934,087 distinct states found (2,946,724 ds/min), 217,526,098 states left on queue.
Progress(45) at 2026-07-20 00:11:36: 37,656,347,276 states generated (29,221,780 s/min), 4,838,793,222 distinct states found (2,859,135 ds/min), 216,890,357 states left on queue.
Progress(45) at 2026-07-20 00:12:36: 37,685,670,428 states generated (29,323,152 s/min), 4,841,746,763 distinct states found (2,953,541 ds/min), 216,516,522 states left on queue.
Progress(45) at 2026-07-20 00:13:36: 37,714,555,661 states generated (28,885,233 s/min), 4,844,478,540 distinct states found (2,731,777 ds/min), 215,889,832 states left on queue.
Progress(45) at 2026-07-20 00:14:36: 37,743,870,368 states generated (29,314,707 s/min), 4,847,310,489 distinct states found (2,831,949 ds/min), 215,137,296 states left on queue.
Progress(45) at 2026-07-20 00:15:36: 37,772,630,253 states generated (28,759,885 s/min), 4,850,206,773 distinct states found (2,896,284 ds/min), 214,543,408 states left on queue.
Progress(45) at 2026-07-20 00:16:36: 37,801,688,929 states generated (29,058,676 s/min), 4,853,094,760 distinct states found (2,887,987 ds/min), 213,834,798 states left on queue.
Progress(45) at 2026-07-20 00:17:36: 37,829,780,422 states generated (28,091,493 s/min), 4,855,917,084 distinct states found (2,822,324 ds/min), 213,219,021 states left on queue.
Progress(45) at 2026-07-20 00:18:36: 37,856,902,806 states generated (27,122,384 s/min), 4,858,843,227 distinct states found (2,926,143 ds/min), 212,634,225 states left on queue.
Progress(45) at 2026-07-20 00:19:36: 37,885,631,149 states generated (28,728,343 s/min), 4,861,779,264 distinct states found (2,936,037 ds/min), 212,222,606 states left on queue.
Progress(45) at 2026-07-20 00:20:36: 37,913,949,414 states generated (28,318,265 s/min), 4,864,504,206 distinct states found (2,724,942 ds/min), 211,370,118 states left on queue.
Progress(45) at 2026-07-20 00:21:36: 37,944,310,215 states generated (30,360,801 s/min), 4,867,703,643 distinct states found (3,199,437 ds/min), 210,775,516 states left on queue.
Progress(45) at 2026-07-20 00:22:36: 37,973,660,041 states generated (29,349,826 s/min), 4,870,729,820 distinct states found (3,026,177 ds/min), 210,044,554 states left on queue.
Progress(45) at 2026-07-20 00:23:36: 38,003,112,956 states generated (29,452,915 s/min), 4,873,755,105 distinct states found (3,025,285 ds/min), 209,465,589 states left on queue.
Progress(46) at 2026-07-20 00:24:36: 38,030,856,000 states generated (27,743,044 s/min), 4,877,077,260 distinct states found (3,322,155 ds/min), 209,449,257 states left on queue.
Progress(46) at 2026-07-20 00:25:36: 38,058,858,886 states generated (28,002,886 s/min), 4,879,821,919 distinct states found (2,744,659 ds/min), 208,679,151 states left on queue.
Progress(46) at 2026-07-20 00:26:36: 38,088,157,206 states generated (29,298,320 s/min), 4,883,363,753 distinct states found (3,541,834 ds/min), 208,746,466 states left on queue.
Progress(46) at 2026-07-20 00:27:36: 38,117,132,914 states generated (28,975,708 s/min), 4,886,580,320 distinct states found (3,216,567 ds/min), 208,520,309 states left on queue.
Progress(46) at 2026-07-20 00:28:36: 38,145,872,856 states generated (28,739,942 s/min), 4,889,669,621 distinct states found (3,089,301 ds/min), 208,155,708 states left on queue.
Progress(46) at 2026-07-20 00:29:36: 38,173,301,169 states generated (27,428,313 s/min), 4,892,571,379 distinct states found (2,901,758 ds/min), 207,880,428 states left on queue.
Progress(46) at 2026-07-20 00:30:36: 38,201,476,283 states generated (28,175,114 s/min), 4,895,703,811 distinct states found (3,132,432 ds/min), 207,914,410 states left on queue.
Progress(46) at 2026-07-20 00:31:36: 38,229,136,691 states generated (27,660,408 s/min), 4,898,627,419 distinct states found (2,923,608 ds/min), 207,689,931 states left on queue.
Progress(46) at 2026-07-20 00:32:36: 38,255,514,742 states generated (26,378,051 s/min), 4,901,445,939 distinct states found (2,818,520 ds/min), 207,331,746 states left on queue.
Progress(46) at 2026-07-20 00:33:36: 38,283,157,906 states generated (27,643,164 s/min), 4,904,596,304 distinct states found (3,150,365 ds/min), 207,124,089 states left on queue.
Checkpointing of run states/26-07-19-00-57-33
Checkpointing completed at (2026-07-20 00:34:39)
Progress(46) at 2026-07-20 00:34:39: 38,310,943,022 states generated (27,785,116 s/min), 4,907,604,170 distinct states found (3,007,866 ds/min), 206,802,934 states left on queue.
Progress(46) at 2026-07-20 00:35:39: 38,338,990,097 states generated (28,047,075 s/min), 4,910,728,467 distinct states found (3,124,297 ds/min), 206,611,874 states left on queue.
Progress(46) at 2026-07-20 00:36:39: 38,366,857,244 states generated (27,867,147 s/min), 4,913,926,271 distinct states found (3,197,804 ds/min), 206,592,124 states left on queue.
Progress(46) at 2026-07-20 00:37:39: 38,394,850,794 states generated (27,993,550 s/min), 4,916,908,950 distinct states found (2,982,679 ds/min), 206,228,449 states left on queue.
Progress(46) at 2026-07-20 00:38:39: 38,421,613,477 states generated (26,762,683 s/min), 4,919,670,866 distinct states found (2,761,916 ds/min), 205,843,216 states left on queue.
Progress(46) at 2026-07-20 00:39:39: 38,448,916,219 states generated (27,302,742 s/min), 4,922,563,588 distinct states found (2,892,722 ds/min), 205,290,579 states left on queue.
Progress(46) at 2026-07-20 00:40:39: 38,476,362,132 states generated (27,445,913 s/min), 4,925,783,917 distinct states found (3,220,329 ds/min), 204,959,870 states left on queue.
Progress(46) at 2026-07-20 00:41:39: 38,502,937,744 states generated (26,575,612 s/min), 4,928,596,144 distinct states found (2,812,227 ds/min), 204,397,586 states left on queue.
Progress(46) at 2026-07-20 00:42:39: 38,531,158,197 states generated (28,220,453 s/min), 4,931,378,178 distinct states found (2,782,034 ds/min), 203,616,994 states left on queue.
Progress(46) at 2026-07-20 00:43:39: 38,558,920,357 states generated (27,762,160 s/min), 4,934,326,002 distinct states found (2,947,824 ds/min), 203,260,083 states left on queue.
Progress(46) at 2026-07-20 00:44:39: 38,587,308,602 states generated (28,388,245 s/min), 4,937,134,980 distinct states found (2,808,978 ds/min), 202,634,817 states left on queue.
Progress(46) at 2026-07-20 00:45:39: 38,618,549,401 states generated (31,240,799 s/min), 4,940,229,451 distinct states found (3,094,471 ds/min), 202,220,868 states left on queue.
Progress(46) at 2026-07-20 00:46:39: 38,648,835,544 states generated (30,286,143 s/min), 4,943,233,946 distinct states found (3,004,495 ds/min), 201,656,307 states left on queue.
Progress(46) at 2026-07-20 00:47:39: 38,678,250,745 states generated (29,415,201 s/min), 4,946,146,136 distinct states found (2,912,190 ds/min), 201,005,110 states left on queue.
Progress(46) at 2026-07-20 00:48:39: 38,706,134,785 states generated (27,884,040 s/min), 4,948,804,993 distinct states found (2,658,857 ds/min), 200,361,121 states left on queue.
Progress(46) at 2026-07-20 00:49:39: 38,735,098,253 states generated (28,963,468 s/min), 4,951,801,090 distinct states found (2,996,097 ds/min), 199,981,508 states left on queue.
Progress(46) at 2026-07-20 00:50:39: 38,763,996,279 states generated (28,898,026 s/min), 4,954,831,928 distinct states found (3,030,838 ds/min), 199,823,739 states left on queue.
Progress(46) at 2026-07-20 00:51:39: 38,792,408,819 states generated (28,412,540 s/min), 4,957,683,920 distinct states found (2,851,992 ds/min), 199,511,869 states left on queue.
Progress(46) at 2026-07-20 00:52:39: 38,821,619,115 states generated (29,210,296 s/min), 4,960,710,921 distinct states found (3,027,001 ds/min), 199,198,946 states left on queue.
Progress(46) at 2026-07-20 00:53:39: 38,852,148,072 states generated (30,528,957 s/min), 4,964,107,345 distinct states found (3,396,424 ds/min), 199,052,291 states left on queue.
Progress(46) at 2026-07-20 00:54:39: 38,880,839,849 states generated (28,691,777 s/min), 4,967,199,381 distinct states found (3,092,036 ds/min), 198,663,334 states left on queue.
Progress(46) at 2026-07-20 00:55:39: 38,909,941,682 states generated (29,101,833 s/min), 4,970,273,092 distinct states found (3,073,711 ds/min), 198,274,502 states left on queue.
Progress(46) at 2026-07-20 00:56:39: 38,937,984,029 states generated (28,042,347 s/min), 4,973,185,730 distinct states found (2,912,638 ds/min), 197,849,126 states left on queue.
Progress(46) at 2026-07-20 00:57:39: 38,965,936,665 states generated (27,952,636 s/min), 4,976,039,571 distinct states found (2,853,841 ds/min), 197,262,059 states left on queue.
Progress(46) at 2026-07-20 00:58:39: 38,994,898,762 states generated (28,962,097 s/min), 4,979,399,326 distinct states found (3,359,755 ds/min), 197,170,646 states left on queue.
Progress(46) at 2026-07-20 00:59:43: 39,020,674,783 states generated (25,776,021 s/min), 4,982,029,725 distinct states found (2,630,399 ds/min), 196,697,850 states left on queue.
Progress(46) at 2026-07-20 01:00:43: 39,048,282,431 states generated (27,607,648 s/min), 4,984,606,583 distinct states found (2,576,858 ds/min), 195,860,586 states left on queue.
Progress(46) at 2026-07-20 01:01:43: 39,077,399,553 states generated (29,117,122 s/min), 4,987,824,393 distinct states found (3,217,810 ds/min), 195,370,892 states left on queue.
Progress(46) at 2026-07-20 01:02:43: 39,105,939,606 states generated (28,540,053 s/min), 4,990,880,171 distinct states found (3,055,778 ds/min), 194,875,644 states left on queue.
Progress(46) at 2026-07-20 01:03:43: 39,134,552,801 states generated (28,613,195 s/min), 4,993,984,894 distinct states found (3,104,723 ds/min), 194,300,217 states left on queue.
Checkpointing of run states/26-07-19-00-57-33
Checkpointing completed at (2026-07-20 01:04:46)
Progress(46) at 2026-07-20 01:04:46: 39,163,464,727 states generated (28,911,926 s/min), 4,996,822,121 distinct states found (2,837,227 ds/min), 193,730,830 states left on queue.
Progress(46) at 2026-07-20 01:05:46: 39,190,800,742 states generated (27,336,015 s/min), 4,999,628,255 distinct states found (2,806,134 ds/min), 193,329,493 states left on queue.
Progress(46) at 2026-07-20 01:06:46: 39,218,696,607 states generated (27,895,865 s/min), 5,002,580,766 distinct states found (2,952,511 ds/min), 192,884,046 states left on queue.
Progress(46) at 2026-07-20 01:07:46: 39,246,668,013 states generated (27,971,406 s/min), 5,005,582,073 distinct states found (3,001,307 ds/min), 192,693,076 states left on queue.
Progress(46) at 2026-07-20 01:08:46: 39,274,380,414 states generated (27,712,401 s/min), 5,008,582,228 distinct states found (3,000,155 ds/min), 192,527,497 states left on queue.
Progress(46) at 2026-07-20 01:09:46: 39,302,169,163 states generated (27,788,749 s/min), 5,011,492,352 distinct states found (2,910,124 ds/min), 192,320,829 states left on queue.
Progress(46) at 2026-07-20 01:10:46: 39,330,369,859 states generated (28,200,696 s/min), 5,014,375,514 distinct states found (2,883,162 ds/min), 191,611,440 states left on queue.
Progress(46) at 2026-07-20 01:11:46: 39,358,008,304 states generated (27,638,445 s/min), 5,017,312,185 distinct states found (2,936,671 ds/min), 191,091,252 states left on queue.
Progress(46) at 2026-07-20 01:12:46: 39,384,338,450 states generated (26,330,146 s/min), 5,019,793,172 distinct states found (2,480,987 ds/min), 190,166,470 states left on queue.
Progress(46) at 2026-07-20 01:13:46: 39,412,165,500 states generated (27,827,050 s/min), 5,022,671,772 distinct states found (2,878,600 ds/min), 189,615,466 states left on queue.
Progress(46) at 2026-07-20 01:14:46: 39,441,839,078 states generated (29,673,578 s/min), 5,025,499,193 distinct states found (2,827,421 ds/min), 189,045,967 states left on queue.
Progress(46) at 2026-07-20 01:15:46: 39,470,977,445 states generated (29,138,367 s/min), 5,028,330,566 distinct states found (2,831,373 ds/min), 188,412,736 states left on queue.
Progress(46) at 2026-07-20 01:16:46: 39,500,145,457 states generated (29,168,012 s/min), 5,031,124,304 distinct states found (2,793,738 ds/min), 187,867,785 states left on queue.
Progress(46) at 2026-07-20 01:17:46: 39,529,267,847 states generated (29,122,390 s/min), 5,033,859,847 distinct states found (2,735,543 ds/min), 187,109,268 states left on queue.
Progress(46) at 2026-07-20 01:18:46: 39,558,013,357 states generated (28,745,510 s/min), 5,036,664,115 distinct states found (2,804,268 ds/min), 186,426,206 states left on queue.
Progress(46) at 2026-07-20 01:19:46: 39,586,856,905 states generated (28,843,548 s/min), 5,039,426,373 distinct states found (2,762,258 ds/min), 185,590,871 states left on queue.
Progress(46) at 2026-07-20 01:20:46: 39,614,327,566 states generated (27,470,661 s/min), 5,042,322,928 distinct states found (2,896,555 ds/min), 185,087,720 states left on queue.
Progress(46) at 2026-07-20 01:21:46: 39,642,424,274 states generated (28,096,708 s/min), 5,045,084,439 distinct states found (2,761,511 ds/min), 184,390,996 states left on queue.
Progress(46) at 2026-07-20 01:22:46: 39,670,873,898 states generated (28,449,624 s/min), 5,047,818,419 distinct states found (2,733,980 ds/min), 183,676,743 states left on queue.
Progress(46) at 2026-07-20 01:23:46: 39,700,914,024 states generated (30,040,126 s/min), 5,050,881,902 distinct states found (3,063,483 ds/min), 182,958,345 states left on queue.
Progress(46) at 2026-07-20 01:24:46: 39,730,402,499 states generated (29,488,475 s/min), 5,053,866,003 distinct states found (2,984,101 ds/min), 182,145,562 states left on queue.
Progress(47) at 2026-07-20 01:25:46: 39,758,863,922 states generated (28,461,423 s/min), 5,056,815,140 distinct states found (2,949,137 ds/min), 181,677,853 states left on queue.
Progress(47) at 2026-07-20 01:26:46: 39,786,427,544 states generated (27,563,622 s/min), 5,059,942,165 distinct states found (3,127,025 ds/min), 181,515,335 states left on queue.
Progress(47) at 2026-07-20 01:27:46: 39,815,305,591 states generated (28,878,047 s/min), 5,063,061,732 distinct states found (3,119,567 ds/min), 181,079,934 states left on queue.
Progress(47) at 2026-07-20 01:28:46: 39,844,441,021 states generated (29,135,430 s/min), 5,066,325,701 distinct states found (3,263,969 ds/min), 180,869,528 states left on queue.
Progress(47) at 2026-07-20 01:29:46: 39,873,251,610 states generated (28,810,589 s/min), 5,069,425,539 distinct states found (3,099,838 ds/min), 180,499,778 states left on queue.
Progress(47) at 2026-07-20 01:30:46: 39,900,567,110 states generated (27,315,500 s/min), 5,072,183,503 distinct states found (2,757,964 ds/min), 180,088,179 states left on queue.
Progress(47) at 2026-07-20 01:31:46: 39,928,810,692 states generated (28,243,582 s/min), 5,075,262,883 distinct states found (3,079,380 ds/min), 180,026,232 states left on queue.
Progress(47) at 2026-07-20 01:32:46: 39,956,337,495 states generated (27,526,803 s/min), 5,078,093,572 distinct states found (2,830,689 ds/min), 179,723,784 states left on queue.
Progress(47) at 2026-07-20 01:33:46: 39,982,821,861 states generated (26,484,366 s/min), 5,080,848,198 distinct states found (2,754,626 ds/min), 179,302,118 states left on queue.
Checkpointing of run states/26-07-19-00-57-33
Checkpointing completed at (2026-07-20 01:34:49)
Progress(47) at 2026-07-20 01:34:49: 40,011,794,708 states generated (28,972,847 s/min), 5,084,098,860 distinct states found (3,250,662 ds/min), 179,034,086 states left on queue.
Progress(47) at 2026-07-20 01:35:49: 40,038,298,112 states generated (26,503,404 s/min), 5,086,856,824 distinct states found (2,757,964 ds/min), 178,623,924 states left on queue.
Progress(47) at 2026-07-20 01:36:49: 40,066,374,426 states generated (28,076,314 s/min), 5,089,983,421 distinct states found (3,126,597 ds/min), 178,473,490 states left on queue.
Progress(47) at 2026-07-20 01:37:49: 40,094,366,670 states generated (27,992,244 s/min), 5,093,068,554 distinct states found (3,085,133 ds/min), 178,253,751 states left on queue.
Progress(47) at 2026-07-20 01:38:49: 40,121,892,511 states generated (27,525,841 s/min), 5,095,900,601 distinct states found (2,832,047 ds/min), 177,880,566 states left on queue.
Progress(47) at 2026-07-20 01:39:49: 40,149,068,301 states generated (27,175,790 s/min), 5,098,583,966 distinct states found (2,683,365 ds/min), 177,270,767 states left on queue.
Progress(47) at 2026-07-20 01:40:49: 40,176,194,700 states generated (27,126,399 s/min), 5,101,566,706 distinct states found (2,982,740 ds/min), 176,744,975 states left on queue.
Progress(47) at 2026-07-20 01:41:49: 40,203,005,181 states generated (26,810,481 s/min), 5,104,417,060 distinct states found (2,850,354 ds/min), 176,187,446 states left on queue.
Progress(47) at 2026-07-20 01:42:49: 40,231,094,738 states generated (28,089,557 s/min), 5,107,179,846 distinct states found (2,762,786 ds/min), 175,378,149 states left on queue.
Progress(47) at 2026-07-20 01:43:49: 40,258,530,615 states generated (27,435,877 s/min), 5,109,976,937 distinct states found (2,797,091 ds/min), 175,003,120 states left on queue.
Progress(47) at 2026-07-20 01:44:49: 40,288,334,288 states generated (29,803,673 s/min), 5,112,882,448 distinct states found (2,905,511 ds/min), 174,389,344 states left on queue.
Progress(47) at 2026-07-20 01:45:49: 40,318,295,636 states generated (29,961,348 s/min), 5,115,755,884 distinct states found (2,873,436 ds/min), 173,846,319 states left on queue.
Progress(47) at 2026-07-20 01:46:49: 40,348,176,206 states generated (29,880,570 s/min), 5,118,637,288 distinct states found (2,881,404 ds/min), 173,129,208 states left on queue.
Progress(47) at 2026-07-20 01:47:49: 40,376,047,689 states generated (27,871,483 s/min), 5,121,241,488 distinct states found (2,604,200 ds/min), 172,399,763 states left on queue.
Progress(47) at 2026-07-20 01:48:49: 40,404,567,095 states generated (28,519,406 s/min), 5,124,164,679 distinct states found (2,923,191 ds/min), 172,037,534 states left on queue.
Progress(47) at 2026-07-20 01:49:49: 40,433,357,023 states generated (28,789,928 s/min), 5,127,132,079 distinct states found (2,967,400 ds/min), 171,809,687 states left on queue.
Progress(47) at 2026-07-20 01:50:49: 40,461,627,976 states generated (28,270,953 s/min), 5,129,922,621 distinct states found (2,790,542 ds/min), 171,439,323 states left on queue.
Progress(47) at 2026-07-20 01:51:49: 40,490,989,392 states generated (29,361,416 s/min), 5,133,035,584 distinct states found (3,112,963 ds/min), 171,187,654 states left on queue.
Progress(47) at 2026-07-20 01:52:49: 40,520,918,419 states generated (29,929,027 s/min), 5,136,260,420 distinct states found (3,224,836 ds/min), 170,835,739 states left on queue.
Progress(47) at 2026-07-20 01:53:49: 40,550,033,962 states generated (29,115,543 s/min), 5,139,180,458 distinct states found (2,920,038 ds/min), 170,231,464 states left on queue.
Progress(47) at 2026-07-20 01:54:49: 40,578,381,777 states generated (28,347,815 s/min), 5,142,191,079 distinct states found (3,010,621 ds/min), 169,887,099 states left on queue.
Progress(47) at 2026-07-20 01:55:49: 40,605,841,399 states generated (27,459,622 s/min), 5,144,848,180 distinct states found (2,657,101 ds/min), 169,183,731 states left on queue.
Progress(47) at 2026-07-20 01:56:49: 40,634,516,728 states generated (28,675,329 s/min), 5,148,134,995 distinct states found (3,286,815 ds/min), 169,025,971 states left on queue.
Progress(47) at 2026-07-20 01:57:49: 40,662,641,510 states generated (28,124,782 s/min), 5,150,874,619 distinct states found (2,739,624 ds/min), 168,356,279 states left on queue.
Progress(47) at 2026-07-20 01:58:49: 40,690,758,411 states generated (28,116,901 s/min), 5,153,582,011 distinct states found (2,707,392 ds/min), 167,528,555 states left on queue.
Progress(47) at 2026-07-20 02:00:01: 40,716,816,097 states generated (26,057,686 s/min), 5,156,424,853 distinct states found (2,842,842 ds/min), 167,155,308 states left on queue.
Progress(47) at 2026-07-20 02:01:01: 40,745,145,849 states generated (28,329,752 s/min), 5,159,472,569 distinct states found (3,047,716 ds/min), 166,538,970 states left on queue.
Progress(47) at 2026-07-20 02:02:01: 40,772,428,392 states generated (27,282,543 s/min), 5,162,081,148 distinct states found (2,608,579 ds/min), 165,862,291 states left on queue.
Progress(47) at 2026-07-20 02:03:01: 40,799,889,148 states generated (27,460,756 s/min), 5,164,858,743 distinct states found (2,777,595 ds/min), 165,445,586 states left on queue.
Progress(47) at 2026-07-20 02:04:01: 40,827,125,222 states generated (27,236,074 s/min), 5,167,619,098 distinct states found (2,760,355 ds/min), 164,877,951 states left on queue.
Checkpointing of run states/26-07-19-00-57-33
Checkpointing completed at (2026-07-20 02:05:04)
Progress(47) at 2026-07-20 02:05:04: 40,856,658,347 states generated (29,533,125 s/min), 5,170,770,458 distinct states found (3,151,360 ds/min), 164,681,494 states left on queue.
Progress(47) at 2026-07-20 02:06:04: 40,883,978,579 states generated (27,320,232 s/min), 5,173,685,306 distinct states found (2,914,848 ds/min), 164,513,048 states left on queue.
Progress(47) at 2026-07-20 02:07:04: 40,911,527,654 states generated (27,549,075 s/min), 5,176,431,927 distinct states found (2,746,621 ds/min), 163,981,208 states left on queue.
Progress(47) at 2026-07-20 02:08:04: 40,939,904,345 states generated (28,376,691 s/min), 5,179,333,848 distinct states found (2,901,921 ds/min), 163,348,627 states left on queue.
Progress(47) at 2026-07-20 02:09:04: 40,966,532,566 states generated (26,628,221 s/min), 5,181,908,366 distinct states found (2,574,518 ds/min), 162,528,273 states left on queue.
Progress(47) at 2026-07-20 02:10:04: 40,993,835,402 states generated (27,302,836 s/min), 5,184,630,151 distinct states found (2,721,785 ds/min), 161,847,590 states left on queue.
Progress(47) at 2026-07-20 02:11:04: 41,023,460,434 states generated (29,625,032 s/min), 5,187,388,771 distinct states found (2,758,620 ds/min), 161,192,870 states left on queue.
Progress(47) at 2026-07-20 02:12:04: 41,052,235,217 states generated (28,774,783 s/min), 5,190,182,915 distinct states found (2,794,144 ds/min), 160,638,850 states left on queue.
Progress(47) at 2026-07-20 02:13:04: 41,081,158,558 states generated (28,923,341 s/min), 5,192,758,239 distinct states found (2,575,324 ds/min), 159,812,483 states left on queue.
Progress(47) at 2026-07-20 02:14:04: 41,110,028,489 states generated (28,869,931 s/min), 5,195,489,411 distinct states found (2,731,172 ds/min), 159,055,198 states left on queue.
Progress(47) at 2026-07-20 02:15:04: 41,138,766,573 states generated (28,738,084 s/min), 5,198,190,873 distinct states found (2,701,462 ds/min), 158,190,812 states left on queue.
Progress(47) at 2026-07-20 02:16:04: 41,165,955,705 states generated (27,189,132 s/min), 5,200,972,391 distinct states found (2,781,518 ds/min), 157,538,625 states left on queue.
Progress(47) at 2026-07-20 02:17:04: 41,194,121,285 states generated (28,165,580 s/min), 5,203,674,241 distinct states found (2,701,850 ds/min), 156,920,754 states left on queue.
Progress(47) at 2026-07-20 02:18:04: 41,223,164,919 states generated (29,043,634 s/min), 5,206,524,218 distinct states found (2,849,977 ds/min), 156,126,132 states left on queue.
Progress(47) at 2026-07-20 02:19:04: 41,252,144,335 states generated (28,979,416 s/min), 5,209,387,348 distinct states found (2,863,130 ds/min), 155,291,103 states left on queue.
Progress(48) at 2026-07-20 02:20:04: 41,279,584,888 states generated (27,440,553 s/min), 5,212,298,088 distinct states found (2,910,740 ds/min), 154,897,166 states left on queue.
Progress(48) at 2026-07-20 02:21:04: 41,306,925,140 states generated (27,340,252 s/min), 5,215,139,704 distinct states found (2,841,616 ds/min), 154,390,632 states left on queue.
Progress(48) at 2026-07-20 02:22:04: 41,335,404,833 states generated (28,479,693 s/min), 5,218,376,235 distinct states found (3,236,531 ds/min), 154,225,460 states left on queue.
Progress(48) at 2026-07-20 02:23:04: 41,364,136,103 states generated (28,731,270 s/min), 5,221,405,844 distinct states found (3,029,609 ds/min), 153,810,891 states left on queue.
Progress(48) at 2026-07-20 02:24:04: 41,391,757,028 states generated (27,620,925 s/min), 5,224,190,208 distinct states found (2,784,364 ds/min), 153,280,818 states left on queue.
Progress(48) at 2026-07-20 02:25:04: 41,419,372,807 states generated (27,615,779 s/min), 5,227,126,623 distinct states found (2,936,415 ds/min), 153,110,892 states left on queue.
Progress(48) at 2026-07-20 02:26:04: 41,446,551,450 states generated (27,178,643 s/min), 5,229,897,339 distinct states found (2,770,716 ds/min), 152,814,047 states left on queue.
Progress(48) at 2026-07-20 02:27:04: 41,472,847,877 states generated (26,296,427 s/min), 5,232,545,461 distinct states found (2,648,122 ds/min), 152,382,244 states left on queue.
Progress(48) at 2026-07-20 02:28:04: 41,499,814,558 states generated (26,966,681 s/min), 5,235,392,082 distinct states found (2,846,621 ds/min), 151,948,789 states left on queue.
Progress(48) at 2026-07-20 02:29:04: 41,526,354,297 states generated (26,539,739 s/min), 5,238,118,222 distinct states found (2,726,140 ds/min), 151,477,796 states left on queue.
Progress(48) at 2026-07-20 02:30:04: 41,554,278,034 states generated (27,923,737 s/min), 5,241,132,661 distinct states found (3,014,439 ds/min), 151,231,589 states left on queue.
Progress(48) at 2026-07-20 02:31:04: 41,582,050,096 states generated (27,772,062 s/min), 5,244,111,253 distinct states found (2,978,592 ds/min), 150,935,305 states left on queue.
Progress(48) at 2026-07-20 02:32:04: 41,609,001,783 states generated (26,951,687 s/min), 5,246,787,874 distinct states found (2,676,621 ds/min), 150,479,643 states left on queue.
Progress(48) at 2026-07-20 02:33:04: 41,636,145,980 states generated (27,144,197 s/min), 5,249,439,238 distinct states found (2,651,364 ds/min), 149,736,052 states left on queue.
Progress(48) at 2026-07-20 02:34:04: 41,662,913,450 states generated (26,767,470 s/min), 5,252,356,270 distinct states found (2,917,032 ds/min), 149,233,144 states left on queue.
Checkpointing of run states/26-07-19-00-57-33
Checkpointing completed at (2026-07-20 02:35:07)
Progress(48) at 2026-07-20 02:35:07: 41,691,487,284 states generated (28,573,834 s/min), 5,255,116,961 distinct states found (2,760,691 ds/min), 148,417,918 states left on queue.
Progress(48) at 2026-07-20 02:36:07: 41,718,249,144 states generated (26,761,860 s/min), 5,257,771,762 distinct states found (2,654,801 ds/min), 147,922,007 states left on queue.
Progress(48) at 2026-07-20 02:37:07: 41,747,909,687 states generated (29,660,543 s/min), 5,260,578,405 distinct states found (2,806,643 ds/min), 147,261,877 states left on queue.
Progress(48) at 2026-07-20 02:38:07: 41,777,820,804 states generated (29,911,117 s/min), 5,263,381,636 distinct states found (2,803,231 ds/min), 146,579,934 states left on queue.
Progress(48) at 2026-07-20 02:39:07: 41,805,744,570 states generated (27,923,766 s/min), 5,265,932,646 distinct states found (2,551,010 ds/min), 145,790,008 states left on queue.
Progress(48) at 2026-07-20 02:40:07: 41,834,232,888 states generated (28,488,318 s/min), 5,268,751,986 distinct states found (2,819,340 ds/min), 145,276,618 states left on queue.
Progress(48) at 2026-07-20 02:41:07: 41,863,044,652 states generated (28,811,764 s/min), 5,271,674,059 distinct states found (2,922,073 ds/min), 144,989,080 states left on queue.
Progress(48) at 2026-07-20 02:42:07: 41,891,415,476 states generated (28,370,824 s/min), 5,274,431,370 distinct states found (2,757,311 ds/min), 144,566,231 states left on queue.
Progress(48) at 2026-07-20 02:43:07: 41,920,316,210 states generated (28,900,734 s/min), 5,277,479,759 distinct states found (3,048,389 ds/min), 144,293,529 states left on queue.
Progress(48) at 2026-07-20 02:44:07: 41,949,906,841 states generated (29,590,631 s/min), 5,280,600,472 distinct states found (3,120,713 ds/min), 143,838,408 states left on queue.
Progress(48) at 2026-07-20 02:45:07: 41,978,195,936 states generated (28,289,095 s/min), 5,283,399,505 distinct states found (2,799,033 ds/min), 143,248,098 states left on queue.
Progress(48) at 2026-07-20 02:46:07: 42,005,867,210 states generated (27,671,274 s/min), 5,286,158,413 distinct states found (2,758,908 ds/min), 142,731,672 states left on queue.
Progress(48) at 2026-07-20 02:47:07: 42,033,457,333 states generated (27,590,123 s/min), 5,289,123,011 distinct states found (2,964,598 ds/min), 142,297,191 states left on queue.
Progress(48) at 2026-07-20 02:48:07: 42,061,541,558 states generated (28,084,225 s/min), 5,291,893,122 distinct states found (2,770,111 ds/min), 141,682,775 states left on queue.
Progress(48) at 2026-07-20 02:49:07: 42,089,475,734 states generated (27,934,176 s/min), 5,294,559,942 distinct states found (2,666,820 ds/min), 140,833,820 states left on queue.
Progress(48) at 2026-07-20 02:50:07: 42,117,337,136 states generated (27,861,402 s/min), 5,297,492,083 distinct states found (2,932,141 ds/min), 140,290,868 states left on queue.
Progress(48) at 2026-07-20 02:51:07: 42,145,047,810 states generated (27,710,674 s/min), 5,300,316,308 distinct states found (2,824,225 ds/min), 139,605,277 states left on queue.
Progress(48) at 2026-07-20 02:52:07: 42,172,313,933 states generated (27,266,123 s/min), 5,302,993,855 distinct states found (2,677,547 ds/min), 139,085,618 states left on queue.
Progress(48) at 2026-07-20 02:53:07: 42,199,949,230 states generated (27,635,297 s/min), 5,305,719,686 distinct states found (2,725,831 ds/min), 138,501,166 states left on queue.
Progress(48) at 2026-07-20 02:54:07: 42,227,708,205 states generated (27,758,975 s/min), 5,308,585,121 distinct states found (2,865,435 ds/min), 138,175,837 states left on queue.
Progress(48) at 2026-07-20 02:55:07: 42,254,863,375 states generated (27,155,170 s/min), 5,311,420,582 distinct states found (2,835,461 ds/min), 137,937,854 states left on queue.
Progress(48) at 2026-07-20 02:56:07: 42,282,597,696 states generated (27,734,321 s/min), 5,314,128,905 distinct states found (2,708,323 ds/min), 137,367,225 states left on queue.
Progress(48) at 2026-07-20 02:57:07: 42,309,576,996 states generated (26,979,300 s/min), 5,316,827,885 distinct states found (2,698,980 ds/min), 136,701,879 states left on queue.
Progress(48) at 2026-07-20 02:58:07: 42,336,300,911 states generated (26,723,915 s/min), 5,319,393,089 distinct states found (2,565,204 ds/min), 135,890,252 states left on queue.
Progress(48) at 2026-07-20 02:59:07: 42,365,067,431 states generated (28,766,520 s/min), 5,322,044,288 distinct states found (2,651,199 ds/min), 135,176,686 states left on queue.
Progress(48) at 2026-07-20 03:00:30: 42,390,360,118 states generated (25,292,687 s/min), 5,324,435,435 distinct states found (2,391,147 ds/min), 134,599,608 states left on queue.
Progress(48) at 2026-07-20 03:01:30: 42,418,936,199 states generated (28,576,081 s/min), 5,326,929,847 distinct states found (2,494,412 ds/min), 133,734,734 states left on queue.
Progress(48) at 2026-07-20 03:02:30: 42,447,212,151 states generated (28,275,952 s/min), 5,329,608,557 distinct states found (2,678,710 ds/min), 132,948,358 states left on queue.
Progress(48) at 2026-07-20 03:03:30: 42,474,471,931 states generated (27,259,780 s/min), 5,332,203,574 distinct states found (2,595,017 ds/min), 132,152,528 states left on queue.
Progress(48) at 2026-07-20 03:04:30: 42,502,428,685 states generated (27,956,754 s/min), 5,334,832,206 distinct states found (2,628,632 ds/min), 131,447,717 states left on queue.
Checkpointing of run states/26-07-19-00-57-33
Checkpointing completed at (2026-07-20 03:05:33)
Progress(48) at 2026-07-20 03:05:33: 42,532,844,448 states generated (30,415,763 s/min), 5,337,711,693 distinct states found (2,879,487 ds/min), 130,478,161 states left on queue.
Progress(49) at 2026-07-20 03:06:33: 42,561,583,340 states generated (28,738,892 s/min), 5,340,491,574 distinct states found (2,779,881 ds/min), 129,707,493 states left on queue.
Progress(49) at 2026-07-20 03:07:33: 42,588,185,008 states generated (26,601,668 s/min), 5,343,494,128 distinct states found (3,002,554 ds/min), 129,489,694 states left on queue.
Progress(49) at 2026-07-20 03:08:33: 42,616,203,416 states generated (28,018,408 s/min), 5,346,389,441 distinct states found (2,895,313 ds/min), 128,982,600 states left on queue.
Progress(49) at 2026-07-20 03:09:33: 42,644,365,453 states generated (28,162,037 s/min), 5,349,364,435 distinct states found (2,974,994 ds/min), 128,565,069 states left on queue.
Progress(49) at 2026-07-20 03:10:33: 42,672,067,274 states generated (27,701,821 s/min), 5,352,112,873 distinct states found (2,748,438 ds/min), 127,976,767 states left on queue.
Progress(49) at 2026-07-20 03:11:33: 42,699,625,162 states generated (27,557,888 s/min), 5,354,969,350 distinct states found (2,856,477 ds/min), 127,732,596 states left on queue.
Progress(49) at 2026-07-20 03:12:33: 42,726,420,427 states generated (26,795,265 s/min), 5,357,599,395 distinct states found (2,630,045 ds/min), 127,328,655 states left on queue.
Progress(49) at 2026-07-20 03:13:33: 42,752,651,191 states generated (26,230,764 s/min), 5,360,127,414 distinct states found (2,528,019 ds/min), 126,709,615 states left on queue.
Progress(49) at 2026-07-20 03:14:33: 42,779,749,535 states generated (27,098,344 s/min), 5,363,049,772 distinct states found (2,922,358 ds/min), 126,379,916 states left on queue.
Progress(49) at 2026-07-20 03:15:33: 42,806,500,578 states generated (26,751,043 s/min), 5,365,664,779 distinct states found (2,615,007 ds/min), 125,806,008 states left on queue.
Progress(49) at 2026-07-20 03:16:33: 42,833,792,863 states generated (27,292,285 s/min), 5,368,589,017 distinct states found (2,924,238 ds/min), 125,595,958 states left on queue.
Progress(49) at 2026-07-20 03:17:33: 42,860,837,165 states generated (27,044,302 s/min), 5,371,310,836 distinct states found (2,721,819 ds/min), 125,104,927 states left on queue.
Progress(49) at 2026-07-20 03:18:33: 42,887,489,324 states generated (26,652,159 s/min), 5,373,810,686 distinct states found (2,499,850 ds/min), 124,315,589 states left on queue.
Progress(49) at 2026-07-20 03:19:33: 42,913,932,569 states generated (26,443,245 s/min), 5,376,562,645 distinct states found (2,751,959 ds/min), 123,720,133 states left on queue.
Progress(49) at 2026-07-20 03:20:33: 42,940,917,982 states generated (26,985,413 s/min), 5,379,128,113 distinct states found (2,565,468 ds/min), 122,941,555 states left on queue.
Progress(49) at 2026-07-20 03:21:33: 42,968,834,145 states generated (27,916,163 s/min), 5,381,764,112 distinct states found (2,635,999 ds/min), 122,314,724 states left on queue.
Progress(49) at 2026-07-20 03:22:33: 42,998,717,414 states generated (29,883,269 s/min), 5,384,512,148 distinct states found (2,748,036 ds/min), 121,637,448 states left on queue.
Progress(49) at 2026-07-20 03:23:33: 43,026,763,071 states generated (28,045,657 s/min), 5,387,026,083 distinct states found (2,513,935 ds/min), 120,790,916 states left on queue.
Progress(49) at 2026-07-20 03:24:33: 43,055,266,869 states generated (28,503,798 s/min), 5,389,836,949 distinct states found (2,810,866 ds/min), 120,316,405 states left on queue.
Progress(49) at 2026-07-20 03:25:33: 43,083,347,054 states generated (28,080,185 s/min), 5,392,611,693 distinct states found (2,774,744 ds/min), 119,941,217 states left on queue.
Progress(49) at 2026-07-20 03:26:33: 43,111,281,620 states generated (27,934,566 s/min), 5,395,245,329 distinct states found (2,633,636 ds/min), 119,415,762 states left on queue.
Progress(49) at 2026-07-20 03:27:33: 43,140,873,694 states generated (29,592,074 s/min), 5,398,385,293 distinct states found (3,139,964 ds/min), 119,034,358 states left on queue.
Progress(49) at 2026-07-20 03:28:33: 43,168,902,692 states generated (28,028,998 s/min), 5,401,143,726 distinct states found (2,758,433 ds/min), 118,398,405 states left on queue.
Progress(49) at 2026-07-20 03:29:33: 43,196,178,341 states generated (27,275,649 s/min), 5,403,818,533 distinct states found (2,674,807 ds/min), 117,844,817 states left on queue.
Progress(49) at 2026-07-20 03:30:33: 43,223,883,693 states generated (27,705,352 s/min), 5,406,742,602 distinct states found (2,924,069 ds/min), 117,380,841 states left on queue.
Progress(49) at 2026-07-20 03:31:33: 43,251,163,415 states generated (27,279,722 s/min), 5,409,276,302 distinct states found (2,533,700 ds/min), 116,599,122 states left on queue.
Progress(49) at 2026-07-20 03:32:33: 43,278,796,941 states generated (27,633,526 s/min), 5,412,079,998 distinct states found (2,803,696 ds/min), 115,925,190 states left on queue.
Progress(49) at 2026-07-20 03:33:33: 43,305,952,910 states generated (27,155,969 s/min), 5,414,843,115 distinct states found (2,763,117 ds/min), 115,230,562 states left on queue.
Progress(49) at 2026-07-20 03:34:33: 43,332,781,160 states generated (26,828,250 s/min), 5,417,413,432 distinct states found (2,570,317 ds/min), 114,630,048 states left on queue.
Checkpointing of run states/26-07-19-00-57-33
Checkpointing completed at (2026-07-20 03:35:36)
Progress(49) at 2026-07-20 03:35:36: 43,361,205,856 states generated (28,424,696 s/min), 5,420,089,248 distinct states found (2,675,816 ds/min), 113,909,642 states left on queue.
Progress(49) at 2026-07-20 03:36:36: 43,388,887,613 states generated (27,681,757 s/min), 5,422,943,359 distinct states found (2,854,111 ds/min), 113,597,397 states left on queue.
Progress(49) at 2026-07-20 03:37:36: 43,415,455,942 states generated (26,568,329 s/min), 5,425,650,065 distinct states found (2,706,706 ds/min), 113,345,663 states left on queue.
Progress(49) at 2026-07-20 03:38:36: 43,442,619,540 states generated (27,163,598 s/min), 5,428,260,156 distinct states found (2,610,091 ds/min), 112,597,188 states left on queue.
Progress(49) at 2026-07-20 03:39:36: 43,469,129,196 states generated (26,509,656 s/min), 5,430,779,911 distinct states found (2,519,755 ds/min), 111,792,117 states left on queue.
Progress(49) at 2026-07-20 03:40:36: 43,497,122,145 states generated (27,992,949 s/min), 5,433,308,157 distinct states found (2,528,246 ds/min), 111,018,391 states left on queue.
Progress(49) at 2026-07-20 03:41:36: 43,525,193,267 states generated (28,071,122 s/min), 5,435,832,347 distinct states found (2,524,190 ds/min), 110,277,523 states left on queue.
Progress(49) at 2026-07-20 03:42:36: 43,552,926,844 states generated (27,733,577 s/min), 5,438,294,367 distinct states found (2,462,020 ds/min), 109,389,151 states left on queue.
Progress(49) at 2026-07-20 03:43:36: 43,579,798,630 states generated (26,871,786 s/min), 5,440,817,988 distinct states found (2,523,621 ds/min), 108,553,746 states left on queue.
Progress(49) at 2026-07-20 03:44:36: 43,607,222,038 states generated (27,423,408 s/min), 5,443,287,446 distinct states found (2,469,458 ds/min), 107,731,031 states left on queue.
Progress(49) at 2026-07-20 03:45:36: 43,636,113,793 states generated (28,891,755 s/min), 5,446,063,698 distinct states found (2,776,252 ds/min), 106,821,076 states left on queue.
Progress(50) at 2026-07-20 03:46:36: 43,663,035,995 states generated (26,922,202 s/min), 5,448,923,168 distinct states found (2,859,470 ds/min), 106,438,076 states left on queue.
Progress(50) at 2026-07-20 03:47:36: 43,689,707,273 states generated (26,671,278 s/min), 5,451,597,050 distinct states found (2,673,882 ds/min), 105,868,594 states left on queue.
Progress(50) at 2026-07-20 03:48:36: 43,717,517,175 states generated (27,809,902 s/min), 5,454,506,048 distinct states found (2,908,998 ds/min), 105,432,008 states left on queue.
Progress(50) at 2026-07-20 03:49:36: 43,744,586,001 states generated (27,068,826 s/min), 5,457,127,412 distinct states found (2,621,364 ds/min), 104,804,869 states left on queue.
Progress(50) at 2026-07-20 03:50:36: 43,771,457,815 states generated (26,871,814 s/min), 5,459,857,249 distinct states found (2,729,837 ds/min), 104,506,132 states left on queue.
Progress(50) at 2026-07-20 03:51:36: 43,797,851,545 states generated (26,393,730 s/min), 5,462,367,481 distinct states found (2,510,232 ds/min), 104,029,229 states left on queue.
Progress(50) at 2026-07-20 03:52:36: 43,823,548,839 states generated (25,697,294 s/min), 5,464,851,051 distinct states found (2,483,570 ds/min), 103,388,903 states left on queue.
Progress(50) at 2026-07-20 03:53:36: 43,849,012,002 states generated (25,463,163 s/min), 5,467,346,691 distinct states found (2,495,640 ds/min), 102,806,520 states left on queue.
Progress(50) at 2026-07-20 03:54:36: 43,876,570,855 states generated (27,558,853 s/min), 5,470,252,024 distinct states found (2,905,333 ds/min), 102,550,555 states left on queue.
Progress(50) at 2026-07-20 03:55:36: 43,903,669,275 states generated (27,098,420 s/min), 5,472,915,463 distinct states found (2,663,439 ds/min), 101,972,246 states left on queue.
Progress(50) at 2026-07-20 03:56:36: 43,929,595,434 states generated (25,926,159 s/min), 5,475,319,391 distinct states found (2,403,928 ds/min), 101,208,758 states left on queue.
Progress(50) at 2026-07-20 03:57:36: 43,955,384,247 states generated (25,788,813 s/min), 5,477,862,737 distinct states found (2,543,346 ds/min), 100,511,867 states left on queue.
Progress(50) at 2026-07-20 03:58:36: 43,982,166,285 states generated (26,782,038 s/min), 5,480,382,521 distinct states found (2,519,784 ds/min), 99,847,812 states left on queue.
Progress(50) at 2026-07-20 03:59:36: 44,011,130,183 states generated (28,963,898 s/min), 5,482,963,296 distinct states found (2,580,775 ds/min), 99,075,864 states left on queue.
Progress(50) at 2026-07-20 04:00:48: 44,035,733,185 states generated (24,603,002 s/min), 5,485,118,177 distinct states found (2,154,881 ds/min), 98,283,090 states left on queue.
Progress(50) at 2026-07-20 04:01:48: 44,063,610,335 states generated (27,877,150 s/min), 5,487,845,312 distinct states found (2,727,135 ds/min), 97,811,642 states left on queue.
Progress(50) at 2026-07-20 04:02:48: 44,090,973,472 states generated (27,363,137 s/min), 5,490,451,797 distinct states found (2,606,485 ds/min), 97,337,605 states left on queue.
Progress(50) at 2026-07-20 04:03:48: 44,118,731,922 states generated (27,758,450 s/min), 5,493,123,321 distinct states found (2,671,524 ds/min), 96,822,257 states left on queue.
Progress(50) at 2026-07-20 04:04:48: 44,147,225,184 states generated (28,493,262 s/min), 5,496,036,087 distinct states found (2,912,766 ds/min), 96,258,737 states left on queue.
Checkpointing of run states/26-07-19-00-57-33
Checkpointing completed at (2026-07-20 04:05:52)
Progress(50) at 2026-07-20 04:05:52: 44,175,994,346 states generated (28,769,162 s/min), 5,498,800,239 distinct states found (2,764,152 ds/min), 95,612,340 states left on queue.
Progress(50) at 2026-07-20 04:06:52: 44,202,983,380 states generated (26,989,034 s/min), 5,501,532,248 distinct states found (2,732,009 ds/min), 95,049,472 states left on queue.
Progress(50) at 2026-07-20 04:07:52: 44,229,921,435 states generated (26,938,055 s/min), 5,503,963,958 distinct states found (2,431,710 ds/min), 94,201,239 states left on queue.
Progress(50) at 2026-07-20 04:08:52: 44,257,138,550 states generated (27,217,115 s/min), 5,506,686,961 distinct states found (2,723,003 ds/min), 93,504,624 states left on queue.
Progress(50) at 2026-07-20 04:09:52: 44,283,807,559 states generated (26,669,009 s/min), 5,509,249,666 distinct states found (2,562,705 ds/min), 92,769,457 states left on queue.
Progress(50) at 2026-07-20 04:10:52: 44,309,996,048 states generated (26,188,489 s/min), 5,511,735,685 distinct states found (2,486,019 ds/min), 92,147,489 states left on queue.
Progress(50) at 2026-07-20 04:11:52: 44,336,810,232 states generated (26,814,184 s/min), 5,514,405,498 distinct states found (2,669,813 ds/min), 91,737,863 states left on queue.
Progress(50) at 2026-07-20 04:12:52: 44,363,058,538 states generated (26,248,306 s/min), 5,517,021,614 distinct states found (2,616,116 ds/min), 91,394,497 states left on queue.
Progress(50) at 2026-07-20 04:13:52: 44,389,509,009 states generated (26,450,471 s/min), 5,519,499,502 distinct states found (2,477,888 ds/min), 90,611,421 states left on queue.
Progress(50) at 2026-07-20 04:14:52: 44,416,120,482 states generated (26,611,473 s/min), 5,521,951,920 distinct states found (2,452,418 ds/min), 89,780,368 states left on queue.
Progress(50) at 2026-07-20 04:15:52: 44,443,880,079 states generated (27,759,597 s/min), 5,524,377,387 distinct states found (2,425,467 ds/min), 88,980,347 states left on queue.
Progress(50) at 2026-07-20 04:16:52: 44,471,316,247 states generated (27,436,168 s/min), 5,526,746,924 distinct states found (2,369,537 ds/min), 88,029,976 states left on queue.
Progress(50) at 2026-07-20 04:17:52: 44,497,797,668 states generated (26,481,421 s/min), 5,529,161,815 distinct states found (2,414,891 ds/min), 87,179,215 states left on queue.
Progress(50) at 2026-07-20 04:18:52: 44,525,708,387 states generated (27,910,719 s/min), 5,531,713,548 distinct states found (2,551,733 ds/min), 86,266,870 states left on queue.
Progress(51) at 2026-07-20 04:19:52: 44,552,553,989 states generated (26,845,602 s/min), 5,534,451,564 distinct states found (2,738,016 ds/min), 85,729,348 states left on queue.
Progress(51) at 2026-07-20 04:20:52: 44,579,032,151 states generated (26,478,162 s/min), 5,537,099,660 distinct states found (2,648,096 ds/min), 85,179,331 states left on queue.
Progress(51) at 2026-07-20 04:21:52: 44,606,201,618 states generated (27,169,467 s/min), 5,539,852,876 distinct states found (2,753,216 ds/min), 84,640,907 states left on queue.
Progress(51) at 2026-07-20 04:22:52: 44,632,707,485 states generated (26,505,867 s/min), 5,542,353,556 distinct states found (2,500,680 ds/min), 84,026,679 states left on queue.
Progress(51) at 2026-07-20 04:23:52: 44,659,058,615 states generated (26,351,130 s/min), 5,544,909,051 distinct states found (2,555,495 ds/min), 83,602,700 states left on queue.
Progress(51) at 2026-07-20 04:24:52: 44,684,580,111 states generated (25,521,496 s/min), 5,547,244,850 distinct states found (2,335,799 ds/min), 82,912,302 states left on queue.
Progress(51) at 2026-07-20 04:25:52: 44,709,952,048 states generated (25,371,937 s/min), 5,549,677,073 distinct states found (2,432,223 ds/min), 82,277,573 states left on queue.
Progress(51) at 2026-07-20 04:26:52: 44,737,184,448 states generated (27,232,400 s/min), 5,552,467,708 distinct states found (2,790,635 ds/min), 81,942,015 states left on queue.
Progress(51) at 2026-07-20 04:27:52: 44,763,475,344 states generated (26,290,896 s/min), 5,554,953,197 distinct states found (2,485,489 ds/min), 81,306,736 states left on queue.
Progress(51) at 2026-07-20 04:28:52: 44,789,388,623 states generated (25,913,279 s/min), 5,557,412,362 distinct states found (2,459,165 ds/min), 80,523,196 states left on queue.
Progress(51) at 2026-07-20 04:29:52: 44,815,280,591 states generated (25,891,968 s/min), 5,559,785,439 distinct states found (2,373,077 ds/min), 79,756,299 states left on queue.
Progress(51) at 2026-07-20 04:30:52: 44,843,646,210 states generated (28,365,619 s/min), 5,562,243,011 distinct states found (2,457,572 ds/min), 78,930,742 states left on queue.
Progress(51) at 2026-07-20 04:31:52: 44,871,124,506 states generated (27,478,296 s/min), 5,564,681,495 distinct states found (2,438,484 ds/min), 78,107,977 states left on queue.
Progress(51) at 2026-07-20 04:32:52: 44,898,699,598 states generated (27,575,092 s/min), 5,567,352,910 distinct states found (2,671,415 ds/min), 77,660,073 states left on queue.
Progress(51) at 2026-07-20 04:33:52: 44,926,225,093 states generated (27,525,495 s/min), 5,569,945,143 distinct states found (2,592,233 ds/min), 77,101,876 states left on queue.
Progress(51) at 2026-07-20 04:34:52: 44,954,663,503 states generated (28,438,410 s/min), 5,572,769,906 distinct states found (2,824,763 ds/min), 76,467,263 states left on queue.
Checkpointing of run states/26-07-19-00-57-33
Checkpointing completed at (2026-07-20 04:35:55)
Progress(51) at 2026-07-20 04:35:55: 44,983,153,730 states generated (28,490,227 s/min), 5,575,391,984 distinct states found (2,622,078 ds/min), 75,697,016 states left on queue.
Progress(51) at 2026-07-20 04:36:55: 45,009,994,892 states generated (26,841,162 s/min), 5,578,039,362 distinct states found (2,647,378 ds/min), 75,080,420 states left on queue.
Progress(51) at 2026-07-20 04:37:55: 45,036,808,029 states generated (26,813,137 s/min), 5,580,551,566 distinct states found (2,512,204 ds/min), 74,252,991 states left on queue.
Progress(51) at 2026-07-20 04:38:55: 45,063,311,889 states generated (26,503,860 s/min), 5,583,071,302 distinct states found (2,519,736 ds/min), 73,472,755 states left on queue.
Progress(51) at 2026-07-20 04:39:55: 45,089,403,745 states generated (26,091,856 s/min), 5,585,504,865 distinct states found (2,433,563 ds/min), 72,808,502 states left on queue.
Progress(51) at 2026-07-20 04:40:55: 45,115,976,149 states generated (26,572,404 s/min), 5,588,180,779 distinct states found (2,675,914 ds/min), 72,457,215 states left on queue.
Progress(51) at 2026-07-20 04:41:55: 45,142,331,203 states generated (26,355,054 s/min), 5,590,618,384 distinct states found (2,437,605 ds/min), 71,801,336 states left on queue.
Progress(51) at 2026-07-20 04:42:55: 45,168,804,443 states generated (26,473,240 s/min), 5,593,001,666 distinct states found (2,383,282 ds/min), 70,934,619 states left on queue.
Progress(51) at 2026-07-20 04:43:55: 45,196,229,971 states generated (27,425,528 s/min), 5,595,290,703 distinct states found (2,289,037 ds/min), 70,016,308 states left on queue.
Progress(51) at 2026-07-20 04:44:56: 45,222,858,049 states generated (26,628,078 s/min), 5,597,644,141 distinct states found (2,353,438 ds/min), 69,058,479 states left on queue.
Progress(51) at 2026-07-20 04:45:56: 45,250,563,179 states generated (27,705,130 s/min), 5,600,134,476 distinct states found (2,490,335 ds/min), 68,137,211 states left on queue.
Progress(52) at 2026-07-20 04:46:56: 45,276,759,386 states generated (26,196,207 s/min), 5,602,782,035 distinct states found (2,647,559 ds/min), 67,607,350 states left on queue.
Progress(52) at 2026-07-20 04:47:56: 45,303,663,398 states generated (26,904,012 s/min), 5,605,466,081 distinct states found (2,684,046 ds/min), 67,040,990 states left on queue.
Progress(52) at 2026-07-20 04:48:56: 45,330,243,177 states generated (26,579,779 s/min), 5,607,903,227 distinct states found (2,437,146 ds/min), 66,272,542 states left on queue.
Progress(52) at 2026-07-20 04:49:56: 45,356,531,668 states generated (26,288,491 s/min), 5,610,413,129 distinct states found (2,509,902 ds/min), 65,805,514 states left on queue.
Progress(52) at 2026-07-20 04:50:56: 45,382,040,291 states generated (25,508,623 s/min), 5,612,702,658 distinct states found (2,289,529 ds/min), 65,077,740 states left on queue.
Progress(52) at 2026-07-20 04:51:56: 45,408,025,793 states generated (25,985,502 s/min), 5,615,166,384 distinct states found (2,463,726 ds/min), 64,449,095 states left on queue.
Progress(52) at 2026-07-20 04:52:56: 45,434,502,359 states generated (26,476,566 s/min), 5,617,744,113 distinct states found (2,577,729 ds/min), 63,907,138 states left on queue.
Progress(52) at 2026-07-20 04:53:56: 45,460,002,314 states generated (25,499,955 s/min), 5,620,053,137 distinct states found (2,309,024 ds/min), 63,136,706 states left on queue.
Progress(52) at 2026-07-20 04:54:56: 45,485,671,107 states generated (25,668,793 s/min), 5,622,366,411 distinct states found (2,313,274 ds/min), 62,335,284 states left on queue.
Progress(52) at 2026-07-20 04:55:56: 45,513,832,574 states generated (28,161,467 s/min), 5,624,737,241 distinct states found (2,370,830 ds/min), 61,390,856 states left on queue.
Progress(52) at 2026-07-20 04:56:56: 45,541,361,196 states generated (27,528,622 s/min), 5,627,330,467 distinct states found (2,593,226 ds/min), 60,836,607 states left on queue.
Progress(52) at 2026-07-20 04:57:56: 45,568,406,616 states generated (27,045,420 s/min), 5,629,781,870 distinct states found (2,451,403 ds/min), 60,174,578 states left on queue.
Progress(52) at 2026-07-20 04:58:56: 45,596,599,609 states generated (28,192,993 s/min), 5,632,528,926 distinct states found (2,747,056 ds/min), 59,512,163 states left on queue.
Progress(52) at 2026-07-20 04:59:56: 45,623,257,897 states generated (26,658,288 s/min), 5,635,048,039 distinct states found (2,519,113 ds/min), 58,824,075 states left on queue.
Progress(52) at 2026-07-20 05:01:06: 45,646,664,954 states generated (23,407,057 s/min), 5,637,143,243 distinct states found (2,095,204 ds/min), 58,044,840 states left on queue.
Progress(52) at 2026-07-20 05:02:06: 45,673,406,125 states generated (26,741,171 s/min), 5,639,684,456 distinct states found (2,541,213 ds/min), 57,242,179 states left on queue.
Progress(52) at 2026-07-20 05:03:06: 45,699,463,215 states generated (26,057,090 s/min), 5,642,075,708 distinct states found (2,391,252 ds/min), 56,542,316 states left on queue.
Progress(52) at 2026-07-20 05:04:06: 45,726,039,315 states generated (26,576,100 s/min), 5,644,677,997 distinct states found (2,602,289 ds/min), 56,122,205 states left on queue.
Progress(52) at 2026-07-20 05:05:06: 45,751,976,171 states generated (25,936,856 s/min), 5,646,979,252 distinct states found (2,301,255 ds/min), 55,287,645 states left on queue.
Checkpointing of run states/26-07-19-00-57-33
Checkpointing completed at (2026-07-20 05:06:10)
Progress(52) at 2026-07-20 05:06:10: 45,780,876,199 states generated (28,900,028 s/min), 5,649,431,228 distinct states found (2,451,976 ds/min), 54,328,403 states left on queue.
Progress(52) at 2026-07-20 05:07:10: 45,807,604,971 states generated (26,728,772 s/min), 5,651,738,727 distinct states found (2,307,499 ds/min), 53,360,996 states left on queue.
Progress(53) at 2026-07-20 05:08:10: 45,834,561,227 states generated (26,956,256 s/min), 5,654,230,699 distinct states found (2,491,972 ds/min), 52,507,470 states left on queue.
Progress(53) at 2026-07-20 05:09:10: 45,860,888,469 states generated (26,327,242 s/min), 5,656,812,237 distinct states found (2,581,538 ds/min), 51,914,553 states left on queue.
Progress(53) at 2026-07-20 05:10:10: 45,887,274,438 states generated (26,385,969 s/min), 5,659,212,863 distinct states found (2,400,626 ds/min), 51,122,281 states left on queue.
Progress(53) at 2026-07-20 05:11:10: 45,913,315,167 states generated (26,040,729 s/min), 5,661,612,317 distinct states found (2,399,454 ds/min), 50,565,767 states left on queue.
Progress(53) at 2026-07-20 05:12:10: 45,938,484,026 states generated (25,168,859 s/min), 5,663,841,884 distinct states found (2,229,567 ds/min), 49,772,173 states left on queue.
Progress(53) at 2026-07-20 05:13:10: 45,965,336,247 states generated (26,852,221 s/min), 5,666,413,133 distinct states found (2,571,249 ds/min), 49,226,126 states left on queue.
Progress(53) at 2026-07-20 05:14:10: 45,990,942,002 states generated (25,605,755 s/min), 5,668,695,090 distinct states found (2,281,957 ds/min), 48,388,138 states left on queue.
Progress(53) at 2026-07-20 05:15:10: 46,017,444,828 states generated (26,502,826 s/min), 5,670,950,728 distinct states found (2,255,638 ds/min), 47,490,918 states left on queue.
Progress(53) at 2026-07-20 05:16:10: 46,045,015,167 states generated (27,570,339 s/min), 5,673,380,158 distinct states found (2,429,430 ds/min), 46,700,761 states left on queue.
Progress(53) at 2026-07-20 05:17:10: 46,072,100,060 states generated (27,084,893 s/min), 5,675,814,531 distinct states found (2,434,373 ds/min), 46,019,377 states left on queue.
Progress(53) at 2026-07-20 05:18:10: 46,099,999,703 states generated (27,899,643 s/min), 5,678,463,167 distinct states found (2,648,636 ds/min), 45,301,054 states left on queue.
Progress(53) at 2026-07-20 05:19:10: 46,126,579,770 states generated (26,580,067 s/min), 5,680,890,184 distinct states found (2,427,017 ds/min), 44,510,884 states left on queue.
Progress(53) at 2026-07-20 05:20:10: 46,153,108,204 states generated (26,528,434 s/min), 5,683,306,533 distinct states found (2,416,349 ds/min), 43,599,375 states left on queue.
Progress(53) at 2026-07-20 05:21:10: 46,179,301,069 states generated (26,192,865 s/min), 5,685,726,960 distinct states found (2,420,427 ds/min), 42,948,995 states left on queue.
Progress(53) at 2026-07-20 05:22:10: 46,205,546,232 states generated (26,245,163 s/min), 5,688,148,904 distinct states found (2,421,944 ds/min), 42,339,513 states left on queue.
Progress(53) at 2026-07-20 05:23:10: 46,232,257,973 states generated (26,711,741 s/min), 5,690,412,239 distinct states found (2,263,335 ds/min), 41,382,285 states left on queue.
Progress(53) at 2026-07-20 05:24:10: 46,259,126,393 states generated (26,868,420 s/min), 5,692,653,504 distinct states found (2,241,265 ds/min), 40,340,759 states left on queue.
Progress(54) at 2026-07-20 05:25:10: 46,285,252,903 states generated (26,126,510 s/min), 5,695,071,305 distinct states found (2,417,801 ds/min), 39,531,992 states left on queue.
Progress(54) at 2026-07-20 05:26:10: 46,311,879,035 states generated (26,626,132 s/min), 5,697,561,718 distinct states found (2,490,413 ds/min), 38,793,960 states left on queue.
Progress(54) at 2026-07-20 05:27:10: 46,337,783,398 states generated (25,904,363 s/min), 5,699,854,822 distinct states found (2,293,104 ds/min), 38,133,659 states left on queue.
Progress(54) at 2026-07-20 05:28:10: 46,363,556,419 states generated (25,773,021 s/min), 5,702,111,002 distinct states found (2,256,180 ds/min), 37,321,168 states left on queue.
Progress(54) at 2026-07-20 05:29:10: 46,389,638,229 states generated (26,081,810 s/min), 5,704,451,890 distinct states found (2,340,888 ds/min), 36,585,530 states left on queue.
Progress(54) at 2026-07-20 05:30:10: 46,415,815,453 states generated (26,177,224 s/min), 5,706,670,818 distinct states found (2,218,928 ds/min), 35,651,790 states left on queue.
Progress(54) at 2026-07-20 05:31:10: 46,443,255,492 states generated (27,440,039 s/min), 5,709,084,159 distinct states found (2,413,341 ds/min), 34,880,612 states left on queue.
Progress(54) at 2026-07-20 05:32:10: 46,470,875,390 states generated (27,619,898 s/min), 5,711,610,837 distinct states found (2,526,678 ds/min), 34,123,100 states left on queue.
Progress(54) at 2026-07-20 05:33:10: 46,497,551,843 states generated (26,676,453 s/min), 5,713,996,797 distinct states found (2,385,960 ds/min), 33,279,095 states left on queue.
Progress(54) at 2026-07-20 05:34:10: 46,523,914,917 states generated (26,363,074 s/min), 5,716,338,297 distinct states found (2,341,500 ds/min), 32,363,677 states left on queue.
Progress(54) at 2026-07-20 05:35:10: 46,550,228,867 states generated (26,313,950 s/min), 5,718,767,043 distinct states found (2,428,746 ds/min), 31,724,106 states left on queue.
Checkpointing of run states/26-07-19-00-57-33
Checkpointing completed at (2026-07-20 05:36:14)
Progress(54) at 2026-07-20 05:36:14: 46,578,359,098 states generated (28,130,231 s/min), 5,721,129,697 distinct states found (2,362,654 ds/min), 30,739,536 states left on queue.
Progress(55) at 2026-07-20 05:37:14: 46,605,193,531 states generated (26,834,433 s/min), 5,723,373,407 distinct states found (2,243,710 ds/min), 29,667,824 states left on queue.
Progress(55) at 2026-07-20 05:38:14: 46,631,343,735 states generated (26,150,204 s/min), 5,725,808,948 distinct states found (2,435,541 ds/min), 28,930,053 states left on queue.
Progress(55) at 2026-07-20 05:39:14: 46,657,185,582 states generated (25,841,847 s/min), 5,728,024,042 distinct states found (2,215,094 ds/min), 28,146,908 states left on queue.
Progress(55) at 2026-07-20 05:40:14: 46,683,202,807 states generated (26,017,225 s/min), 5,730,299,042 distinct states found (2,275,000 ds/min), 27,365,704 states left on queue.
Progress(55) at 2026-07-20 05:41:14: 46,708,684,007 states generated (25,481,200 s/min), 5,732,447,935 distinct states found (2,148,893 ds/min), 26,424,665 states left on queue.
Progress(55) at 2026-07-20 05:42:14: 46,736,165,881 states generated (27,481,874 s/min), 5,734,771,008 distinct states found (2,323,073 ds/min), 25,549,198 states left on queue.
Progress(55) at 2026-07-20 05:43:14: 46,763,645,050 states generated (27,479,169 s/min), 5,737,220,506 distinct states found (2,449,498 ds/min), 24,710,609 states left on queue.
Progress(55) at 2026-07-20 05:44:14: 46,790,067,274 states generated (26,422,224 s/min), 5,739,541,199 distinct states found (2,320,693 ds/min), 23,753,776 states left on queue.
Progress(55) at 2026-07-20 05:45:14: 46,816,304,617 states generated (26,237,343 s/min), 5,741,904,189 distinct states found (2,362,990 ds/min), 23,050,559 states left on queue.
Progress(55) at 2026-07-20 05:46:14: 46,842,645,401 states generated (26,340,784 s/min), 5,744,035,116 distinct states found (2,130,927 ds/min), 22,007,095 states left on queue.
Progress(56) at 2026-07-20 05:47:14: 46,869,015,235 states generated (26,369,834 s/min), 5,746,368,557 distinct states found (2,333,441 ds/min), 21,124,053 states left on queue.
Progress(56) at 2026-07-20 05:48:14: 46,894,848,347 states generated (25,833,112 s/min), 5,748,520,727 distinct states found (2,152,170 ds/min), 20,224,880 states left on queue.
Progress(56) at 2026-07-20 05:49:14: 46,920,777,581 states generated (25,929,234 s/min), 5,750,721,954 distinct states found (2,201,227 ds/min), 19,362,922 states left on queue.
Progress(56) at 2026-07-20 05:50:14: 46,947,529,641 states generated (26,752,060 s/min), 5,752,934,995 distinct states found (2,213,041 ds/min), 18,408,228 states left on queue.
Progress(56) at 2026-07-20 05:51:14: 46,974,646,386 states generated (27,116,745 s/min), 5,755,292,341 distinct states found (2,357,346 ds/min), 17,499,771 states left on queue.
Progress(56) at 2026-07-20 05:52:14: 47,000,976,401 states generated (26,330,015 s/min), 5,757,587,314 distinct states found (2,294,973 ds/min), 16,598,010 states left on queue.
Progress(56) at 2026-07-20 05:53:14: 47,027,341,864 states generated (26,365,463 s/min), 5,759,757,350 distinct states found (2,170,036 ds/min), 15,620,370 states left on queue.
Progress(57) at 2026-07-20 05:54:14: 47,053,490,927 states generated (26,149,063 s/min), 5,761,988,786 distinct states found (2,231,436 ds/min), 14,660,480 states left on queue.
Progress(57) at 2026-07-20 05:55:14: 47,079,365,933 states generated (25,875,006 s/min), 5,764,108,398 distinct states found (2,119,612 ds/min), 13,756,723 states left on queue.
Progress(57) at 2026-07-20 05:56:14: 47,105,830,860 states generated (26,464,927 s/min), 5,766,230,449 distinct states found (2,122,051 ds/min), 12,744,764 states left on queue.
Progress(57) at 2026-07-20 05:57:14: 47,132,625,308 states generated (26,794,448 s/min), 5,768,532,157 distinct states found (2,301,708 ds/min), 11,752,437 states left on queue.
Progress(57) at 2026-07-20 05:58:14: 47,158,900,109 states generated (26,274,801 s/min), 5,770,704,397 distinct states found (2,172,240 ds/min), 10,796,281 states left on queue.
Progress(58) at 2026-07-20 05:59:14: 47,184,639,609 states generated (25,739,500 s/min), 5,772,786,675 distinct states found (2,082,278 ds/min), 9,779,961 states left on queue.
Progress(58) at 2026-07-20 06:00:14: 47,211,062,401 states generated (26,422,792 s/min), 5,774,902,067 distinct states found (2,115,392 ds/min), 8,766,223 states left on queue.
Progress(58) at 2026-07-20 06:01:27: 47,234,178,036 states generated (23,115,635 s/min), 5,776,849,659 distinct states found (1,947,592 ds/min), 7,880,960 states left on queue.
Progress(59) at 2026-07-20 06:02:27: 47,260,223,268 states generated (26,045,232 s/min), 5,778,950,681 distinct states found (2,101,022 ds/min), 6,838,456 states left on queue.
Progress(59) at 2026-07-20 06:03:27: 47,286,357,716 states generated (26,134,448 s/min), 5,780,976,949 distinct states found (2,026,268 ds/min), 5,772,897 states left on queue.
Progress(60) at 2026-07-20 06:04:27: 47,312,466,038 states generated (26,108,322 s/min), 5,783,090,542 distinct states found (2,113,593 ds/min), 4,702,340 states left on queue.
Progress(60) at 2026-07-20 06:05:27: 47,338,478,423 states generated (26,012,385 s/min), 5,785,079,058 distinct states found (1,988,516 ds/min), 3,563,627 states left on queue.
Checkpointing of run states/26-07-19-00-57-33
Checkpointing completed at (2026-07-20 06:06:31)
Progress(61) at 2026-07-20 06:06:31: 47,366,126,917 states generated (27,648,494 s/min), 5,787,207,857 distinct states found (2,128,799 ds/min), 2,346,590 states left on queue.
Progress(63) at 2026-07-20 06:07:31: 47,391,961,198 states generated (25,834,281 s/min), 5,789,149,798 distinct states found (1,941,941 ds/min), 1,137,428 states left on queue.
Model checking completed. No error has been found.
  Estimates of the probability that TLC did not check all reachable states
  because two distinct states had the same fingerprint:
  calculated (optimistic):  val = 13
  based on the actual fingerprints:  val = 1.0
47413272900 states generated, 5790643586 distinct states found, 0 states left on queue.
The depth of the complete state graph search is 76.
The average outdegree of the complete state graph is 1 (minimum is 0, the maximum 10 and the 95th percentile is 1).
Finished in 1d 05h at (2026-07-20 06:11:55)
