TLC2 Version 2.19 of 08 August 2024 (rev: 5a47802)
Running breadth-first search Model-Checking with fp 6 and seed 3747453509473116635 with 80 workers on 80 cores with 72818MB heap and 64MB offheap memory [pid: 257728] (Linux 5.15.0-177-generic amd64, Ubuntu 11.0.31 x86_64, MSBDiskFPSet, DiskStateQueue).
Parsing file /home/yin/TLA/sc.tla
Parsing file /tmp/Naturals.tla
Parsing file /tmp/Sequences.tla
Parsing file /tmp/TLC.tla
Parsing file /tmp/FiniteSets.tla
Semantic processing of module Naturals
Semantic processing of module Sequences
Semantic processing of module FiniteSets
Semantic processing of module TLC
Semantic processing of module sc
Starting... (2026-07-16 05:44:18)
Computing initial states...
Finished computing initial states: 1 distinct state generated at 2026-07-16 05:44:19.
Progress(15) at 2026-07-16 05:44:22: 237,085 states generated (237,085 s/min), 77,442 distinct states found (77,442 ds/min), 49,956 states left on queue.
Progress(20) at 2026-07-16 05:45:22: 24,575,845 states generated (24,338,760 s/min), 5,947,677 distinct states found (5,870,235 ds/min), 3,061,956 states left on queue.
Progress(21) at 2026-07-16 05:46:22: 49,963,003 states generated (25,387,158 s/min), 11,556,026 distinct states found (5,608,349 ds/min), 5,631,067 states left on queue.
Progress(22) at 2026-07-16 05:47:22: 75,484,252 states generated (25,521,249 s/min), 16,993,430 distinct states found (5,437,404 ds/min), 7,951,439 states left on queue.
Progress(23) at 2026-07-16 05:48:22: 101,271,555 states generated (25,787,303 s/min), 22,367,258 distinct states found (5,373,828 ds/min), 10,217,321 states left on queue.
Progress(23) at 2026-07-16 05:49:22: 126,836,505 states generated (25,564,950 s/min), 27,559,915 distinct states found (5,192,657 ds/min), 12,225,796 states left on queue.
Progress(23) at 2026-07-16 05:50:22: 152,282,123 states generated (25,445,618 s/min), 32,743,221 distinct states found (5,183,306 ds/min), 14,399,672 states left on queue.
Progress(23) at 2026-07-16 05:51:22: 178,637,953 states generated (26,355,830 s/min), 37,962,523 distinct states found (5,219,302 ds/min), 16,404,460 states left on queue.
Progress(24) at 2026-07-16 05:52:23: 204,471,284 states generated (25,833,331 s/min), 43,021,498 distinct states found (5,058,975 ds/min), 18,222,320 states left on queue.
Progress(24) at 2026-07-16 05:53:23: 230,876,139 states generated (26,404,855 s/min), 48,145,409 distinct states found (5,123,911 ds/min), 20,016,384 states left on queue.
Progress(24) at 2026-07-16 05:54:23: 256,841,794 states generated (25,965,655 s/min), 53,231,699 distinct states found (5,086,290 ds/min), 22,018,986 states left on queue.
Progress(24) at 2026-07-16 05:55:23: 283,945,888 states generated (27,104,094 s/min), 58,437,230 distinct states found (5,205,531 ds/min), 23,998,175 states left on queue.
Progress(24) at 2026-07-16 05:56:23: 309,384,409 states generated (25,438,521 s/min), 63,238,161 distinct states found (4,800,931 ds/min), 25,635,618 states left on queue.
Progress(25) at 2026-07-16 05:57:23: 336,456,348 states generated (27,071,939 s/min), 68,444,484 distinct states found (5,206,323 ds/min), 27,412,739 states left on queue.
Progress(25) at 2026-07-16 05:58:23: 362,211,835 states generated (25,755,487 s/min), 73,174,011 distinct states found (4,729,527 ds/min), 28,940,179 states left on queue.
Progress(25) at 2026-07-16 05:59:23: 388,833,114 states generated (26,621,279 s/min), 78,103,228 distinct states found (4,929,217 ds/min), 30,462,047 states left on queue.
Progress(25) at 2026-07-16 06:00:23: 414,351,645 states generated (25,518,531 s/min), 82,906,600 distinct states found (4,803,372 ds/min), 32,164,088 states left on queue.
Progress(25) at 2026-07-16 06:01:23: 441,482,050 states generated (27,130,405 s/min), 87,979,721 distinct states found (5,073,121 ds/min), 34,046,071 states left on queue.
Progress(25) at 2026-07-16 06:02:23: 469,508,884 states generated (28,026,834 s/min), 93,120,796 distinct states found (5,141,075 ds/min), 35,811,408 states left on queue.
Progress(25) at 2026-07-16 06:03:23: 494,361,339 states generated (24,852,455 s/min), 97,633,054 distinct states found (4,512,258 ds/min), 37,259,948 states left on queue.
Progress(25) at 2026-07-16 06:04:23: 521,417,738 states generated (27,056,399 s/min), 102,584,899 distinct states found (4,951,845 ds/min), 38,809,109 states left on queue.
Progress(26) at 2026-07-16 06:05:23: 548,993,350 states generated (27,575,612 s/min), 107,608,484 distinct states found (5,023,585 ds/min), 40,285,993 states left on queue.
Progress(26) at 2026-07-16 06:06:23: 574,952,616 states generated (25,959,266 s/min), 112,258,041 distinct states found (4,649,557 ds/min), 41,715,531 states left on queue.
Progress(26) at 2026-07-16 06:07:23: 602,319,404 states generated (27,366,788 s/min), 117,146,391 distinct states found (4,888,350 ds/min), 43,125,658 states left on queue.
Progress(26) at 2026-07-16 06:08:23: 629,160,386 states generated (26,840,982 s/min), 121,972,500 distinct states found (4,826,109 ds/min), 44,491,427 states left on queue.
Progress(26) at 2026-07-16 06:09:23: 653,794,218 states generated (24,633,832 s/min), 126,446,745 distinct states found (4,474,245 ds/min), 45,851,480 states left on queue.
Progress(26) at 2026-07-16 06:10:23: 681,478,416 states generated (27,684,198 s/min), 131,392,585 distinct states found (4,945,840 ds/min), 47,503,286 states left on queue.
Progress(26) at 2026-07-16 06:11:23: 709,280,935 states generated (27,802,519 s/min), 136,328,570 distinct states found (4,935,985 ds/min), 49,181,910 states left on queue.
Progress(26) at 2026-07-16 06:12:23: 735,875,306 states generated (26,594,371 s/min), 141,031,568 distinct states found (4,702,998 ds/min), 50,713,104 states left on queue.
Progress(26) at 2026-07-16 06:13:23: 764,013,243 states generated (28,137,937 s/min), 146,015,027 distinct states found (4,983,459 ds/min), 52,273,160 states left on queue.
Checkpointing of run states/26-07-16-05-44-18
Checkpointing completed at (2026-07-16 06:14:23)
Progress(26) at 2026-07-16 06:14:23: 791,169,746 states generated (27,156,503 s/min), 150,769,178 distinct states found (4,754,151 ds/min), 53,640,348 states left on queue.
Progress(26) at 2026-07-16 06:15:23: 818,997,106 states generated (27,827,360 s/min), 155,596,244 distinct states found (4,827,066 ds/min), 54,967,062 states left on queue.
Progress(27) at 2026-07-16 06:16:23: 844,442,989 states generated (25,445,883 s/min), 160,073,569 distinct states found (4,477,325 ds/min), 56,148,078 states left on queue.
Progress(27) at 2026-07-16 06:17:23: 872,436,166 states generated (27,993,177 s/min), 165,022,372 distinct states found (4,948,803 ds/min), 57,500,089 states left on queue.
Progress(27) at 2026-07-16 06:18:23: 900,209,137 states generated (27,772,971 s/min), 169,976,801 distinct states found (4,954,429 ds/min), 58,999,414 states left on queue.
Progress(27) at 2026-07-16 06:19:23: 928,663,798 states generated (28,454,661 s/min), 174,691,951 distinct states found (4,715,150 ds/min), 60,118,434 states left on queue.
Progress(27) at 2026-07-16 06:20:23: 955,574,183 states generated (26,910,385 s/min), 179,415,844 distinct states found (4,723,893 ds/min), 61,387,252 states left on queue.
Progress(27) at 2026-07-16 06:21:23: 979,015,739 states generated (23,441,556 s/min), 183,500,889 distinct states found (4,085,045 ds/min), 62,449,504 states left on queue.
Progress(27) at 2026-07-16 06:22:23: 1,006,648,259 states generated (27,632,520 s/min), 188,320,423 distinct states found (4,819,534 ds/min), 63,721,030 states left on queue.
Progress(27) at 2026-07-16 06:23:23: 1,034,593,765 states generated (27,945,506 s/min), 193,095,137 distinct states found (4,774,714 ds/min), 65,026,852 states left on queue.
Progress(27) at 2026-07-16 06:24:23: 1,062,618,279 states generated (28,024,514 s/min), 197,900,476 distinct states found (4,805,339 ds/min), 66,542,486 states left on queue.
Progress(27) at 2026-07-16 06:25:23: 1,091,137,619 states generated (28,519,340 s/min), 202,715,706 distinct states found (4,815,230 ds/min), 68,013,628 states left on queue.
Progress(27) at 2026-07-16 06:26:23: 1,117,563,123 states generated (26,425,504 s/min), 207,319,805 distinct states found (4,604,099 ds/min), 69,483,941 states left on queue.
Progress(27) at 2026-07-16 06:27:23: 1,146,433,648 states generated (28,870,525 s/min), 212,175,586 distinct states found (4,855,781 ds/min), 70,850,513 states left on queue.
Progress(27) at 2026-07-16 06:28:23: 1,175,313,653 states generated (28,880,005 s/min), 217,090,855 distinct states found (4,915,269 ds/min), 72,218,236 states left on queue.
Progress(27) at 2026-07-16 06:29:23: 1,202,825,305 states generated (27,511,652 s/min), 221,702,049 distinct states found (4,611,194 ds/min), 73,443,858 states left on queue.
Progress(27) at 2026-07-16 06:30:23: 1,230,353,309 states generated (27,528,004 s/min), 226,464,488 distinct states found (4,762,439 ds/min), 74,734,012 states left on queue.
Progress(27) at 2026-07-16 06:31:23: 1,258,462,731 states generated (28,109,422 s/min), 231,154,100 distinct states found (4,689,612 ds/min), 75,877,231 states left on queue.
Progress(27) at 2026-07-16 06:32:23: 1,282,460,914 states generated (23,998,183 s/min), 235,322,346 distinct states found (4,168,246 ds/min), 76,934,388 states left on queue.
Progress(28) at 2026-07-16 06:33:23: 1,310,821,405 states generated (28,360,491 s/min), 240,040,354 distinct states found (4,718,008 ds/min), 77,988,326 states left on queue.
Progress(28) at 2026-07-16 06:34:23: 1,339,152,563 states generated (28,331,158 s/min), 244,824,620 distinct states found (4,784,266 ds/min), 79,074,736 states left on queue.
Progress(28) at 2026-07-16 06:35:23: 1,367,095,845 states generated (27,943,282 s/min), 249,741,660 distinct states found (4,917,040 ds/min), 80,537,584 states left on queue.
Progress(28) at 2026-07-16 06:36:23: 1,395,420,515 states generated (28,324,670 s/min), 254,235,573 distinct states found (4,493,913 ds/min), 81,448,988 states left on queue.
Progress(28) at 2026-07-16 06:37:23: 1,423,728,077 states generated (28,307,562 s/min), 258,962,066 distinct states found (4,726,493 ds/min), 82,659,442 states left on queue.
Progress(28) at 2026-07-16 06:38:23: 1,450,899,400 states generated (27,171,323 s/min), 263,526,965 distinct states found (4,564,899 ds/min), 83,659,814 states left on queue.
Progress(28) at 2026-07-16 06:39:23: 1,476,875,161 states generated (25,975,761 s/min), 267,937,957 distinct states found (4,410,992 ds/min), 84,706,704 states left on queue.
Progress(28) at 2026-07-16 06:40:23: 1,505,053,866 states generated (28,178,705 s/min), 272,656,377 distinct states found (4,718,420 ds/min), 85,751,805 states left on queue.
Progress(28) at 2026-07-16 06:41:23: 1,532,866,394 states generated (27,812,528 s/min), 277,293,417 distinct states found (4,637,040 ds/min), 86,901,758 states left on queue.
Progress(28) at 2026-07-16 06:42:23: 1,561,504,002 states generated (28,637,608 s/min), 281,921,036 distinct states found (4,627,619 ds/min), 88,096,768 states left on queue.
Progress(28) at 2026-07-16 06:43:23: 1,589,637,345 states generated (28,133,343 s/min), 286,589,878 distinct states found (4,668,842 ds/min), 89,472,615 states left on queue.
Checkpointing of run states/26-07-16-05-44-18
Checkpointing completed at (2026-07-16 06:44:25)
Progress(28) at 2026-07-16 06:44:25: 1,619,577,687 states generated (29,940,342 s/min), 291,375,993 distinct states found (4,786,115 ds/min), 90,701,423 states left on queue.
Progress(28) at 2026-07-16 06:45:25: 1,648,151,346 states generated (28,573,659 s/min), 296,114,792 distinct states found (4,738,799 ds/min), 92,068,146 states left on queue.
Progress(28) at 2026-07-16 06:46:25: 1,676,674,250 states generated (28,522,904 s/min), 300,948,979 distinct states found (4,834,187 ds/min), 93,468,919 states left on queue.
Progress(28) at 2026-07-16 06:47:25: 1,703,495,073 states generated (26,820,823 s/min), 305,216,176 distinct states found (4,267,197 ds/min), 94,458,912 states left on queue.
Progress(28) at 2026-07-16 06:48:25: 1,732,977,677 states generated (29,482,604 s/min), 310,123,624 distinct states found (4,907,448 ds/min), 95,816,098 states left on queue.
Progress(28) at 2026-07-16 06:49:25: 1,761,481,556 states generated (28,503,879 s/min), 314,794,772 distinct states found (4,671,148 ds/min), 96,944,245 states left on queue.
Progress(28) at 2026-07-16 06:50:25: 1,789,327,921 states generated (27,846,365 s/min), 319,370,921 distinct states found (4,576,149 ds/min), 98,083,688 states left on queue.
Progress(28) at 2026-07-16 06:51:25: 1,816,502,675 states generated (27,174,754 s/min), 323,890,350 distinct states found (4,519,429 ds/min), 99,165,713 states left on queue.
Progress(28) at 2026-07-16 06:52:25: 1,844,809,839 states generated (28,307,164 s/min), 328,514,611 distinct states found (4,624,261 ds/min), 100,206,990 states left on queue.
Progress(28) at 2026-07-16 06:53:25: 1,873,085,634 states generated (28,275,795 s/min), 333,079,316 distinct states found (4,564,705 ds/min), 101,134,570 states left on queue.
Progress(28) at 2026-07-16 06:54:25: 1,900,359,680 states generated (27,274,046 s/min), 337,602,464 distinct states found (4,523,148 ds/min), 102,113,562 states left on queue.
Progress(29) at 2026-07-16 06:55:25: 1,928,928,740 states generated (28,569,060 s/min), 342,154,945 distinct states found (4,552,481 ds/min), 102,957,279 states left on queue.
Progress(29) at 2026-07-16 06:56:25: 1,957,693,170 states generated (28,764,430 s/min), 346,783,938 distinct states found (4,628,993 ds/min), 103,897,175 states left on queue.
Progress(29) at 2026-07-16 06:57:25: 1,980,311,480 states generated (22,618,310 s/min), 350,523,653 distinct states found (3,739,715 ds/min), 104,706,062 states left on queue.
Progress(29) at 2026-07-16 06:58:25: 2,008,467,766 states generated (28,156,286 s/min), 355,392,603 distinct states found (4,868,950 ds/min), 106,147,028 states left on queue.
Progress(29) at 2026-07-16 06:59:25: 2,036,791,809 states generated (28,324,043 s/min), 359,780,212 distinct states found (4,387,609 ds/min), 107,000,306 states left on queue.
Progress(29) at 2026-07-16 07:00:25: 2,065,624,860 states generated (28,833,051 s/min), 364,357,115 distinct states found (4,576,903 ds/min), 107,866,415 states left on queue.
Progress(29) at 2026-07-16 07:01:25: 2,093,019,963 states generated (27,395,103 s/min), 368,843,364 distinct states found (4,486,249 ds/min), 108,907,632 states left on queue.
Progress(29) at 2026-07-16 07:02:25: 2,120,621,892 states generated (27,601,929 s/min), 373,338,581 distinct states found (4,495,217 ds/min), 109,794,555 states left on queue.
Progress(29) at 2026-07-16 07:03:25: 2,148,475,737 states generated (27,853,845 s/min), 377,963,398 distinct states found (4,624,817 ds/min), 110,810,395 states left on queue.
Progress(29) at 2026-07-16 07:04:25: 2,176,577,946 states generated (28,102,209 s/min), 382,389,614 distinct states found (4,426,216 ds/min), 111,604,521 states left on queue.
Progress(29) at 2026-07-16 07:05:25: 2,204,468,508 states generated (27,890,562 s/min), 386,978,682 distinct states found (4,589,068 ds/min), 112,611,396 states left on queue.
Progress(29) at 2026-07-16 07:06:25: 2,232,318,690 states generated (27,850,182 s/min), 391,373,797 distinct states found (4,395,115 ds/min), 113,478,571 states left on queue.
Progress(29) at 2026-07-16 07:07:25: 2,261,527,763 states generated (29,209,073 s/min), 395,895,272 distinct states found (4,521,475 ds/min), 114,513,833 states left on queue.
Progress(29) at 2026-07-16 07:08:25: 2,290,358,023 states generated (28,830,260 s/min), 400,415,898 distinct states found (4,520,626 ds/min), 115,717,220 states left on queue.
Progress(29) at 2026-07-16 07:09:30: 2,317,830,896 states generated (27,472,873 s/min), 404,855,367 distinct states found (4,439,469 ds/min), 116,821,281 states left on queue.
Progress(29) at 2026-07-16 07:10:30: 2,346,901,237 states generated (29,070,341 s/min), 409,298,207 distinct states found (4,442,840 ds/min), 117,849,595 states left on queue.
Progress(29) at 2026-07-16 07:11:30: 2,375,595,479 states generated (28,694,242 s/min), 413,880,623 distinct states found (4,582,416 ds/min), 119,086,799 states left on queue.
Progress(29) at 2026-07-16 07:12:30: 2,404,129,131 states generated (28,533,652 s/min), 418,526,735 distinct states found (4,646,112 ds/min), 120,261,372 states left on queue.
Progress(29) at 2026-07-16 07:13:30: 2,432,836,152 states generated (28,707,021 s/min), 423,215,457 distinct states found (4,688,722 ds/min), 121,422,065 states left on queue.
Checkpointing of run states/26-07-16-05-44-18
Checkpointing completed at (2026-07-16 07:14:32)
Progress(29) at 2026-07-16 07:14:32: 2,463,415,843 states generated (30,579,691 s/min), 427,811,393 distinct states found (4,595,936 ds/min), 122,317,322 states left on queue.
Progress(29) at 2026-07-16 07:15:32: 2,492,799,797 states generated (29,383,954 s/min), 432,685,788 distinct states found (4,874,395 ds/min), 123,625,214 states left on queue.
Progress(29) at 2026-07-16 07:16:32: 2,522,343,618 states generated (29,543,821 s/min), 437,307,817 distinct states found (4,622,029 ds/min), 124,599,519 states left on queue.
Progress(29) at 2026-07-16 07:17:32: 2,550,100,763 states generated (27,757,145 s/min), 441,734,906 distinct states found (4,427,089 ds/min), 125,576,609 states left on queue.
Progress(29) at 2026-07-16 07:18:32: 2,577,793,862 states generated (27,693,099 s/min), 446,076,428 distinct states found (4,341,522 ds/min), 126,492,791 states left on queue.
Progress(29) at 2026-07-16 07:19:32: 2,604,762,823 states generated (26,968,961 s/min), 450,464,723 distinct states found (4,388,295 ds/min), 127,458,194 states left on queue.
Progress(29) at 2026-07-16 07:20:32: 2,633,247,683 states generated (28,484,860 s/min), 455,018,074 distinct states found (4,553,351 ds/min), 128,344,955 states left on queue.
Progress(29) at 2026-07-16 07:21:32: 2,661,861,836 states generated (28,614,153 s/min), 459,517,431 distinct states found (4,499,357 ds/min), 129,284,872 states left on queue.
Progress(29) at 2026-07-16 07:22:32: 2,689,787,765 states generated (27,925,929 s/min), 463,879,212 distinct states found (4,361,781 ds/min), 129,981,219 states left on queue.
Progress(29) at 2026-07-16 07:23:32: 2,716,728,285 states generated (26,940,520 s/min), 468,203,549 distinct states found (4,324,337 ds/min), 130,779,188 states left on queue.
Progress(30) at 2026-07-16 07:24:32: 2,745,670,530 states generated (28,942,245 s/min), 472,558,152 distinct states found (4,354,603 ds/min), 131,323,870 states left on queue.
Progress(30) at 2026-07-16 07:25:32: 2,774,158,560 states generated (28,488,030 s/min), 477,037,318 distinct states found (4,479,166 ds/min), 132,169,829 states left on queue.
Progress(30) at 2026-07-16 07:26:35: 2,795,702,928 states generated (21,544,368 s/min), 480,368,946 distinct states found (3,331,628 ds/min), 132,690,514 states left on queue.
Progress(30) at 2026-07-16 07:27:35: 2,824,179,695 states generated (28,476,767 s/min), 485,003,773 distinct states found (4,634,827 ds/min), 133,693,814 states left on queue.
Progress(30) at 2026-07-16 07:28:35: 2,852,148,835 states generated (27,969,140 s/min), 489,688,904 distinct states found (4,685,131 ds/min), 135,084,371 states left on queue.
Progress(30) at 2026-07-16 07:29:35: 2,880,184,759 states generated (28,035,924 s/min), 494,188,750 distinct states found (4,499,846 ds/min), 136,064,867 states left on queue.
Progress(30) at 2026-07-16 07:30:35: 2,908,647,447 states generated (28,462,688 s/min), 498,353,083 distinct states found (4,164,333 ds/min), 136,524,294 states left on queue.
Progress(30) at 2026-07-16 07:31:35: 2,937,583,448 states generated (28,936,001 s/min), 502,774,042 distinct states found (4,420,959 ds/min), 137,348,855 states left on queue.
Progress(30) at 2026-07-16 07:32:35: 2,964,776,742 states generated (27,193,294 s/min), 507,125,347 distinct states found (4,351,305 ds/min), 138,253,177 states left on queue.
Progress(30) at 2026-07-16 07:33:35: 2,992,410,484 states generated (27,633,742 s/min), 511,618,972 distinct states found (4,493,625 ds/min), 139,174,424 states left on queue.
Progress(30) at 2026-07-16 07:34:35: 3,020,371,509 states generated (27,961,025 s/min), 516,037,530 distinct states found (4,418,558 ds/min), 139,890,353 states left on queue.
Progress(30) at 2026-07-16 07:35:35: 3,048,510,907 states generated (28,139,398 s/min), 520,349,990 distinct states found (4,312,460 ds/min), 140,611,273 states left on queue.
Progress(30) at 2026-07-16 07:36:35: 3,076,738,015 states generated (28,227,108 s/min), 524,754,859 distinct states found (4,404,869 ds/min), 141,356,085 states left on queue.
Progress(30) at 2026-07-16 07:37:35: 3,104,617,609 states generated (27,879,594 s/min), 529,122,498 distinct states found (4,367,639 ds/min), 142,163,675 states left on queue.
Progress(30) at 2026-07-16 07:38:35: 3,132,892,746 states generated (28,275,137 s/min), 533,399,418 distinct states found (4,276,920 ds/min), 142,854,883 states left on queue.
Progress(30) at 2026-07-16 07:39:35: 3,161,395,025 states generated (28,502,279 s/min), 537,658,189 distinct states found (4,258,771 ds/min), 143,544,177 states left on queue.
Progress(30) at 2026-07-16 07:40:35: 3,190,999,536 states generated (29,604,511 s/min), 542,123,896 distinct states found (4,465,707 ds/min), 144,612,031 states left on queue.
Progress(30) at 2026-07-16 07:41:35: 3,219,586,487 states generated (28,586,951 s/min), 546,482,814 distinct states found (4,358,918 ds/min), 145,737,453 states left on queue.
Progress(30) at 2026-07-16 07:42:35: 3,247,708,395 states generated (28,121,908 s/min), 550,914,252 distinct states found (4,431,438 ds/min), 146,714,530 states left on queue.
Progress(30) at 2026-07-16 07:43:35: 3,277,203,436 states generated (29,495,041 s/min), 555,189,347 distinct states found (4,275,095 ds/min), 147,655,348 states left on queue.
Checkpointing of run states/26-07-16-05-44-18
Checkpointing completed at (2026-07-16 07:44:37)
Progress(30) at 2026-07-16 07:44:37: 3,306,747,182 states generated (29,543,746 s/min), 559,682,001 distinct states found (4,492,654 ds/min), 148,466,353 states left on queue.
Progress(30) at 2026-07-16 07:45:37: 3,335,467,806 states generated (28,720,624 s/min), 564,160,043 distinct states found (4,478,042 ds/min), 149,653,457 states left on queue.
Progress(30) at 2026-07-16 07:46:37: 3,364,009,749 states generated (28,541,943 s/min), 568,677,604 distinct states found (4,517,561 ds/min), 150,684,474 states left on queue.
Progress(30) at 2026-07-16 07:47:37: 3,392,659,002 states generated (28,649,253 s/min), 573,181,351 distinct states found (4,503,747 ds/min), 151,708,047 states left on queue.
Progress(30) at 2026-07-16 07:48:37: 3,421,748,483 states generated (29,089,481 s/min), 577,607,575 distinct states found (4,426,224 ds/min), 152,400,537 states left on queue.
Progress(30) at 2026-07-16 07:49:37: 3,451,290,181 states generated (29,541,698 s/min), 582,111,486 distinct states found (4,503,911 ds/min), 153,399,314 states left on queue.
Progress(30) at 2026-07-16 07:50:37: 3,480,884,620 states generated (29,594,439 s/min), 586,856,467 distinct states found (4,744,981 ds/min), 154,531,311 states left on queue.
Progress(30) at 2026-07-16 07:51:37: 3,507,176,082 states generated (26,291,462 s/min), 590,774,029 distinct states found (3,917,562 ds/min), 155,199,593 states left on queue.
Progress(30) at 2026-07-16 07:52:37: 3,535,646,749 states generated (28,470,667 s/min), 595,130,278 distinct states found (4,356,249 ds/min), 155,949,050 states left on queue.
Progress(30) at 2026-07-16 07:53:37: 3,563,259,222 states generated (27,612,473 s/min), 599,395,112 distinct states found (4,264,834 ds/min), 156,836,612 states left on queue.
Progress(30) at 2026-07-16 07:54:37: 3,591,309,805 states generated (28,050,583 s/min), 603,667,576 distinct states found (4,272,464 ds/min), 157,668,386 states left on queue.
Progress(30) at 2026-07-16 07:55:37: 3,618,239,330 states generated (26,929,525 s/min), 608,000,094 distinct states found (4,332,518 ds/min), 158,615,266 states left on queue.
Progress(30) at 2026-07-16 07:56:37: 3,646,177,628 states generated (27,938,298 s/min), 612,429,732 distinct states found (4,429,638 ds/min), 159,420,812 states left on queue.
Progress(30) at 2026-07-16 07:57:37: 3,674,204,622 states generated (28,026,994 s/min), 616,676,530 distinct states found (4,246,798 ds/min), 160,075,125 states left on queue.
Progress(30) at 2026-07-16 07:58:37: 3,703,459,212 states generated (29,254,590 s/min), 620,983,240 distinct states found (4,306,710 ds/min), 160,704,305 states left on queue.
Progress(30) at 2026-07-16 07:59:37: 3,731,179,691 states generated (27,720,479 s/min), 625,211,762 distinct states found (4,228,522 ds/min), 161,282,242 states left on queue.
Progress(30) at 2026-07-16 08:00:37: 3,758,065,085 states generated (26,885,394 s/min), 629,305,153 distinct states found (4,093,391 ds/min), 161,836,715 states left on queue.
Progress(31) at 2026-07-16 08:01:37: 3,786,614,779 states generated (28,549,694 s/min), 633,520,777 distinct states found (4,215,624 ds/min), 162,298,606 states left on queue.
Progress(31) at 2026-07-16 08:02:37: 3,815,091,127 states generated (28,476,348 s/min), 637,823,345 distinct states found (4,302,568 ds/min), 162,995,638 states left on queue.
Progress(31) at 2026-07-16 08:03:37: 3,844,023,311 states generated (28,932,184 s/min), 642,083,783 distinct states found (4,260,438 ds/min), 163,467,480 states left on queue.
Progress(31) at 2026-07-16 08:04:37: 3,871,774,537 states generated (27,751,226 s/min), 646,390,236 distinct states found (4,306,453 ds/min), 164,087,010 states left on queue.
Progress(31) at 2026-07-16 08:05:37: 3,900,567,901 states generated (28,793,364 s/min), 651,013,075 distinct states found (4,622,839 ds/min), 165,162,314 states left on queue.
Progress(31) at 2026-07-16 08:06:37: 3,928,021,076 states generated (27,453,175 s/min), 655,458,070 distinct states found (4,444,995 ds/min), 166,429,079 states left on queue.
Progress(31) at 2026-07-16 08:07:37: 3,955,703,560 states generated (27,682,484 s/min), 659,754,302 distinct states found (4,296,232 ds/min), 167,210,719 states left on queue.
Progress(31) at 2026-07-16 08:08:37: 3,983,897,200 states generated (28,193,640 s/min), 663,899,659 distinct states found (4,145,357 ds/min), 167,883,737 states left on queue.
Progress(31) at 2026-07-16 08:09:37: 4,012,481,978 states generated (28,584,778 s/min), 668,164,351 distinct states found (4,264,692 ds/min), 168,419,668 states left on queue.
Progress(31) at 2026-07-16 08:10:37: 4,041,075,489 states generated (28,593,511 s/min), 672,336,514 distinct states found (4,172,163 ds/min), 169,061,755 states left on queue.
Progress(31) at 2026-07-16 08:11:37: 4,068,111,667 states generated (27,036,178 s/min), 676,552,013 distinct states found (4,215,499 ds/min), 169,873,812 states left on queue.
Progress(31) at 2026-07-16 08:12:37: 4,096,305,525 states generated (28,193,858 s/min), 680,940,949 distinct states found (4,388,936 ds/min), 170,655,312 states left on queue.
Progress(31) at 2026-07-16 08:13:37: 4,123,466,156 states generated (27,160,631 s/min), 685,238,085 distinct states found (4,297,136 ds/min), 171,271,491 states left on queue.
Checkpointing of run states/26-07-16-05-44-18
Checkpointing completed at (2026-07-16 08:14:40)
Progress(31) at 2026-07-16 08:14:40: 4,152,822,706 states generated (29,356,550 s/min), 689,649,745 distinct states found (4,411,660 ds/min), 171,993,179 states left on queue.
Progress(31) at 2026-07-16 08:15:40: 4,180,499,941 states generated (27,677,235 s/min), 693,703,281 distinct states found (4,053,536 ds/min), 172,447,914 states left on queue.
Progress(31) at 2026-07-16 08:16:40: 4,208,304,117 states generated (27,804,176 s/min), 697,935,414 distinct states found (4,232,133 ds/min), 173,058,292 states left on queue.
Progress(31) at 2026-07-16 08:17:40: 4,236,168,152 states generated (27,864,035 s/min), 702,104,076 distinct states found (4,168,662 ds/min), 173,654,863 states left on queue.
Progress(31) at 2026-07-16 08:18:40: 4,264,460,957 states generated (28,292,805 s/min), 706,172,678 distinct states found (4,068,602 ds/min), 174,211,857 states left on queue.
Progress(31) at 2026-07-16 08:19:40: 4,291,898,546 states generated (27,437,589 s/min), 710,253,042 distinct states found (4,080,364 ds/min), 174,750,941 states left on queue.
Progress(31) at 2026-07-16 08:20:40: 4,321,478,901 states generated (29,580,355 s/min), 714,556,843 distinct states found (4,303,801 ds/min), 175,515,721 states left on queue.
Progress(31) at 2026-07-16 08:21:40: 4,350,538,836 states generated (29,059,935 s/min), 718,799,390 distinct states found (4,242,547 ds/min), 176,393,126 states left on queue.
Progress(31) at 2026-07-16 08:22:40: 4,379,192,252 states generated (28,653,416 s/min), 722,957,761 distinct states found (4,158,371 ds/min), 177,321,659 states left on queue.
Progress(31) at 2026-07-16 08:23:40: 4,406,716,851 states generated (27,524,599 s/min), 727,189,760 distinct states found (4,231,999 ds/min), 178,286,861 states left on queue.
Progress(31) at 2026-07-16 08:24:40: 4,435,447,493 states generated (28,730,642 s/min), 731,495,413 distinct states found (4,305,653 ds/min), 179,099,972 states left on queue.
Progress(31) at 2026-07-16 08:25:40: 4,465,061,776 states generated (29,614,283 s/min), 735,697,808 distinct states found (4,202,395 ds/min), 179,884,888 states left on queue.
Progress(31) at 2026-07-16 08:26:40: 4,493,135,798 states generated (28,074,022 s/min), 739,760,935 distinct states found (4,063,127 ds/min), 180,488,323 states left on queue.
Progress(31) at 2026-07-16 08:27:40: 4,521,753,477 states generated (28,617,679 s/min), 744,057,838 distinct states found (4,296,903 ds/min), 181,517,322 states left on queue.
Progress(31) at 2026-07-16 08:28:40: 4,550,058,576 states generated (28,305,099 s/min), 748,402,474 distinct states found (4,344,636 ds/min), 182,396,924 states left on queue.
Progress(31) at 2026-07-16 08:29:40: 4,578,862,595 states generated (28,804,019 s/min), 752,792,946 distinct states found (4,390,472 ds/min), 183,270,573 states left on queue.
Progress(31) at 2026-07-16 08:30:40: 4,607,021,495 states generated (28,158,900 s/min), 757,067,602 distinct states found (4,274,656 ds/min), 184,145,095 states left on queue.
Progress(31) at 2026-07-16 08:31:40: 4,635,906,140 states generated (28,884,645 s/min), 761,368,642 distinct states found (4,301,040 ds/min), 184,734,911 states left on queue.
Progress(31) at 2026-07-16 08:32:40: 4,665,552,367 states generated (29,646,227 s/min), 765,606,708 distinct states found (4,238,066 ds/min), 185,379,210 states left on queue.
Progress(31) at 2026-07-16 08:33:40: 4,691,156,658 states generated (25,604,291 s/min), 769,640,382 distinct states found (4,033,674 ds/min), 186,306,527 states left on queue.
Progress(31) at 2026-07-16 08:34:40: 4,720,441,256 states generated (29,284,598 s/min), 774,138,603 distinct states found (4,498,221 ds/min), 187,195,392 states left on queue.
Progress(31) at 2026-07-16 08:35:40: 4,750,149,850 states generated (29,708,594 s/min), 778,397,806 distinct states found (4,259,203 ds/min), 187,770,186 states left on queue.
Progress(31) at 2026-07-16 08:36:40: 4,778,589,662 states generated (28,439,812 s/min), 782,539,459 distinct states found (4,141,653 ds/min), 188,277,179 states left on queue.
Progress(31) at 2026-07-16 08:37:40: 4,806,139,980 states generated (27,550,318 s/min), 786,706,829 distinct states found (4,167,370 ds/min), 189,214,262 states left on queue.
Progress(31) at 2026-07-16 08:38:40: 4,833,895,879 states generated (27,755,899 s/min), 790,907,416 distinct states found (4,200,587 ds/min), 189,892,893 states left on queue.
Progress(31) at 2026-07-16 08:39:40: 4,861,245,275 states generated (27,349,396 s/min), 794,828,985 distinct states found (3,921,569 ds/min), 190,423,242 states left on queue.
Progress(31) at 2026-07-16 08:40:40: 4,888,030,371 states generated (26,785,096 s/min), 799,146,335 distinct states found (4,317,350 ds/min), 191,390,389 states left on queue.
Progress(31) at 2026-07-16 08:41:40: 4,915,586,039 states generated (27,555,668 s/min), 803,336,784 distinct states found (4,190,449 ds/min), 191,986,720 states left on queue.
Progress(31) at 2026-07-16 08:42:40: 4,943,715,915 states generated (28,129,876 s/min), 807,491,554 distinct states found (4,154,770 ds/min), 192,456,547 states left on queue.
Progress(31) at 2026-07-16 08:43:40: 4,971,827,241 states generated (28,111,326 s/min), 811,690,508 distinct states found (4,198,954 ds/min), 193,149,370 states left on queue.
Checkpointing of run states/26-07-16-05-44-18
Checkpointing completed at (2026-07-16 08:44:42)
Progress(31) at 2026-07-16 08:44:42: 5,001,452,667 states generated (29,625,426 s/min), 815,964,065 distinct states found (4,273,557 ds/min), 193,596,772 states left on queue.
Progress(31) at 2026-07-16 08:45:42: 5,028,683,838 states generated (27,231,171 s/min), 819,895,653 distinct states found (3,931,588 ds/min), 194,024,020 states left on queue.
Progress(31) at 2026-07-16 08:46:42: 5,055,494,064 states generated (26,810,226 s/min), 823,876,613 distinct states found (3,980,960 ds/min), 194,397,703 states left on queue.
Progress(32) at 2026-07-16 08:47:42: 5,083,981,740 states generated (28,487,676 s/min), 827,904,432 distinct states found (4,027,819 ds/min), 194,710,144 states left on queue.
Progress(32) at 2026-07-16 08:48:42: 5,112,067,674 states generated (28,085,934 s/min), 832,039,572 distinct states found (4,135,140 ds/min), 195,241,209 states left on queue.
Progress(32) at 2026-07-16 08:49:42: 5,140,564,859 states generated (28,497,185 s/min), 836,093,437 distinct states found (4,053,865 ds/min), 195,596,798 states left on queue.
Progress(32) at 2026-07-16 08:50:42: 5,168,496,028 states generated (27,931,169 s/min), 840,138,818 distinct states found (4,045,381 ds/min), 195,975,734 states left on queue.
Progress(32) at 2026-07-16 08:51:42: 5,196,610,836 states generated (28,114,808 s/min), 844,451,369 distinct states found (4,312,551 ds/min), 196,645,817 states left on queue.
Progress(32) at 2026-07-16 08:52:42: 5,225,330,858 states generated (28,720,022 s/min), 848,975,940 distinct states found (4,524,571 ds/min), 197,680,040 states left on queue.
Progress(32) at 2026-07-16 08:53:42: 5,252,718,686 states generated (27,387,828 s/min), 853,240,351 distinct states found (4,264,411 ds/min), 198,767,798 states left on queue.
Progress(32) at 2026-07-16 08:54:42: 5,280,204,064 states generated (27,485,378 s/min), 857,511,410 distinct states found (4,271,059 ds/min), 199,673,552 states left on queue.
Progress(32) at 2026-07-16 08:55:42: 5,307,777,698 states generated (27,573,634 s/min), 861,716,277 distinct states found (4,204,867 ds/min), 200,436,729 states left on queue.
Progress(32) at 2026-07-16 08:56:42: 5,336,177,235 states generated (28,399,537 s/min), 865,626,188 distinct states found (3,909,911 ds/min), 200,748,934 states left on queue.
Progress(32) at 2026-07-16 08:57:42: 5,364,836,475 states generated (28,659,240 s/min), 869,744,198 distinct states found (4,118,010 ds/min), 201,194,990 states left on queue.
Progress(32) at 2026-07-16 08:58:42: 5,393,178,391 states generated (28,341,916 s/min), 873,736,835 distinct states found (3,992,637 ds/min), 201,675,058 states left on queue.
Progress(32) at 2026-07-16 08:59:42: 5,420,517,455 states generated (27,339,064 s/min), 877,870,246 distinct states found (4,133,411 ds/min), 202,395,442 states left on queue.
Progress(32) at 2026-07-16 09:00:42: 5,448,265,368 states generated (27,747,913 s/min), 881,905,686 distinct states found (4,035,440 ds/min), 202,921,941 states left on queue.
Progress(32) at 2026-07-16 09:01:42: 5,475,522,282 states generated (27,256,914 s/min), 886,285,223 distinct states found (4,379,537 ds/min), 203,709,620 states left on queue.
Progress(32) at 2026-07-16 09:02:42: 5,503,542,131 states generated (28,019,849 s/min), 890,499,220 distinct states found (4,213,997 ds/min), 204,148,757 states left on queue.
Progress(32) at 2026-07-16 09:03:42: 5,532,109,055 states generated (28,566,924 s/min), 894,613,303 distinct states found (4,114,083 ds/min), 204,753,305 states left on queue.
Progress(32) at 2026-07-16 09:04:42: 5,559,876,858 states generated (27,767,803 s/min), 898,521,752 distinct states found (3,908,449 ds/min), 205,023,176 states left on queue.
Progress(32) at 2026-07-16 09:05:42: 5,588,041,250 states generated (28,164,392 s/min), 902,671,160 distinct states found (4,149,408 ds/min), 205,577,935 states left on queue.
Progress(32) at 2026-07-16 09:06:42: 5,616,007,185 states generated (27,965,935 s/min), 906,728,596 distinct states found (4,057,436 ds/min), 205,959,345 states left on queue.
Progress(32) at 2026-07-16 09:07:42: 5,643,828,890 states generated (27,821,705 s/min), 910,693,871 distinct states found (3,965,275 ds/min), 206,397,985 states left on queue.
Progress(32) at 2026-07-16 09:08:42: 5,671,890,734 states generated (28,061,844 s/min), 914,602,553 distinct states found (3,908,682 ds/min), 206,779,663 states left on queue.
Progress(32) at 2026-07-16 09:09:42: 5,699,828,712 states generated (27,937,978 s/min), 918,504,999 distinct states found (3,902,446 ds/min), 207,180,597 states left on queue.
Progress(32) at 2026-07-16 09:10:42: 5,729,906,742 states generated (30,078,030 s/min), 922,777,688 distinct states found (4,272,689 ds/min), 207,935,324 states left on queue.
Progress(32) at 2026-07-16 09:11:42: 5,759,042,378 states generated (29,135,636 s/min), 926,937,973 distinct states found (4,160,285 ds/min), 208,702,523 states left on queue.
Progress(32) at 2026-07-16 09:12:42: 5,787,517,425 states generated (28,475,047 s/min), 931,041,546 distinct states found (4,103,573 ds/min), 209,544,167 states left on queue.
Progress(32) at 2026-07-16 09:13:42: 5,816,212,680 states generated (28,695,255 s/min), 935,163,640 distinct states found (4,122,094 ds/min), 210,449,636 states left on queue.
Checkpointing of run states/26-07-16-05-44-18
Checkpointing completed at (2026-07-16 09:14:45)
Progress(32) at 2026-07-16 09:14:45: 5,844,536,248 states generated (28,323,568 s/min), 939,374,345 distinct states found (4,210,705 ds/min), 211,091,713 states left on queue.
Progress(32) at 2026-07-16 09:15:45: 5,874,082,482 states generated (29,546,234 s/min), 943,638,772 distinct states found (4,264,427 ds/min), 211,888,493 states left on queue.
Progress(32) at 2026-07-16 09:16:45: 5,903,840,053 states generated (29,757,571 s/min), 947,658,528 distinct states found (4,019,756 ds/min), 212,553,851 states left on queue.
Progress(32) at 2026-07-16 09:17:45: 5,932,047,064 states generated (28,207,011 s/min), 951,637,349 distinct states found (3,978,821 ds/min), 212,963,857 states left on queue.
Progress(32) at 2026-07-16 09:18:45: 5,961,170,554 states generated (29,123,490 s/min), 955,653,612 distinct states found (4,016,263 ds/min), 213,590,185 states left on queue.
Progress(32) at 2026-07-16 09:19:45: 5,989,810,008 states generated (28,639,454 s/min), 959,948,999 distinct states found (4,295,387 ds/min), 214,633,891 states left on queue.
Progress(32) at 2026-07-16 09:20:45: 6,017,835,450 states generated (28,025,442 s/min), 964,220,132 distinct states found (4,271,133 ds/min), 215,361,740 states left on queue.
Progress(32) at 2026-07-16 09:21:45: 6,046,671,766 states generated (28,836,316 s/min), 968,452,525 distinct states found (4,232,393 ds/min), 216,058,133 states left on queue.
Progress(32) at 2026-07-16 09:22:45: 6,075,162,879 states generated (28,491,113 s/min), 972,651,258 distinct states found (4,198,733 ds/min), 216,763,047 states left on queue.
Progress(32) at 2026-07-16 09:23:45: 6,103,996,127 states generated (28,833,248 s/min), 976,918,216 distinct states found (4,266,958 ds/min), 217,372,340 states left on queue.
Progress(32) at 2026-07-16 09:24:45: 6,132,882,030 states generated (28,885,903 s/min), 980,918,755 distinct states found (4,000,539 ds/min), 217,650,498 states left on queue.
Progress(32) at 2026-07-16 09:25:45: 6,163,021,359 states generated (30,139,329 s/min), 985,085,349 distinct states found (4,166,594 ds/min), 218,301,907 states left on queue.
Progress(32) at 2026-07-16 09:26:45: 6,192,540,140 states generated (29,518,781 s/min), 989,691,860 distinct states found (4,606,511 ds/min), 219,269,495 states left on queue.
Progress(32) at 2026-07-16 09:27:45: 6,222,118,376 states generated (29,578,236 s/min), 994,173,953 distinct states found (4,482,093 ds/min), 220,102,513 states left on queue.
Progress(32) at 2026-07-16 09:28:45: 6,252,165,125 states generated (30,046,749 s/min), 998,301,609 distinct states found (4,127,656 ds/min), 220,492,980 states left on queue.
Progress(32) at 2026-07-16 09:29:45: 6,281,053,649 states generated (28,888,524 s/min), 1,002,373,866 distinct states found (4,072,257 ds/min), 220,954,497 states left on queue.
Progress(32) at 2026-07-16 09:30:45: 6,308,463,813 states generated (27,410,164 s/min), 1,006,290,975 distinct states found (3,917,109 ds/min), 221,458,194 states left on queue.
Progress(32) at 2026-07-16 09:31:45: 6,336,332,822 states generated (27,869,009 s/min), 1,010,362,677 distinct states found (4,071,702 ds/min), 222,122,351 states left on queue.
Progress(32) at 2026-07-16 09:32:45: 6,364,583,931 states generated (28,251,109 s/min), 1,014,548,283 distinct states found (4,185,606 ds/min), 222,881,343 states left on queue.
Progress(32) at 2026-07-16 09:33:50: 6,383,697,139 states generated (19,113,208 s/min), 1,017,217,122 distinct states found (2,668,839 ds/min), 223,196,440 states left on queue.
Progress(32) at 2026-07-16 09:34:50: 6,410,159,458 states generated (26,462,319 s/min), 1,021,409,623 distinct states found (4,192,501 ds/min), 224,042,249 states left on queue.
Progress(32) at 2026-07-16 09:35:50: 6,437,362,430 states generated (27,202,972 s/min), 1,025,261,703 distinct states found (3,852,080 ds/min), 224,361,721 states left on queue.
Progress(32) at 2026-07-16 09:36:51: 6,465,383,377 states generated (28,020,947 s/min), 1,029,618,178 distinct states found (4,356,475 ds/min), 225,078,663 states left on queue.
Progress(32) at 2026-07-16 09:37:51: 6,493,340,857 states generated (27,957,480 s/min), 1,033,584,496 distinct states found (3,966,318 ds/min), 225,428,182 states left on queue.
Progress(32) at 2026-07-16 09:38:51: 6,521,765,371 states generated (28,424,514 s/min), 1,037,633,699 distinct states found (4,049,203 ds/min), 225,902,458 states left on queue.
Progress(32) at 2026-07-16 09:39:51: 6,550,298,617 states generated (28,533,246 s/min), 1,041,536,213 distinct states found (3,902,514 ds/min), 226,113,093 states left on queue.
Progress(32) at 2026-07-16 09:40:51: 6,578,083,689 states generated (27,785,072 s/min), 1,045,469,759 distinct states found (3,933,546 ds/min), 226,435,998 states left on queue.
Progress(32) at 2026-07-16 09:41:51: 6,604,834,651 states generated (26,750,962 s/min), 1,049,272,278 distinct states found (3,802,519 ds/min), 226,732,888 states left on queue.
Progress(32) at 2026-07-16 09:42:51: 6,632,364,582 states generated (27,529,931 s/min), 1,053,123,213 distinct states found (3,850,935 ds/min), 226,872,057 states left on queue.
Progress(33) at 2026-07-16 09:43:51: 6,661,309,469 states generated (28,944,887 s/min), 1,057,105,099 distinct states found (3,981,886 ds/min), 227,140,447 states left on queue.
Checkpointing of run states/26-07-16-05-44-18
Checkpointing completed at (2026-07-16 09:44:53)
Progress(33) at 2026-07-16 09:44:53: 6,690,822,937 states generated (29,513,468 s/min), 1,061,298,793 distinct states found (4,193,694 ds/min), 227,639,125 states left on queue.
Progress(33) at 2026-07-16 09:45:53: 6,719,508,406 states generated (28,685,469 s/min), 1,065,185,540 distinct states found (3,886,747 ds/min), 227,738,952 states left on queue.
Progress(33) at 2026-07-16 09:46:53: 6,747,046,698 states generated (27,538,292 s/min), 1,069,123,812 distinct states found (3,938,272 ds/min), 228,062,425 states left on queue.
Progress(33) at 2026-07-16 09:47:53: 6,775,356,083 states generated (28,309,385 s/min), 1,073,421,517 distinct states found (4,297,705 ds/min), 228,760,414 states left on queue.
Progress(33) at 2026-07-16 09:48:53: 6,804,335,523 states generated (28,979,440 s/min), 1,077,798,880 distinct states found (4,377,363 ds/min), 229,581,241 states left on queue.
Progress(33) at 2026-07-16 09:49:53: 6,832,121,823 states generated (27,786,300 s/min), 1,082,032,183 distinct states found (4,233,303 ds/min), 230,563,322 states left on queue.
Progress(33) at 2026-07-16 09:50:53: 6,859,138,709 states generated (27,016,886 s/min), 1,086,157,789 distinct states found (4,125,606 ds/min), 231,608,416 states left on queue.
Progress(33) at 2026-07-16 09:51:53: 6,886,525,475 states generated (27,386,766 s/min), 1,090,318,806 distinct states found (4,161,017 ds/min), 232,281,950 states left on queue.
Progress(33) at 2026-07-16 09:52:53: 6,914,257,681 states generated (27,732,206 s/min), 1,094,405,285 distinct states found (4,086,479 ds/min), 232,924,742 states left on queue.
Progress(33) at 2026-07-16 09:53:53: 6,942,561,369 states generated (28,303,688 s/min), 1,098,250,771 distinct states found (3,845,486 ds/min), 233,204,463 states left on queue.
Progress(33) at 2026-07-16 09:54:53: 6,971,125,254 states generated (28,563,885 s/min), 1,102,237,854 distinct states found (3,987,083 ds/min), 233,514,966 states left on queue.
Progress(33) at 2026-07-16 09:55:53: 7,000,021,384 states generated (28,896,130 s/min), 1,106,181,499 distinct states found (3,943,645 ds/min), 233,840,941 states left on queue.
Progress(33) at 2026-07-16 09:56:53: 7,027,992,808 states generated (27,971,424 s/min), 1,110,166,605 distinct states found (3,985,106 ds/min), 234,412,355 states left on queue.
Progress(33) at 2026-07-16 09:57:53: 7,054,545,049 states generated (26,552,241 s/min), 1,114,013,429 distinct states found (3,846,824 ds/min), 234,868,616 states left on queue.
Progress(33) at 2026-07-16 09:58:53: 7,083,618,481 states generated (29,073,432 s/min), 1,118,163,000 distinct states found (4,149,571 ds/min), 235,453,963 states left on queue.
Progress(33) at 2026-07-16 09:59:53: 7,110,486,773 states generated (26,868,292 s/min), 1,122,371,629 distinct states found (4,208,629 ds/min), 236,026,032 states left on queue.
Progress(33) at 2026-07-16 10:00:53: 7,138,814,338 states generated (28,327,565 s/min), 1,126,496,363 distinct states found (4,124,734 ds/min), 236,369,944 states left on queue.
Progress(33) at 2026-07-16 10:01:53: 7,167,620,234 states generated (28,805,896 s/min), 1,130,545,484 distinct states found (4,049,121 ds/min), 236,865,824 states left on queue.
Progress(33) at 2026-07-16 10:02:53: 7,195,120,151 states generated (27,499,917 s/min), 1,134,336,046 distinct states found (3,790,562 ds/min), 237,083,377 states left on queue.
Progress(33) at 2026-07-16 10:03:53: 7,223,199,719 states generated (28,079,568 s/min), 1,138,225,421 distinct states found (3,889,375 ds/min), 237,414,874 states left on queue.
Progress(33) at 2026-07-16 10:04:53: 7,251,327,115 states generated (28,127,396 s/min), 1,142,294,904 distinct states found (4,069,483 ds/min), 237,765,601 states left on queue.
Progress(33) at 2026-07-16 10:05:53: 7,279,320,706 states generated (27,993,591 s/min), 1,146,150,509 distinct states found (3,855,605 ds/min), 238,068,849 states left on queue.
Progress(33) at 2026-07-16 10:06:53: 7,307,515,288 states generated (28,194,582 s/min), 1,149,930,807 distinct states found (3,780,298 ds/min), 238,341,805 states left on queue.
Progress(33) at 2026-07-16 10:07:53: 7,335,000,546 states generated (27,485,258 s/min), 1,153,720,675 distinct states found (3,789,868 ds/min), 238,624,119 states left on queue.
Progress(33) at 2026-07-16 10:08:53: 7,363,397,809 states generated (28,397,263 s/min), 1,157,538,403 distinct states found (3,817,728 ds/min), 238,889,362 states left on queue.
Progress(33) at 2026-07-16 10:09:53: 7,393,790,341 states generated (30,392,532 s/min), 1,161,831,902 distinct states found (4,293,499 ds/min), 239,605,494 states left on queue.
Progress(33) at 2026-07-16 10:10:53: 7,423,280,460 states generated (29,490,119 s/min), 1,165,934,087 distinct states found (4,102,185 ds/min), 240,368,875 states left on queue.
Progress(33) at 2026-07-16 10:11:53: 7,451,748,291 states generated (28,467,831 s/min), 1,169,850,088 distinct states found (3,916,001 ds/min), 240,789,112 states left on queue.
Progress(33) at 2026-07-16 10:12:53: 7,480,706,696 states generated (28,958,405 s/min), 1,173,842,625 distinct states found (3,992,537 ds/min), 241,665,441 states left on queue.
Progress(33) at 2026-07-16 10:13:53: 7,509,233,165 states generated (28,526,469 s/min), 1,177,834,560 distinct states found (3,991,935 ds/min), 242,409,199 states left on queue.
Checkpointing of run states/26-07-16-05-44-18
Checkpointing completed at (2026-07-16 10:14:56)
Progress(33) at 2026-07-16 10:14:56: 7,537,481,845 states generated (28,248,680 s/min), 1,181,932,638 distinct states found (4,098,078 ds/min), 242,975,138 states left on queue.
Progress(33) at 2026-07-16 10:15:56: 7,566,848,564 states generated (29,366,719 s/min), 1,185,996,398 distinct states found (4,063,760 ds/min), 243,495,451 states left on queue.
Progress(33) at 2026-07-16 10:16:56: 7,596,898,110 states generated (30,049,546 s/min), 1,190,200,091 distinct states found (4,203,693 ds/min), 244,262,319 states left on queue.
Progress(33) at 2026-07-16 10:17:56: 7,626,007,299 states generated (29,109,189 s/min), 1,194,065,475 distinct states found (3,865,384 ds/min), 244,584,171 states left on queue.
Progress(33) at 2026-07-16 10:18:56: 7,654,002,029 states generated (27,994,730 s/min), 1,197,723,426 distinct states found (3,657,951 ds/min), 244,896,027 states left on queue.
Progress(33) at 2026-07-16 10:19:56: 7,683,116,195 states generated (29,114,166 s/min), 1,201,689,398 distinct states found (3,965,972 ds/min), 245,497,479 states left on queue.
Progress(33) at 2026-07-16 10:20:56: 7,711,640,986 states generated (28,524,791 s/min), 1,205,856,065 distinct states found (4,166,667 ds/min), 246,442,851 states left on queue.
Progress(33) at 2026-07-16 10:21:56: 7,739,760,570 states generated (28,119,584 s/min), 1,209,977,204 distinct states found (4,121,139 ds/min), 247,022,532 states left on queue.
Progress(33) at 2026-07-16 10:22:56: 7,768,066,957 states generated (28,306,387 s/min), 1,214,051,843 distinct states found (4,074,639 ds/min), 247,592,660 states left on queue.
Progress(33) at 2026-07-16 10:23:56: 7,797,006,716 states generated (28,939,759 s/min), 1,218,229,168 distinct states found (4,177,325 ds/min), 248,100,927 states left on queue.
Progress(33) at 2026-07-16 10:24:56: 7,825,445,047 states generated (28,438,331 s/min), 1,222,224,628 distinct states found (3,995,460 ds/min), 248,678,153 states left on queue.
Progress(33) at 2026-07-16 10:25:56: 7,854,258,404 states generated (28,813,357 s/min), 1,226,341,410 distinct states found (4,116,782 ds/min), 249,073,159 states left on queue.
Progress(33) at 2026-07-16 10:26:56: 7,883,241,434 states generated (28,983,030 s/min), 1,230,212,944 distinct states found (3,871,534 ds/min), 249,221,081 states left on queue.
Progress(33) at 2026-07-16 10:27:56: 7,913,573,551 states generated (30,332,117 s/min), 1,234,196,785 distinct states found (3,983,841 ds/min), 249,690,336 states left on queue.
Progress(33) at 2026-07-16 10:28:56: 7,942,879,341 states generated (29,305,790 s/min), 1,238,809,451 distinct states found (4,612,666 ds/min), 250,675,232 states left on queue.
Progress(33) at 2026-07-16 10:29:56: 7,972,380,099 states generated (29,500,758 s/min), 1,243,010,047 distinct states found (4,200,596 ds/min), 251,211,683 states left on queue.
Progress(33) at 2026-07-16 10:30:56: 8,002,252,989 states generated (29,872,890 s/min), 1,247,293,802 distinct states found (4,283,755 ds/min), 251,793,775 states left on queue.
Progress(33) at 2026-07-16 10:31:56: 8,031,975,395 states generated (29,722,406 s/min), 1,251,262,587 distinct states found (3,968,785 ds/min), 252,050,942 states left on queue.
Progress(33) at 2026-07-16 10:32:56: 8,060,749,404 states generated (28,774,009 s/min), 1,255,185,423 distinct states found (3,922,836 ds/min), 252,299,646 states left on queue.
Progress(33) at 2026-07-16 10:34:07: 8,085,578,076 states generated (24,828,672 s/min), 1,258,686,962 distinct states found (3,501,539 ds/min), 252,779,617 states left on queue.
Progress(33) at 2026-07-16 10:35:07: 8,113,580,255 states generated (28,002,179 s/min), 1,262,685,188 distinct states found (3,998,226 ds/min), 253,510,398 states left on queue.
Progress(33) at 2026-07-16 10:36:07: 8,141,268,307 states generated (27,688,052 s/min), 1,266,596,477 distinct states found (3,911,289 ds/min), 253,892,409 states left on queue.
Progress(33) at 2026-07-16 10:37:07: 8,169,024,188 states generated (27,755,881 s/min), 1,270,534,572 distinct states found (3,938,095 ds/min), 254,513,157 states left on queue.
Progress(33) at 2026-07-16 10:38:07: 8,196,092,902 states generated (27,068,714 s/min), 1,274,485,701 distinct states found (3,951,129 ds/min), 255,033,583 states left on queue.
Progress(33) at 2026-07-16 10:39:07: 8,222,606,883 states generated (26,513,981 s/min), 1,278,386,808 distinct states found (3,901,107 ds/min), 255,598,849 states left on queue.
Progress(33) at 2026-07-16 10:40:07: 8,249,793,282 states generated (27,186,399 s/min), 1,282,245,394 distinct states found (3,858,586 ds/min), 255,855,827 states left on queue.
Progress(33) at 2026-07-16 10:41:07: 8,278,131,497 states generated (28,338,215 s/min), 1,286,411,805 distinct states found (4,166,411 ds/min), 256,329,017 states left on queue.
Progress(33) at 2026-07-16 10:42:07: 8,305,653,012 states generated (27,521,515 s/min), 1,290,272,282 distinct states found (3,860,477 ds/min), 256,653,593 states left on queue.
Progress(33) at 2026-07-16 10:43:07: 8,333,847,381 states generated (28,194,369 s/min), 1,294,199,641 distinct states found (3,927,359 ds/min), 257,050,730 states left on queue.
Progress(33) at 2026-07-16 10:44:07: 8,362,856,978 states generated (29,009,597 s/min), 1,297,999,420 distinct states found (3,799,779 ds/min), 257,135,772 states left on queue.
Checkpointing of run states/26-07-16-05-44-18
Checkpointing completed at (2026-07-16 10:45:10)
Progress(33) at 2026-07-16 10:45:10: 8,391,941,316 states generated (29,084,338 s/min), 1,302,008,015 distinct states found (4,008,595 ds/min), 257,313,910 states left on queue.
Progress(33) at 2026-07-16 10:46:10: 8,418,565,345 states generated (26,624,029 s/min), 1,305,586,900 distinct states found (3,578,885 ds/min), 257,402,681 states left on queue.
Progress(33) at 2026-07-16 10:47:10: 8,445,404,755 states generated (26,839,410 s/min), 1,309,373,431 distinct states found (3,786,531 ds/min), 257,611,138 states left on queue.
Progress(34) at 2026-07-16 10:48:10: 8,474,431,382 states generated (29,026,627 s/min), 1,313,208,333 distinct states found (3,834,902 ds/min), 257,700,589 states left on queue.
Progress(34) at 2026-07-16 10:49:10: 8,502,503,704 states generated (28,072,322 s/min), 1,317,050,743 distinct states found (3,842,410 ds/min), 257,999,306 states left on queue.
Progress(34) at 2026-07-16 10:50:10: 8,531,364,279 states generated (28,860,575 s/min), 1,320,901,390 distinct states found (3,850,647 ds/min), 258,097,379 states left on queue.
Progress(34) at 2026-07-16 10:51:10: 8,559,883,461 states generated (28,519,182 s/min), 1,324,755,017 distinct states found (3,853,627 ds/min), 258,321,775 states left on queue.
Progress(34) at 2026-07-16 10:52:10: 8,587,134,577 states generated (27,251,116 s/min), 1,328,497,243 distinct states found (3,742,226 ds/min), 258,402,883 states left on queue.
Progress(34) at 2026-07-16 10:53:10: 8,615,762,822 states generated (28,628,245 s/min), 1,332,775,972 distinct states found (4,278,729 ds/min), 259,138,084 states left on queue.
Progress(34) at 2026-07-16 10:54:10: 8,644,672,922 states generated (28,910,100 s/min), 1,336,996,339 distinct states found (4,220,367 ds/min), 259,819,475 states left on queue.
Progress(34) at 2026-07-16 10:55:10: 8,672,555,990 states generated (27,883,068 s/min), 1,341,237,443 distinct states found (4,241,104 ds/min), 260,686,509 states left on queue.
Progress(34) at 2026-07-16 10:56:10: 8,699,822,545 states generated (27,266,555 s/min), 1,345,196,841 distinct states found (3,959,398 ds/min), 261,573,829 states left on queue.
Progress(34) at 2026-07-16 10:57:10: 8,726,748,992 states generated (26,926,447 s/min), 1,349,141,699 distinct states found (3,944,858 ds/min), 262,439,213 states left on queue.
Progress(34) at 2026-07-16 10:58:10: 8,754,244,151 states generated (27,495,159 s/min), 1,353,229,405 distinct states found (4,087,706 ds/min), 262,972,123 states left on queue.
Progress(34) at 2026-07-16 10:59:10: 8,781,821,676 states generated (27,577,525 s/min), 1,357,209,681 distinct states found (3,980,276 ds/min), 263,503,144 states left on queue.
Progress(34) at 2026-07-16 11:00:10: 8,809,948,771 states generated (28,127,095 s/min), 1,361,030,562 distinct states found (3,820,881 ds/min), 263,906,885 states left on queue.
Progress(34) at 2026-07-16 11:01:10: 8,838,162,898 states generated (28,214,127 s/min), 1,364,809,722 distinct states found (3,779,160 ds/min), 263,890,687 states left on queue.
Progress(34) at 2026-07-16 11:02:10: 8,867,438,540 states generated (29,275,642 s/min), 1,368,663,552 distinct states found (3,853,830 ds/min), 264,150,854 states left on queue.
Progress(34) at 2026-07-16 11:03:10: 8,895,160,069 states generated (27,721,529 s/min), 1,372,381,147 distinct states found (3,717,595 ds/min), 264,438,900 states left on queue.
Progress(34) at 2026-07-16 11:04:10: 8,922,777,366 states generated (27,617,297 s/min), 1,376,332,267 distinct states found (3,951,120 ds/min), 264,983,487 states left on queue.
Progress(34) at 2026-07-16 11:05:10: 8,949,358,114 states generated (26,580,748 s/min), 1,379,989,212 distinct states found (3,656,945 ds/min), 265,196,487 states left on queue.
Progress(34) at 2026-07-16 11:06:10: 8,979,190,609 states generated (29,832,495 s/min), 1,384,204,504 distinct states found (4,215,292 ds/min), 265,868,605 states left on queue.
Progress(34) at 2026-07-16 11:07:10: 9,005,956,324 states generated (26,765,715 s/min), 1,388,318,313 distinct states found (4,113,809 ds/min), 266,324,509 states left on queue.
Progress(34) at 2026-07-16 11:08:10: 9,034,169,025 states generated (28,212,701 s/min), 1,392,312,263 distinct states found (3,993,950 ds/min), 266,528,463 states left on queue.
Progress(34) at 2026-07-16 11:09:10: 9,062,785,094 states generated (28,616,069 s/min), 1,396,177,840 distinct states found (3,865,577 ds/min), 266,852,516 states left on queue.
Progress(34) at 2026-07-16 11:10:10: 9,091,017,971 states generated (28,232,877 s/min), 1,400,045,442 distinct states found (3,867,602 ds/min), 267,129,529 states left on queue.
Progress(34) at 2026-07-16 11:11:10: 9,118,748,724 states generated (27,730,753 s/min), 1,403,756,849 distinct states found (3,711,407 ds/min), 267,335,763 states left on queue.
Progress(34) at 2026-07-16 11:12:10: 9,146,943,248 states generated (28,194,524 s/min), 1,407,663,665 distinct states found (3,906,816 ds/min), 267,640,981 states left on queue.
Progress(34) at 2026-07-16 11:13:10: 9,174,855,854 states generated (27,912,606 s/min), 1,411,452,067 distinct states found (3,788,402 ds/min), 267,711,392 states left on queue.
Progress(34) at 2026-07-16 11:14:10: 9,202,526,071 states generated (27,670,217 s/min), 1,415,162,081 distinct states found (3,710,014 ds/min), 267,994,066 states left on queue.
Checkpointing of run states/26-07-16-05-44-18
Checkpointing completed at (2026-07-16 11:15:13)
Progress(34) at 2026-07-16 11:15:13: 9,232,508,928 states generated (29,982,857 s/min), 1,418,936,252 distinct states found (3,774,171 ds/min), 268,125,309 states left on queue.
Progress(34) at 2026-07-16 11:16:13: 9,259,472,630 states generated (26,963,702 s/min), 1,422,561,349 distinct states found (3,625,097 ds/min), 268,207,019 states left on queue.
Progress(34) at 2026-07-16 11:17:13: 9,288,447,648 states generated (28,975,018 s/min), 1,426,383,250 distinct states found (3,821,901 ds/min), 268,456,387 states left on queue.
Progress(34) at 2026-07-16 11:18:13: 9,318,833,026 states generated (30,385,378 s/min), 1,430,480,410 distinct states found (4,097,160 ds/min), 268,974,212 states left on queue.
Progress(34) at 2026-07-16 11:19:13: 9,348,218,823 states generated (29,385,797 s/min), 1,434,519,542 distinct states found (4,039,132 ds/min), 269,677,486 states left on queue.
Progress(34) at 2026-07-16 11:20:13: 9,377,248,606 states generated (29,029,783 s/min), 1,438,372,482 distinct states found (3,852,940 ds/min), 270,042,473 states left on queue.
Progress(34) at 2026-07-16 11:21:13: 9,405,616,653 states generated (28,368,047 s/min), 1,442,207,092 distinct states found (3,834,610 ds/min), 270,656,457 states left on queue.
Progress(34) at 2026-07-16 11:22:13: 9,434,875,957 states generated (29,259,304 s/min), 1,446,004,723 distinct states found (3,797,631 ds/min), 271,226,334 states left on queue.
Progress(34) at 2026-07-16 11:23:13: 9,463,178,488 states generated (28,302,531 s/min), 1,450,014,981 distinct states found (4,010,258 ds/min), 271,969,671 states left on queue.
Progress(34) at 2026-07-16 11:24:13: 9,490,154,438 states generated (26,975,950 s/min), 1,453,746,400 distinct states found (3,731,419 ds/min), 272,366,170 states left on queue.
Progress(34) at 2026-07-16 11:25:13: 9,519,604,585 states generated (29,450,147 s/min), 1,457,787,759 distinct states found (4,041,359 ds/min), 272,775,458 states left on queue.
Progress(34) at 2026-07-16 11:26:13: 9,549,167,741 states generated (29,563,156 s/min), 1,461,692,336 distinct states found (3,904,577 ds/min), 273,264,569 states left on queue.
Progress(34) at 2026-07-16 11:27:13: 9,576,739,235 states generated (27,571,494 s/min), 1,465,357,103 distinct states found (3,664,767 ds/min), 273,836,106 states left on queue.
Progress(34) at 2026-07-16 11:28:13: 9,604,962,438 states generated (28,223,203 s/min), 1,468,933,965 distinct states found (3,576,862 ds/min), 273,838,971 states left on queue.
Progress(34) at 2026-07-16 11:29:13: 9,633,443,164 states generated (28,480,726 s/min), 1,472,606,066 distinct states found (3,672,101 ds/min), 274,110,419 states left on queue.
Progress(34) at 2026-07-16 11:30:13: 9,662,462,928 states generated (29,019,764 s/min), 1,476,488,422 distinct states found (3,882,356 ds/min), 274,678,682 states left on queue.
Progress(34) at 2026-07-16 11:31:13: 9,690,820,874 states generated (28,357,946 s/min), 1,480,516,189 distinct states found (4,027,767 ds/min), 275,495,986 states left on queue.
Progress(34) at 2026-07-16 11:32:13: 9,718,898,164 states generated (28,077,290 s/min), 1,484,514,346 distinct states found (3,998,157 ds/min), 276,069,553 states left on queue.
Progress(34) at 2026-07-16 11:33:13: 9,747,091,644 states generated (28,193,480 s/min), 1,488,487,509 distinct states found (3,973,163 ds/min), 276,398,063 states left on queue.
Progress(34) at 2026-07-16 11:34:13: 9,776,077,428 states generated (28,985,784 s/min), 1,492,517,971 distinct states found (4,030,462 ds/min), 276,919,831 states left on queue.
Progress(34) at 2026-07-16 11:35:13: 9,804,188,737 states generated (28,111,309 s/min), 1,496,402,077 distinct states found (3,884,106 ds/min), 277,232,701 states left on queue.
Progress(34) at 2026-07-16 11:36:13: 9,832,697,644 states generated (28,508,907 s/min), 1,500,316,363 distinct states found (3,914,286 ds/min), 277,669,702 states left on queue.
Progress(34) at 2026-07-16 11:37:13: 9,861,711,609 states generated (29,013,965 s/min), 1,504,300,158 distinct states found (3,983,795 ds/min), 277,860,760 states left on queue.
Progress(34) at 2026-07-16 11:38:13: 9,890,614,075 states generated (28,902,466 s/min), 1,508,056,773 distinct states found (3,756,615 ds/min), 277,894,614 states left on queue.
Progress(34) at 2026-07-16 11:39:13: 9,921,244,308 states generated (30,630,233 s/min), 1,512,021,329 distinct states found (3,964,556 ds/min), 278,305,545 states left on queue.
Progress(34) at 2026-07-16 11:40:13: 9,950,384,877 states generated (29,140,569 s/min), 1,516,386,341 distinct states found (4,365,012 ds/min), 279,072,199 states left on queue.
Progress(34) at 2026-07-16 11:41:13: 9,979,974,520 states generated (29,589,643 s/min), 1,520,477,606 distinct states found (4,091,265 ds/min), 279,467,262 states left on queue.
Progress(34) at 2026-07-16 11:42:13: 10,009,353,186 states generated (29,378,666 s/min), 1,524,811,804 distinct states found (4,334,198 ds/min), 280,104,573 states left on queue.
Progress(34) at 2026-07-16 11:43:13: 10,039,227,876 states generated (29,874,690 s/min), 1,528,770,239 distinct states found (3,958,435 ds/min), 280,339,216 states left on queue.
Progress(34) at 2026-07-16 11:44:13: 10,068,604,803 states generated (29,376,927 s/min), 1,532,548,959 distinct states found (3,778,720 ds/min), 280,503,520 states left on queue.
Checkpointing of run states/26-07-16-05-44-18
Checkpointing completed at (2026-07-16 11:45:16)
Progress(34) at 2026-07-16 11:45:16: 10,098,545,252 states generated (29,940,449 s/min), 1,536,493,855 distinct states found (3,944,896 ds/min), 280,585,164 states left on queue.
Progress(34) at 2026-07-16 11:46:16: 10,125,701,557 states generated (27,156,305 s/min), 1,540,231,362 distinct states found (3,737,507 ds/min), 281,064,159 states left on queue.
Progress(34) at 2026-07-16 11:47:16: 10,153,741,400 states generated (28,039,843 s/min), 1,544,189,788 distinct states found (3,958,426 ds/min), 281,837,215 states left on queue.
Progress(34) at 2026-07-16 11:48:16: 10,181,541,206 states generated (27,799,806 s/min), 1,548,055,691 distinct states found (3,865,903 ds/min), 282,165,934 states left on queue.
Progress(34) at 2026-07-16 11:49:16: 10,209,713,290 states generated (28,172,084 s/min), 1,551,955,933 distinct states found (3,900,242 ds/min), 282,671,647 states left on queue.
Progress(34) at 2026-07-16 11:50:16: 10,236,708,847 states generated (26,995,557 s/min), 1,555,408,454 distinct states found (3,452,521 ds/min), 282,757,055 states left on queue.
Progress(34) at 2026-07-16 11:51:16: 10,263,241,366 states generated (26,532,519 s/min), 1,559,628,069 distinct states found (4,219,615 ds/min), 283,590,176 states left on queue.
Progress(34) at 2026-07-16 11:52:16: 10,290,230,847 states generated (26,989,481 s/min), 1,563,253,683 distinct states found (3,625,614 ds/min), 283,782,607 states left on queue.
Progress(34) at 2026-07-16 11:53:16: 10,317,569,842 states generated (27,338,995 s/min), 1,567,179,535 distinct states found (3,925,852 ds/min), 284,080,664 states left on queue.
Progress(34) at 2026-07-16 11:54:16: 10,345,924,809 states generated (28,354,967 s/min), 1,571,098,947 distinct states found (3,919,412 ds/min), 284,283,765 states left on queue.
Progress(34) at 2026-07-16 11:55:16: 10,373,189,751 states generated (27,264,942 s/min), 1,574,873,901 distinct states found (3,774,954 ds/min), 284,583,044 states left on queue.
Progress(34) at 2026-07-16 11:56:16: 10,401,210,363 states generated (28,020,612 s/min), 1,578,670,786 distinct states found (3,796,885 ds/min), 284,886,635 states left on queue.
Progress(34) at 2026-07-16 11:57:16: 10,430,237,855 states generated (29,027,492 s/min), 1,582,408,094 distinct states found (3,737,308 ds/min), 284,893,669 states left on queue.
Progress(34) at 2026-07-16 11:58:16: 10,457,991,492 states generated (27,753,637 s/min), 1,586,082,942 distinct states found (3,674,848 ds/min), 284,906,003 states left on queue.
Progress(34) at 2026-07-16 11:59:16: 10,484,766,343 states generated (26,774,851 s/min), 1,589,579,341 distinct states found (3,496,399 ds/min), 284,992,064 states left on queue.
Progress(34) at 2026-07-16 12:00:16: 10,511,525,486 states generated (26,759,143 s/min), 1,593,194,457 distinct states found (3,615,116 ds/min), 285,021,643 states left on queue.
Progress(34) at 2026-07-16 12:01:16: 10,539,931,592 states generated (28,406,106 s/min), 1,596,819,888 distinct states found (3,625,431 ds/min), 284,954,800 states left on queue.
Progress(35) at 2026-07-16 12:02:16: 10,568,407,516 states generated (28,475,924 s/min), 1,600,488,128 distinct states found (3,668,240 ds/min), 284,971,374 states left on queue.
Progress(35) at 2026-07-16 12:03:16: 10,596,571,000 states generated (28,163,484 s/min), 1,604,269,184 distinct states found (3,781,056 ds/min), 285,194,935 states left on queue.
Progress(35) at 2026-07-16 12:04:16: 10,625,264,390 states generated (28,693,390 s/min), 1,607,856,876 distinct states found (3,587,692 ds/min), 285,013,981 states left on queue.
Progress(35) at 2026-07-16 12:05:16: 10,652,869,378 states generated (27,604,988 s/min), 1,611,602,208 distinct states found (3,745,332 ds/min), 285,168,019 states left on queue.
Progress(35) at 2026-07-16 12:06:16: 10,680,526,856 states generated (27,657,478 s/min), 1,615,515,159 distinct states found (3,912,951 ds/min), 285,423,318 states left on queue.
Progress(35) at 2026-07-16 12:07:16: 10,709,939,876 states generated (29,413,020 s/min), 1,619,717,517 distinct states found (4,202,358 ds/min), 286,179,957 states left on queue.
Progress(35) at 2026-07-16 12:08:16: 10,738,771,426 states generated (28,831,550 s/min), 1,623,856,562 distinct states found (4,139,045 ds/min), 286,758,980 states left on queue.
Progress(35) at 2026-07-16 12:09:16: 10,766,622,581 states generated (27,851,155 s/min), 1,628,007,040 distinct states found (4,150,478 ds/min), 287,573,788 states left on queue.
Progress(35) at 2026-07-16 12:10:16: 10,794,110,824 states generated (27,488,243 s/min), 1,631,878,463 distinct states found (3,871,423 ds/min), 288,282,184 states left on queue.
Progress(35) at 2026-07-16 12:11:16: 10,821,021,825 states generated (26,911,001 s/min), 1,635,701,431 distinct states found (3,822,968 ds/min), 289,019,092 states left on queue.
Progress(35) at 2026-07-16 12:12:16: 10,847,911,756 states generated (26,889,931 s/min), 1,639,563,768 distinct states found (3,862,337 ds/min), 289,759,013 states left on queue.
Progress(35) at 2026-07-16 12:13:16: 10,875,339,886 states generated (27,428,130 s/min), 1,643,534,376 distinct states found (3,970,608 ds/min), 290,149,599 states left on queue.
Progress(35) at 2026-07-16 12:14:16: 10,902,890,487 states generated (27,550,601 s/min), 1,647,424,675 distinct states found (3,890,299 ds/min), 290,584,014 states left on queue.
Checkpointing of run states/26-07-16-05-44-18
Checkpointing completed at (2026-07-16 12:15:19)
Progress(35) at 2026-07-16 12:15:19: 10,932,214,168 states generated (29,323,681 s/min), 1,651,455,670 distinct states found (4,030,995 ds/min), 291,027,647 states left on queue.
Progress(35) at 2026-07-16 12:16:19: 10,960,167,757 states generated (27,953,589 s/min), 1,655,034,747 distinct states found (3,579,077 ds/min), 290,915,900 states left on queue.
Progress(35) at 2026-07-16 12:17:19: 10,989,322,607 states generated (29,154,850 s/min), 1,658,823,417 distinct states found (3,788,670 ds/min), 291,120,399 states left on queue.
Progress(35) at 2026-07-16 12:18:19: 11,017,174,781 states generated (27,852,174 s/min), 1,662,441,240 distinct states found (3,617,823 ds/min), 291,264,393 states left on queue.
Progress(35) at 2026-07-16 12:19:19: 11,045,268,354 states generated (28,093,573 s/min), 1,666,217,784 distinct states found (3,776,544 ds/min), 291,603,240 states left on queue.
Progress(35) at 2026-07-16 12:20:19: 11,071,781,686 states generated (26,513,332 s/min), 1,669,850,530 distinct states found (3,632,746 ds/min), 291,869,318 states left on queue.
Progress(35) at 2026-07-16 12:21:19: 11,099,746,563 states generated (27,964,877 s/min), 1,673,575,019 distinct states found (3,724,489 ds/min), 292,090,036 states left on queue.
Progress(35) at 2026-07-16 12:22:19: 11,129,391,828 states generated (29,645,265 s/min), 1,677,786,895 distinct states found (4,211,876 ds/min), 292,707,431 states left on queue.
Progress(35) at 2026-07-16 12:23:19: 11,155,718,114 states generated (26,326,286 s/min), 1,681,609,164 distinct states found (3,822,269 ds/min), 292,932,267 states left on queue.
Progress(35) at 2026-07-16 12:24:19: 11,184,391,610 states generated (28,673,496 s/min), 1,685,533,738 distinct states found (3,924,574 ds/min), 293,041,023 states left on queue.
Progress(35) at 2026-07-16 12:25:19: 11,213,280,152 states generated (28,888,542 s/min), 1,689,305,965 distinct states found (3,772,227 ds/min), 293,280,218 states left on queue.
Progress(35) at 2026-07-16 12:26:19: 11,241,618,901 states generated (28,338,749 s/min), 1,693,095,136 distinct states found (3,789,171 ds/min), 293,536,834 states left on queue.
Progress(35) at 2026-07-16 12:27:19: 11,262,411,930 states generated (20,793,029 s/min), 1,695,670,630 distinct states found (2,575,494 ds/min), 293,376,564 states left on queue.
Progress(35) at 2026-07-16 12:28:19: 11,290,114,671 states generated (27,702,741 s/min), 1,699,384,746 distinct states found (3,714,116 ds/min), 293,679,763 states left on queue.
Progress(35) at 2026-07-16 12:29:19: 11,317,872,247 states generated (27,757,576 s/min), 1,703,178,132 distinct states found (3,793,386 ds/min), 293,803,995 states left on queue.
Progress(35) at 2026-07-16 12:30:19: 11,346,252,454 states generated (28,380,207 s/min), 1,706,840,944 distinct states found (3,662,812 ds/min), 293,865,543 states left on queue.
Progress(35) at 2026-07-16 12:31:19: 11,373,738,466 states generated (27,486,012 s/min), 1,710,371,573 distinct states found (3,530,629 ds/min), 293,917,440 states left on queue.
Progress(35) at 2026-07-16 12:32:19: 11,402,090,129 states generated (28,351,663 s/min), 1,713,895,414 distinct states found (3,523,841 ds/min), 294,007,193 states left on queue.
Progress(35) at 2026-07-16 12:33:19: 11,428,891,629 states generated (26,801,500 s/min), 1,717,300,064 distinct states found (3,404,650 ds/min), 293,877,106 states left on queue.
Progress(35) at 2026-07-16 12:34:19: 11,458,976,041 states generated (30,084,412 s/min), 1,721,191,123 distinct states found (3,891,059 ds/min), 294,108,127 states left on queue.
Progress(35) at 2026-07-16 12:35:19: 11,489,108,841 states generated (30,132,800 s/min), 1,725,142,789 distinct states found (3,951,666 ds/min), 294,565,705 states left on queue.
Progress(35) at 2026-07-16 12:36:19: 11,518,437,521 states generated (29,328,680 s/min), 1,729,041,191 distinct states found (3,898,402 ds/min), 295,125,507 states left on queue.
Progress(35) at 2026-07-16 12:37:19: 11,547,544,991 states generated (29,107,470 s/min), 1,732,760,825 distinct states found (3,719,634 ds/min), 295,361,456 states left on queue.
Progress(35) at 2026-07-16 12:38:19: 11,575,873,676 states generated (28,328,685 s/min), 1,736,540,948 distinct states found (3,780,123 ds/min), 295,774,999 states left on queue.
Progress(35) at 2026-07-16 12:39:19: 11,604,752,447 states generated (28,878,771 s/min), 1,740,284,184 distinct states found (3,743,236 ds/min), 296,393,539 states left on queue.
Progress(35) at 2026-07-16 12:40:19: 11,633,334,064 states generated (28,581,617 s/min), 1,744,080,740 distinct states found (3,796,556 ds/min), 296,977,565 states left on queue.
Progress(35) at 2026-07-16 12:41:19: 11,661,772,971 states generated (28,438,907 s/min), 1,747,872,946 distinct states found (3,792,206 ds/min), 297,471,975 states left on queue.
Progress(35) at 2026-07-16 12:42:19: 11,688,586,604 states generated (26,813,633 s/min), 1,751,455,072 distinct states found (3,582,126 ds/min), 297,718,038 states left on queue.
Progress(35) at 2026-07-16 12:43:19: 11,718,192,403 states generated (29,605,799 s/min), 1,755,472,080 distinct states found (4,017,008 ds/min), 298,072,762 states left on queue.
Progress(35) at 2026-07-16 12:44:19: 11,747,546,369 states generated (29,353,966 s/min), 1,759,283,451 distinct states found (3,811,371 ds/min), 298,468,765 states left on queue.
Checkpointing of run states/26-07-16-05-44-18
Checkpointing completed at (2026-07-16 12:45:22)
Progress(35) at 2026-07-16 12:45:22: 11,779,393,034 states generated (31,846,665 s/min), 1,763,518,401 distinct states found (4,234,950 ds/min), 299,069,036 states left on queue.
Progress(35) at 2026-07-16 12:46:22: 11,808,147,616 states generated (28,754,582 s/min), 1,767,015,330 distinct states found (3,496,929 ds/min), 299,002,548 states left on queue.
Progress(35) at 2026-07-16 12:47:22: 11,836,075,979 states generated (27,928,363 s/min), 1,770,419,808 distinct states found (3,404,478 ds/min), 299,116,600 states left on queue.
Progress(35) at 2026-07-16 12:48:22: 11,865,040,295 states generated (28,964,316 s/min), 1,774,019,757 distinct states found (3,599,949 ds/min), 299,375,166 states left on queue.
Progress(35) at 2026-07-16 12:49:22: 11,893,916,075 states generated (28,875,780 s/min), 1,777,981,770 distinct states found (3,962,013 ds/min), 299,999,549 states left on queue.
Progress(35) at 2026-07-16 12:50:22: 11,922,391,857 states generated (28,475,782 s/min), 1,781,864,115 distinct states found (3,882,345 ds/min), 300,655,572 states left on queue.
Progress(35) at 2026-07-16 12:51:22: 11,950,137,959 states generated (27,746,102 s/min), 1,785,760,109 distinct states found (3,895,994 ds/min), 301,078,746 states left on queue.
Progress(35) at 2026-07-16 12:52:22: 11,978,220,401 states generated (28,082,442 s/min), 1,789,581,673 distinct states found (3,821,564 ds/min), 301,239,416 states left on queue.
Progress(35) at 2026-07-16 12:53:22: 12,007,188,933 states generated (28,968,532 s/min), 1,793,482,042 distinct states found (3,900,369 ds/min), 301,634,950 states left on queue.
Progress(35) at 2026-07-16 12:54:22: 12,035,548,556 states generated (28,359,623 s/min), 1,797,310,295 distinct states found (3,828,253 ds/min), 301,778,700 states left on queue.
Progress(35) at 2026-07-16 12:55:22: 12,063,964,735 states generated (28,416,179 s/min), 1,801,028,399 distinct states found (3,718,104 ds/min), 302,050,900 states left on queue.
Progress(35) at 2026-07-16 12:56:22: 12,092,290,936 states generated (28,326,201 s/min), 1,804,723,133 distinct states found (3,694,734 ds/min), 302,166,148 states left on queue.
Progress(35) at 2026-07-16 12:57:22: 12,121,506,345 states generated (29,215,409 s/min), 1,808,571,596 distinct states found (3,848,463 ds/min), 302,189,376 states left on queue.
Progress(35) at 2026-07-16 12:58:22: 12,151,759,283 states generated (30,252,938 s/min), 1,812,549,797 distinct states found (3,978,201 ds/min), 302,561,930 states left on queue.
Progress(35) at 2026-07-16 12:59:22: 12,181,655,908 states generated (29,896,625 s/min), 1,816,341,161 distinct states found (3,791,364 ds/min), 302,700,990 states left on queue.
Progress(35) at 2026-07-16 13:00:22: 12,210,742,207 states generated (29,086,299 s/min), 1,820,769,499 distinct states found (4,428,338 ds/min), 303,521,018 states left on queue.
Progress(35) at 2026-07-16 13:01:22: 12,240,278,839 states generated (29,536,632 s/min), 1,824,584,968 distinct states found (3,815,469 ds/min), 303,618,305 states left on queue.
Progress(35) at 2026-07-16 13:02:22: 12,269,769,410 states generated (29,490,571 s/min), 1,828,850,802 distinct states found (4,265,834 ds/min), 304,152,686 states left on queue.
Progress(35) at 2026-07-16 13:03:22: 12,299,521,385 states generated (29,751,975 s/min), 1,832,742,373 distinct states found (3,891,571 ds/min), 304,334,141 states left on queue.
Progress(35) at 2026-07-16 13:04:22: 12,329,051,154 states generated (29,529,769 s/min), 1,836,412,360 distinct states found (3,669,987 ds/min), 304,358,725 states left on queue.
Progress(35) at 2026-07-16 13:05:22: 12,357,814,292 states generated (28,763,138 s/min), 1,840,091,114 distinct states found (3,678,754 ds/min), 304,364,772 states left on queue.
Progress(35) at 2026-07-16 13:06:22: 12,385,005,147 states generated (27,190,855 s/min), 1,843,775,148 distinct states found (3,684,034 ds/min), 304,742,503 states left on queue.
Progress(35) at 2026-07-16 13:07:22: 12,412,541,325 states generated (27,536,178 s/min), 1,847,478,674 distinct states found (3,703,526 ds/min), 305,268,396 states left on queue.
Progress(35) at 2026-07-16 13:08:22: 12,440,453,490 states generated (27,912,165 s/min), 1,851,160,134 distinct states found (3,681,460 ds/min), 305,533,798 states left on queue.
Progress(35) at 2026-07-16 13:09:22: 12,468,651,330 states generated (28,197,840 s/min), 1,854,976,103 distinct states found (3,815,969 ds/min), 305,831,066 states left on queue.
Progress(35) at 2026-07-16 13:10:22: 12,496,470,263 states generated (27,818,933 s/min), 1,858,738,436 distinct states found (3,762,333 ds/min), 306,308,757 states left on queue.
Progress(35) at 2026-07-16 13:11:22: 12,523,384,581 states generated (26,914,318 s/min), 1,862,138,999 distinct states found (3,400,563 ds/min), 306,333,693 states left on queue.
Progress(35) at 2026-07-16 13:12:22: 12,550,233,537 states generated (26,848,956 s/min), 1,866,329,137 distinct states found (4,190,138 ds/min), 307,123,405 states left on queue.
Progress(35) at 2026-07-16 13:13:22: 12,576,802,738 states generated (26,569,201 s/min), 1,869,832,704 distinct states found (3,503,567 ds/min), 307,230,853 states left on queue.
Progress(35) at 2026-07-16 13:14:22: 12,603,929,402 states generated (27,126,664 s/min), 1,873,498,264 distinct states found (3,665,560 ds/min), 307,280,682 states left on queue.
Checkpointing of run states/26-07-16-05-44-18
Checkpointing completed at (2026-07-16 13:15:25)
Progress(35) at 2026-07-16 13:15:25: 12,633,130,771 states generated (29,201,369 s/min), 1,877,576,067 distinct states found (4,077,803 ds/min), 307,529,718 states left on queue.
Progress(35) at 2026-07-16 13:16:25: 12,660,702,486 states generated (27,571,715 s/min), 1,881,114,673 distinct states found (3,538,606 ds/min), 307,457,661 states left on queue.
Progress(35) at 2026-07-16 13:17:25: 12,687,942,951 states generated (27,240,465 s/min), 1,884,832,347 distinct states found (3,717,674 ds/min), 307,816,111 states left on queue.
Progress(35) at 2026-07-16 13:18:25: 12,717,348,573 states generated (29,405,622 s/min), 1,888,531,357 distinct states found (3,699,010 ds/min), 307,876,758 states left on queue.
Progress(35) at 2026-07-16 13:19:25: 12,745,357,004 states generated (28,008,431 s/min), 1,892,229,116 distinct states found (3,697,759 ds/min), 307,855,681 states left on queue.
Progress(35) at 2026-07-16 13:20:25: 12,772,893,103 states generated (27,536,099 s/min), 1,895,652,672 distinct states found (3,423,556 ds/min), 307,759,693 states left on queue.
Progress(35) at 2026-07-16 13:21:25: 12,799,292,503 states generated (26,399,400 s/min), 1,899,056,155 distinct states found (3,403,483 ds/min), 307,684,184 states left on queue.
Progress(35) at 2026-07-16 13:22:25: 12,826,110,902 states generated (26,818,399 s/min), 1,902,505,212 distinct states found (3,449,057 ds/min), 307,493,355 states left on queue.
Progress(36) at 2026-07-16 13:23:25: 12,855,117,664 states generated (29,006,762 s/min), 1,906,101,450 distinct states found (3,596,238 ds/min), 307,381,925 states left on queue.
Progress(36) at 2026-07-16 13:24:25: 12,882,947,995 states generated (27,830,331 s/min), 1,909,718,379 distinct states found (3,616,929 ds/min), 307,527,880 states left on queue.
Progress(36) at 2026-07-16 13:25:25: 12,911,650,113 states generated (28,702,118 s/min), 1,913,288,651 distinct states found (3,570,272 ds/min), 307,365,323 states left on queue.
Progress(36) at 2026-07-16 13:26:25: 12,940,060,675 states generated (28,410,562 s/min), 1,916,947,075 distinct states found (3,658,424 ds/min), 307,450,809 states left on queue.
Progress(36) at 2026-07-16 13:27:36: 12,962,400,471 states generated (22,339,796 s/min), 1,919,750,885 distinct states found (2,803,810 ds/min), 307,279,093 states left on queue.
Progress(36) at 2026-07-16 13:28:36: 12,990,223,423 states generated (27,822,952 s/min), 1,923,633,588 distinct states found (3,882,703 ds/min), 307,482,532 states left on queue.
Progress(36) at 2026-07-16 13:29:36: 13,019,784,879 states generated (29,561,456 s/min), 1,927,816,842 distinct states found (4,183,254 ds/min), 308,277,261 states left on queue.
Progress(36) at 2026-07-16 13:30:36: 13,048,402,934 states generated (28,618,055 s/min), 1,931,787,721 distinct states found (3,970,879 ds/min), 308,725,902 states left on queue.
Progress(36) at 2026-07-16 13:31:36: 13,076,670,583 states generated (28,267,649 s/min), 1,935,848,614 distinct states found (4,060,893 ds/min), 309,404,414 states left on queue.
Progress(36) at 2026-07-16 13:32:36: 13,104,065,434 states generated (27,394,851 s/min), 1,939,738,274 distinct states found (3,889,660 ds/min), 310,044,559 states left on queue.
Progress(36) at 2026-07-16 13:33:36: 13,131,088,380 states generated (27,022,946 s/min), 1,943,413,462 distinct states found (3,675,188 ds/min), 310,641,900 states left on queue.
Progress(36) at 2026-07-16 13:34:36: 13,158,071,631 states generated (26,983,251 s/min), 1,947,183,718 distinct states found (3,770,256 ds/min), 311,315,913 states left on queue.
Progress(36) at 2026-07-16 13:35:36: 13,184,780,831 states generated (26,709,200 s/min), 1,950,885,453 distinct states found (3,701,735 ds/min), 311,943,918 states left on queue.
Progress(36) at 2026-07-16 13:36:36: 13,211,987,597 states generated (27,206,766 s/min), 1,954,774,652 distinct states found (3,889,199 ds/min), 312,346,286 states left on queue.
Progress(36) at 2026-07-16 13:37:36: 13,239,498,648 states generated (27,511,051 s/min), 1,958,306,567 distinct states found (3,531,915 ds/min), 312,352,590 states left on queue.
Progress(36) at 2026-07-16 13:38:36: 13,266,761,969 states generated (27,263,321 s/min), 1,962,452,945 distinct states found (4,146,378 ds/min), 313,079,351 states left on queue.
Progress(36) at 2026-07-16 13:39:36: 13,294,583,414 states generated (27,821,445 s/min), 1,965,910,253 distinct states found (3,457,308 ds/min), 313,038,546 states left on queue.
Progress(36) at 2026-07-16 13:40:36: 13,323,004,319 states generated (28,420,905 s/min), 1,969,518,751 distinct states found (3,608,498 ds/min), 312,996,264 states left on queue.
Progress(36) at 2026-07-16 13:41:36: 13,351,820,766 states generated (28,816,447 s/min), 1,973,110,840 distinct states found (3,592,089 ds/min), 313,040,412 states left on queue.
Progress(36) at 2026-07-16 13:42:36: 13,379,301,430 states generated (27,480,664 s/min), 1,976,592,930 distinct states found (3,482,090 ds/min), 313,148,944 states left on queue.
Progress(36) at 2026-07-16 13:43:36: 13,407,072,096 states generated (27,770,666 s/min), 1,980,286,928 distinct states found (3,693,998 ds/min), 313,460,007 states left on queue.
Progress(36) at 2026-07-16 13:44:36: 13,433,428,229 states generated (26,356,133 s/min), 1,983,819,984 distinct states found (3,533,056 ds/min), 313,601,288 states left on queue.
Checkpointing of run states/26-07-16-05-44-18
Checkpointing completed at (2026-07-16 13:45:39)
Progress(36) at 2026-07-16 13:45:39: 13,463,353,446 states generated (29,925,217 s/min), 1,987,692,775 distinct states found (3,872,791 ds/min), 313,825,453 states left on queue.
Progress(36) at 2026-07-16 13:46:39: 13,493,131,717 states generated (29,778,271 s/min), 1,991,801,531 distinct states found (4,108,756 ds/min), 314,338,069 states left on queue.
Progress(36) at 2026-07-16 13:47:39: 13,519,642,368 states generated (26,510,651 s/min), 1,995,558,458 distinct states found (3,756,927 ds/min), 314,448,105 states left on queue.
Progress(36) at 2026-07-16 13:48:39: 13,547,642,382 states generated (28,000,014 s/min), 1,999,273,329 distinct states found (3,714,871 ds/min), 314,356,082 states left on queue.
Progress(36) at 2026-07-16 13:49:39: 13,576,554,017 states generated (28,911,635 s/min), 2,002,936,283 distinct states found (3,662,954 ds/min), 314,519,720 states left on queue.
Progress(36) at 2026-07-16 13:50:39: 13,605,637,421 states generated (29,083,404 s/min), 2,006,630,203 distinct states found (3,693,920 ds/min), 314,723,159 states left on queue.
Progress(36) at 2026-07-16 13:51:39: 13,632,985,877 states generated (27,348,456 s/min), 2,010,061,473 distinct states found (3,431,270 ds/min), 314,551,292 states left on queue.
Progress(36) at 2026-07-16 13:52:39: 13,660,614,684 states generated (27,628,807 s/min), 2,013,672,722 distinct states found (3,611,249 ds/min), 314,819,743 states left on queue.
Progress(36) at 2026-07-16 13:53:39: 13,688,593,196 states generated (27,978,512 s/min), 2,017,342,110 distinct states found (3,669,388 ds/min), 314,806,788 states left on queue.
Progress(36) at 2026-07-16 13:54:39: 13,716,936,581 states generated (28,343,385 s/min), 2,020,870,054 distinct states found (3,527,944 ds/min), 314,719,447 states left on queue.
Progress(36) at 2026-07-16 13:55:39: 13,743,980,404 states generated (27,043,823 s/min), 2,024,327,655 distinct states found (3,457,601 ds/min), 314,767,427 states left on queue.
Progress(36) at 2026-07-16 13:56:39: 13,772,743,697 states generated (28,763,293 s/min), 2,027,666,924 distinct states found (3,339,269 ds/min), 314,665,260 states left on queue.
Progress(36) at 2026-07-16 13:57:39: 13,799,530,641 states generated (26,786,944 s/min), 2,031,039,576 distinct states found (3,372,652 ds/min), 314,497,868 states left on queue.
Progress(36) at 2026-07-16 13:58:39: 13,828,783,944 states generated (29,253,303 s/min), 2,034,709,996 distinct states found (3,670,420 ds/min), 314,556,146 states left on queue.
Progress(36) at 2026-07-16 13:59:39: 13,858,961,922 states generated (30,177,978 s/min), 2,038,629,041 distinct states found (3,919,045 ds/min), 314,895,808 states left on queue.
Progress(36) at 2026-07-16 14:00:39: 13,888,554,453 states generated (29,592,531 s/min), 2,042,212,469 distinct states found (3,583,428 ds/min), 315,134,775 states left on queue.
Progress(36) at 2026-07-16 14:01:39: 13,918,040,339 states generated (29,485,886 s/min), 2,046,175,775 distinct states found (3,963,306 ds/min), 315,623,498 states left on queue.
Progress(36) at 2026-07-16 14:02:39: 13,946,777,598 states generated (28,737,259 s/min), 2,049,792,115 distinct states found (3,616,340 ds/min), 315,763,752 states left on queue.
Progress(36) at 2026-07-16 14:03:39: 13,974,815,474 states generated (28,037,876 s/min), 2,053,320,799 distinct states found (3,528,684 ds/min), 316,084,383 states left on queue.
Progress(36) at 2026-07-16 14:04:39: 14,003,891,142 states generated (29,075,668 s/min), 2,057,052,934 distinct states found (3,732,135 ds/min), 316,657,902 states left on queue.
Progress(36) at 2026-07-16 14:05:39: 14,032,630,631 states generated (28,739,489 s/min), 2,060,743,326 distinct states found (3,690,392 ds/min), 317,126,064 states left on queue.
Progress(36) at 2026-07-16 14:06:39: 14,060,767,603 states generated (28,136,972 s/min), 2,064,405,062 distinct states found (3,661,736 ds/min), 317,526,215 states left on queue.
Progress(36) at 2026-07-16 14:07:39: 14,088,198,687 states generated (27,431,084 s/min), 2,067,971,424 distinct states found (3,566,362 ds/min), 317,743,853 states left on queue.
Progress(36) at 2026-07-16 14:08:39: 14,116,042,324 states generated (27,843,637 s/min), 2,071,641,952 distinct states found (3,670,528 ds/min), 317,881,924 states left on queue.
Progress(36) at 2026-07-16 14:09:39: 14,145,886,426 states generated (29,844,102 s/min), 2,075,379,425 distinct states found (3,737,473 ds/min), 318,101,863 states left on queue.
Progress(36) at 2026-07-16 14:10:39: 14,176,137,534 states generated (30,251,108 s/min), 2,079,238,102 distinct states found (3,858,677 ds/min), 318,384,144 states left on queue.
Progress(36) at 2026-07-16 14:11:39: 14,206,155,770 states generated (30,018,236 s/min), 2,083,155,507 distinct states found (3,917,405 ds/min), 319,001,144 states left on queue.
Progress(36) at 2026-07-16 14:12:39: 14,234,456,136 states generated (28,300,366 s/min), 2,086,475,986 distinct states found (3,320,479 ds/min), 318,763,758 states left on queue.
Progress(36) at 2026-07-16 14:13:39: 14,262,644,862 states generated (28,188,726 s/min), 2,089,834,676 distinct states found (3,358,690 ds/min), 318,833,098 states left on queue.
Progress(36) at 2026-07-16 14:14:39: 14,291,541,532 states generated (28,896,670 s/min), 2,093,362,854 distinct states found (3,528,178 ds/min), 319,032,984 states left on queue.
Checkpointing of run states/26-07-16-05-44-18
Checkpointing completed at (2026-07-16 14:15:42)
Progress(36) at 2026-07-16 14:15:42: 14,321,935,941 states generated (30,394,409 s/min), 2,097,431,302 distinct states found (4,068,448 ds/min), 319,589,771 states left on queue.
Progress(36) at 2026-07-16 14:16:42: 14,350,079,026 states generated (28,143,085 s/min), 2,101,180,483 distinct states found (3,749,181 ds/min), 320,137,248 states left on queue.
Progress(36) at 2026-07-16 14:17:42: 14,378,172,168 states generated (28,093,142 s/min), 2,104,935,205 distinct states found (3,754,722 ds/min), 320,525,619 states left on queue.
Progress(36) at 2026-07-16 14:18:42: 14,405,383,252 states generated (27,211,084 s/min), 2,108,671,218 distinct states found (3,736,013 ds/min), 320,543,998 states left on queue.
Progress(36) at 2026-07-16 14:19:42: 14,434,026,115 states generated (28,642,863 s/min), 2,112,398,201 distinct states found (3,726,983 ds/min), 320,765,907 states left on queue.
Progress(36) at 2026-07-16 14:20:42: 14,463,173,638 states generated (29,147,523 s/min), 2,116,198,096 distinct states found (3,799,895 ds/min), 320,943,048 states left on queue.
Progress(36) at 2026-07-16 14:21:42: 14,490,722,264 states generated (27,548,626 s/min), 2,119,661,951 distinct states found (3,463,855 ds/min), 320,943,187 states left on queue.
Progress(36) at 2026-07-16 14:22:42: 14,519,561,324 states generated (28,839,060 s/min), 2,123,472,146 distinct states found (3,810,195 ds/min), 321,184,963 states left on queue.
Progress(36) at 2026-07-16 14:23:42: 14,548,279,106 states generated (28,717,782 s/min), 2,127,192,889 distinct states found (3,720,743 ds/min), 321,175,192 states left on queue.
Progress(36) at 2026-07-16 14:24:42: 14,577,264,983 states generated (28,985,877 s/min), 2,130,745,965 distinct states found (3,553,076 ds/min), 320,927,581 states left on queue.
Progress(36) at 2026-07-16 14:25:42: 14,608,300,143 states generated (31,035,160 s/min), 2,134,747,881 distinct states found (4,001,916 ds/min), 321,361,701 states left on queue.
Progress(36) at 2026-07-16 14:26:42: 14,637,825,188 states generated (29,525,045 s/min), 2,138,602,388 distinct states found (3,854,507 ds/min), 321,584,083 states left on queue.
Progress(36) at 2026-07-16 14:28:05: 14,663,712,514 states generated (25,887,326 s/min), 2,142,365,761 distinct states found (3,763,373 ds/min), 322,126,455 states left on queue.
Progress(36) at 2026-07-16 14:29:05: 14,693,383,520 states generated (29,671,006 s/min), 2,146,152,334 distinct states found (3,786,573 ds/min), 322,154,574 states left on queue.
Progress(36) at 2026-07-16 14:30:05: 14,722,753,157 states generated (29,369,637 s/min), 2,150,245,138 distinct states found (4,092,804 ds/min), 322,537,840 states left on queue.
Progress(36) at 2026-07-16 14:31:05: 14,752,210,549 states generated (29,457,392 s/min), 2,154,121,748 distinct states found (3,876,610 ds/min), 322,686,671 states left on queue.
Progress(36) at 2026-07-16 14:32:05: 14,781,962,905 states generated (29,752,356 s/min), 2,157,730,513 distinct states found (3,608,765 ds/min), 322,591,325 states left on queue.
Progress(36) at 2026-07-16 14:33:05: 14,810,824,821 states generated (28,861,916 s/min), 2,161,245,341 distinct states found (3,514,828 ds/min), 322,573,675 states left on queue.
Progress(36) at 2026-07-16 14:34:05: 14,838,788,901 states generated (27,964,080 s/min), 2,164,874,516 distinct states found (3,629,175 ds/min), 322,641,344 states left on queue.
Progress(36) at 2026-07-16 14:35:05: 14,865,350,895 states generated (26,561,994 s/min), 2,168,256,221 distinct states found (3,381,705 ds/min), 322,839,695 states left on queue.
Progress(36) at 2026-07-16 14:36:05: 14,893,022,725 states generated (27,671,830 s/min), 2,172,034,341 distinct states found (3,778,120 ds/min), 323,578,319 states left on queue.
Progress(36) at 2026-07-16 14:37:05: 14,920,971,392 states generated (27,948,667 s/min), 2,175,610,019 distinct states found (3,575,678 ds/min), 323,622,098 states left on queue.
Progress(36) at 2026-07-16 14:38:05: 14,949,340,084 states generated (28,368,692 s/min), 2,179,378,221 distinct states found (3,768,202 ds/min), 323,892,592 states left on queue.
Progress(36) at 2026-07-16 14:39:05: 14,977,033,914 states generated (27,693,830 s/min), 2,182,954,582 distinct states found (3,576,361 ds/min), 324,183,426 states left on queue.
Progress(36) at 2026-07-16 14:40:05: 15,003,779,136 states generated (26,745,222 s/min), 2,186,254,872 distinct states found (3,300,290 ds/min), 324,148,931 states left on queue.
Progress(36) at 2026-07-16 14:41:05: 15,031,021,321 states generated (27,242,185 s/min), 2,190,404,091 distinct states found (4,149,219 ds/min), 324,853,113 states left on queue.
Progress(36) at 2026-07-16 14:42:06: 15,057,060,517 states generated (26,039,196 s/min), 2,193,779,311 distinct states found (3,375,220 ds/min), 324,872,813 states left on queue.
Progress(36) at 2026-07-16 14:43:06: 15,083,981,506 states generated (26,920,989 s/min), 2,197,234,309 distinct states found (3,454,998 ds/min), 324,763,907 states left on queue.
Progress(36) at 2026-07-16 14:44:06: 15,111,950,543 states generated (27,969,037 s/min), 2,201,010,464 distinct states found (3,776,155 ds/min), 324,881,096 states left on queue.
Progress(36) at 2026-07-16 14:45:06: 15,139,555,597 states generated (27,605,054 s/min), 2,204,600,558 distinct states found (3,590,094 ds/min), 324,835,979 states left on queue.
Checkpointing of run states/26-07-16-05-44-18
Checkpointing completed at (2026-07-16 14:46:08)
Progress(36) at 2026-07-16 14:46:08: 15,167,898,798 states generated (28,343,201 s/min), 2,208,388,277 distinct states found (3,787,719 ds/min), 325,107,263 states left on queue.
Progress(36) at 2026-07-16 14:47:08: 15,196,297,867 states generated (28,399,069 s/min), 2,211,972,400 distinct states found (3,584,123 ds/min), 325,108,132 states left on queue.
Progress(36) at 2026-07-16 14:48:08: 15,225,025,448 states generated (28,727,581 s/min), 2,215,432,716 distinct states found (3,460,316 ds/min), 324,885,058 states left on queue.
Progress(36) at 2026-07-16 14:49:08: 15,252,833,894 states generated (27,808,446 s/min), 2,218,953,586 distinct states found (3,520,870 ds/min), 324,795,761 states left on queue.
Progress(36) at 2026-07-16 14:50:08: 15,279,183,367 states generated (26,349,473 s/min), 2,222,172,301 distinct states found (3,218,715 ds/min), 324,651,453 states left on queue.
Progress(36) at 2026-07-16 14:51:08: 15,305,833,049 states generated (26,649,682 s/min), 2,225,586,952 distinct states found (3,414,651 ds/min), 324,501,929 states left on queue.
Progress(37) at 2026-07-16 14:52:08: 15,334,273,227 states generated (28,440,178 s/min), 2,228,959,230 distinct states found (3,372,278 ds/min), 324,209,581 states left on queue.
Progress(37) at 2026-07-16 14:53:08: 15,362,422,373 states generated (28,149,146 s/min), 2,232,328,999 distinct states found (3,369,769 ds/min), 324,015,787 states left on queue.
Progress(37) at 2026-07-16 14:54:08: 15,390,623,056 states generated (28,200,683 s/min), 2,235,939,074 distinct states found (3,610,075 ds/min), 324,021,636 states left on queue.
Progress(37) at 2026-07-16 14:55:08: 15,419,181,480 states generated (28,558,424 s/min), 2,239,367,825 distinct states found (3,428,751 ds/min), 323,731,583 states left on queue.
Progress(37) at 2026-07-16 14:56:08: 15,446,301,676 states generated (27,120,196 s/min), 2,242,852,476 distinct states found (3,484,651 ds/min), 323,764,172 states left on queue.
Progress(37) at 2026-07-16 14:57:08: 15,474,048,422 states generated (27,746,746 s/min), 2,246,575,067 distinct states found (3,722,591 ds/min), 323,806,873 states left on queue.
Progress(37) at 2026-07-16 14:58:08: 15,503,157,640 states generated (29,109,218 s/min), 2,250,567,176 distinct states found (3,992,109 ds/min), 324,335,608 states left on queue.
Progress(37) at 2026-07-16 14:59:08: 15,532,202,729 states generated (29,045,089 s/min), 2,254,517,246 distinct states found (3,950,070 ds/min), 324,916,607 states left on queue.
Progress(37) at 2026-07-16 15:00:08: 15,561,011,540 states generated (28,808,811 s/min), 2,258,419,368 distinct states found (3,902,122 ds/min), 325,210,147 states left on queue.
Progress(37) at 2026-07-16 15:01:08: 15,588,794,419 states generated (27,782,879 s/min), 2,262,339,421 distinct states found (3,920,053 ds/min), 325,847,120 states left on queue.
Progress(37) at 2026-07-16 15:02:08: 15,616,126,972 states generated (27,332,553 s/min), 2,266,090,804 distinct states found (3,751,383 ds/min), 326,379,301 states left on queue.
Progress(37) at 2026-07-16 15:03:08: 15,643,109,634 states generated (26,982,662 s/min), 2,269,721,417 distinct states found (3,630,613 ds/min), 326,907,886 states left on queue.
Progress(37) at 2026-07-16 15:04:08: 15,670,154,301 states generated (27,044,667 s/min), 2,273,380,837 distinct states found (3,659,420 ds/min), 327,441,641 states left on queue.
Progress(37) at 2026-07-16 15:05:08: 15,697,188,009 states generated (27,033,708 s/min), 2,276,988,126 distinct states found (3,607,289 ds/min), 327,997,076 states left on queue.
Progress(37) at 2026-07-16 15:06:08: 15,723,605,709 states generated (26,417,700 s/min), 2,280,532,571 distinct states found (3,544,445 ds/min), 328,406,301 states left on queue.
Progress(37) at 2026-07-16 15:07:08: 15,750,874,218 states generated (27,268,509 s/min), 2,284,357,482 distinct states found (3,824,911 ds/min), 328,601,110 states left on queue.
Progress(37) at 2026-07-16 15:08:08: 15,778,581,655 states generated (27,707,437 s/min), 2,288,089,118 distinct states found (3,731,636 ds/min), 328,862,609 states left on queue.
Progress(37) at 2026-07-16 15:09:08: 15,805,612,871 states generated (27,031,216 s/min), 2,291,917,626 distinct states found (3,828,508 ds/min), 329,258,077 states left on queue.
Progress(37) at 2026-07-16 15:10:08: 15,833,472,981 states generated (27,860,110 s/min), 2,295,281,866 distinct states found (3,364,240 ds/min), 329,128,009 states left on queue.
Progress(37) at 2026-07-16 15:11:08: 15,862,004,360 states generated (28,531,379 s/min), 2,298,813,884 distinct states found (3,532,018 ds/min), 329,062,591 states left on queue.
Progress(37) at 2026-07-16 15:12:08: 15,890,626,938 states generated (28,622,578 s/min), 2,302,278,480 distinct states found (3,464,596 ds/min), 328,987,013 states left on queue.
Progress(37) at 2026-07-16 15:13:08: 15,917,912,237 states generated (27,285,299 s/min), 2,305,654,085 distinct states found (3,375,605 ds/min), 329,013,642 states left on queue.
Progress(37) at 2026-07-16 15:14:08: 15,945,874,710 states generated (27,962,473 s/min), 2,309,306,489 distinct states found (3,652,404 ds/min), 329,273,294 states left on queue.
Progress(37) at 2026-07-16 15:15:08: 15,972,157,093 states generated (26,282,383 s/min), 2,312,718,054 distinct states found (3,411,565 ds/min), 329,321,097 states left on queue.
Checkpointing of run states/26-07-16-05-44-18
Checkpointing completed at (2026-07-16 15:16:11)
Progress(37) at 2026-07-16 15:16:11: 16,001,281,629 states generated (29,124,536 s/min), 2,316,375,553 distinct states found (3,657,499 ds/min), 329,326,677 states left on queue.
Progress(37) at 2026-07-16 15:17:11: 16,031,712,746 states generated (30,431,117 s/min), 2,320,366,166 distinct states found (3,990,613 ds/min), 329,792,885 states left on queue.
Progress(37) at 2026-07-16 15:18:11: 16,059,450,638 states generated (27,737,892 s/min), 2,324,218,740 distinct states found (3,852,574 ds/min), 329,908,039 states left on queue.
Progress(37) at 2026-07-16 15:19:11: 16,086,011,811 states generated (26,561,173 s/min), 2,327,646,098 distinct states found (3,427,358 ds/min), 329,711,250 states left on queue.
Progress(37) at 2026-07-16 15:20:11: 16,114,779,178 states generated (28,767,367 s/min), 2,331,229,204 distinct states found (3,583,106 ds/min), 329,599,122 states left on queue.
Progress(37) at 2026-07-16 15:21:11: 16,144,498,117 states generated (29,718,939 s/min), 2,334,926,428 distinct states found (3,697,224 ds/min), 329,874,817 states left on queue.
Progress(37) at 2026-07-16 15:22:11: 16,172,278,693 states generated (27,780,576 s/min), 2,338,344,715 distinct states found (3,418,287 ds/min), 329,787,109 states left on queue.
Progress(37) at 2026-07-16 15:23:11: 16,199,619,083 states generated (27,340,390 s/min), 2,341,794,025 distinct states found (3,449,310 ds/min), 329,794,458 states left on queue.
Progress(37) at 2026-07-16 15:24:11: 16,227,430,929 states generated (27,811,846 s/min), 2,345,315,244 distinct states found (3,521,219 ds/min), 329,834,826 states left on queue.
Progress(37) at 2026-07-16 15:25:11: 16,255,285,891 states generated (27,854,962 s/min), 2,348,731,334 distinct states found (3,416,090 ds/min), 329,600,249 states left on queue.
Progress(37) at 2026-07-16 15:26:11: 16,283,278,100 states generated (27,992,209 s/min), 2,352,127,307 distinct states found (3,395,973 ds/min), 329,488,975 states left on queue.
Progress(37) at 2026-07-16 15:27:11: 16,310,907,613 states generated (27,629,513 s/min), 2,355,388,883 distinct states found (3,261,576 ds/min), 329,288,977 states left on queue.
Progress(37) at 2026-07-16 15:28:30: 16,336,282,007 states generated (25,374,394 s/min), 2,358,389,764 distinct states found (3,000,881 ds/min), 329,167,266 states left on queue.
Progress(37) at 2026-07-16 15:29:30: 16,364,095,842 states generated (27,813,835 s/min), 2,361,866,720 distinct states found (3,476,956 ds/min), 329,129,490 states left on queue.
Progress(37) at 2026-07-16 15:30:30: 16,393,998,338 states generated (29,902,496 s/min), 2,365,522,699 distinct states found (3,655,979 ds/min), 329,116,413 states left on queue.
Progress(37) at 2026-07-16 15:31:30: 16,423,912,390 states generated (29,914,052 s/min), 2,369,131,559 distinct states found (3,608,860 ds/min), 329,295,244 states left on queue.
Progress(37) at 2026-07-16 15:32:30: 16,453,225,079 states generated (29,312,689 s/min), 2,372,821,972 distinct states found (3,690,413 ds/min), 329,636,032 states left on queue.
Progress(37) at 2026-07-16 15:33:30: 16,482,312,559 states generated (29,087,480 s/min), 2,376,517,480 distinct states found (3,695,508 ds/min), 329,892,747 states left on queue.
Progress(37) at 2026-07-16 15:34:30: 16,511,115,229 states generated (28,802,670 s/min), 2,380,073,798 distinct states found (3,556,318 ds/min), 329,947,847 states left on queue.
Progress(37) at 2026-07-16 15:35:30: 16,538,948,134 states generated (27,832,905 s/min), 2,383,447,353 distinct states found (3,373,555 ds/min), 330,160,077 states left on queue.
Progress(37) at 2026-07-16 15:36:30: 16,567,993,280 states generated (29,045,146 s/min), 2,387,088,859 distinct states found (3,641,506 ds/min), 330,679,139 states left on queue.
Progress(37) at 2026-07-16 15:37:30: 16,596,707,681 states generated (28,714,401 s/min), 2,390,545,012 distinct states found (3,456,153 ds/min), 330,921,011 states left on queue.
Progress(37) at 2026-07-16 15:38:30: 16,624,559,493 states generated (27,851,812 s/min), 2,394,285,121 distinct states found (3,740,109 ds/min), 331,408,259 states left on queue.
Progress(37) at 2026-07-16 15:39:30: 16,652,972,578 states generated (28,413,085 s/min), 2,397,860,867 distinct states found (3,575,746 ds/min), 331,673,432 states left on queue.
Progress(37) at 2026-07-16 15:40:30: 16,679,583,576 states generated (26,610,998 s/min), 2,401,207,053 distinct states found (3,346,186 ds/min), 331,630,326 states left on queue.
Progress(37) at 2026-07-16 15:41:30: 16,709,927,634 states generated (30,344,058 s/min), 2,405,137,374 distinct states found (3,930,321 ds/min), 331,953,744 states left on queue.
Progress(37) at 2026-07-16 15:42:30: 16,738,876,083 states generated (28,948,449 s/min), 2,408,709,853 distinct states found (3,572,479 ds/min), 332,046,557 states left on queue.
Progress(37) at 2026-07-16 15:43:30: 16,769,269,310 states generated (30,393,227 s/min), 2,412,511,345 distinct states found (3,801,492 ds/min), 332,292,706 states left on queue.
Progress(37) at 2026-07-16 15:44:30: 16,799,103,104 states generated (29,833,794 s/min), 2,416,170,050 distinct states found (3,658,705 ds/min), 332,645,823 states left on queue.
Progress(37) at 2026-07-16 15:45:30: 16,827,240,837 states generated (28,137,733 s/min), 2,419,370,199 distinct states found (3,200,149 ds/min), 332,298,172 states left on queue.
Checkpointing of run states/26-07-16-05-44-18
Checkpointing completed at (2026-07-16 15:46:33)
Progress(37) at 2026-07-16 15:46:33: 16,856,855,283 states generated (29,614,446 s/min), 2,422,815,670 distinct states found (3,445,471 ds/min), 332,277,623 states left on queue.
Progress(37) at 2026-07-16 15:47:33: 16,885,692,324 states generated (28,837,041 s/min), 2,426,231,020 distinct states found (3,415,350 ds/min), 332,404,778 states left on queue.
Progress(37) at 2026-07-16 15:48:33: 16,914,514,323 states generated (28,821,999 s/min), 2,430,025,464 distinct states found (3,794,444 ds/min), 332,882,961 states left on queue.
Progress(37) at 2026-07-16 15:49:33: 16,942,818,164 states generated (28,303,841 s/min), 2,433,820,227 distinct states found (3,794,763 ds/min), 333,452,197 states left on queue.
Progress(37) at 2026-07-16 15:50:33: 16,971,299,895 states generated (28,481,731 s/min), 2,437,249,609 distinct states found (3,429,382 ds/min), 333,496,863 states left on queue.
Progress(37) at 2026-07-16 15:51:33: 16,998,226,244 states generated (26,926,349 s/min), 2,441,001,972 distinct states found (3,752,363 ds/min), 333,703,277 states left on queue.
Progress(37) at 2026-07-16 15:52:33: 17,026,125,849 states generated (27,899,605 s/min), 2,444,524,000 distinct states found (3,522,028 ds/min), 333,642,145 states left on queue.
Progress(37) at 2026-07-16 15:53:33: 17,055,495,104 states generated (29,369,255 s/min), 2,448,342,929 distinct states found (3,818,929 ds/min), 333,873,147 states left on queue.
Progress(37) at 2026-07-16 15:54:33: 17,083,563,852 states generated (28,068,748 s/min), 2,451,859,452 distinct states found (3,516,523 ds/min), 333,725,190 states left on queue.
Progress(37) at 2026-07-16 15:55:33: 17,111,647,300 states generated (28,083,448 s/min), 2,455,279,670 distinct states found (3,420,218 ds/min), 333,713,228 states left on queue.
Progress(37) at 2026-07-16 15:56:33: 17,140,079,083 states generated (28,431,783 s/min), 2,458,839,450 distinct states found (3,559,780 ds/min), 333,748,638 states left on queue.
Progress(37) at 2026-07-16 15:57:33: 17,169,089,362 states generated (29,010,279 s/min), 2,462,513,393 distinct states found (3,673,943 ds/min), 333,570,052 states left on queue.
Progress(37) at 2026-07-16 15:58:33: 17,199,211,695 states generated (30,122,333 s/min), 2,466,277,370 distinct states found (3,763,977 ds/min), 333,670,895 states left on queue.
Progress(37) at 2026-07-16 15:59:33: 17,229,560,031 states generated (30,348,336 s/min), 2,469,812,803 distinct states found (3,535,433 ds/min), 333,638,226 states left on queue.
Progress(37) at 2026-07-16 16:00:33: 17,259,277,189 states generated (29,717,158 s/min), 2,474,014,467 distinct states found (4,201,664 ds/min), 334,106,066 states left on queue.
Progress(37) at 2026-07-16 16:01:33: 17,287,888,844 states generated (28,611,655 s/min), 2,477,905,698 distinct states found (3,891,231 ds/min), 334,365,680 states left on queue.
Progress(37) at 2026-07-16 16:02:33: 17,317,181,501 states generated (29,292,657 s/min), 2,481,542,422 distinct states found (3,636,724 ds/min), 334,324,033 states left on queue.
Progress(37) at 2026-07-16 16:03:33: 17,346,521,275 states generated (29,339,774 s/min), 2,485,491,929 distinct states found (3,949,507 ds/min), 334,527,669 states left on queue.
Progress(37) at 2026-07-16 16:04:33: 17,376,096,150 states generated (29,574,875 s/min), 2,489,212,924 distinct states found (3,720,995 ds/min), 334,542,522 states left on queue.
Progress(37) at 2026-07-16 16:05:33: 17,405,812,789 states generated (29,716,639 s/min), 2,492,723,073 distinct states found (3,510,149 ds/min), 334,351,644 states left on queue.
Progress(37) at 2026-07-16 16:06:33: 17,434,643,720 states generated (28,830,931 s/min), 2,496,142,783 distinct states found (3,419,710 ds/min), 334,218,378 states left on queue.
Progress(37) at 2026-07-16 16:07:33: 17,462,298,262 states generated (27,654,542 s/min), 2,499,774,769 distinct states found (3,631,986 ds/min), 334,411,490 states left on queue.
Progress(37) at 2026-07-16 16:08:33: 17,489,008,003 states generated (26,709,741 s/min), 2,502,997,054 distinct states found (3,222,285 ds/min), 334,432,238 states left on queue.
Progress(37) at 2026-07-16 16:09:33: 17,516,654,551 states generated (27,646,548 s/min), 2,506,701,163 distinct states found (3,704,109 ds/min), 335,107,839 states left on queue.
Progress(37) at 2026-07-16 16:10:33: 17,544,545,256 states generated (27,890,705 s/min), 2,510,144,906 distinct states found (3,443,743 ds/min), 335,069,614 states left on queue.
Progress(37) at 2026-07-16 16:11:33: 17,572,718,617 states generated (28,173,361 s/min), 2,513,762,166 distinct states found (3,617,260 ds/min), 335,177,777 states left on queue.
Progress(37) at 2026-07-16 16:12:33: 17,601,121,630 states generated (28,403,013 s/min), 2,517,424,037 distinct states found (3,661,871 ds/min), 335,542,928 states left on queue.
Progress(37) at 2026-07-16 16:13:33: 17,628,140,329 states generated (27,018,699 s/min), 2,520,634,956 distinct states found (3,210,919 ds/min), 335,471,362 states left on queue.
Progress(37) at 2026-07-16 16:14:33: 17,654,955,795 states generated (26,815,466 s/min), 2,524,502,976 distinct states found (3,868,020 ds/min), 335,845,692 states left on queue.
Progress(37) at 2026-07-16 16:15:33: 17,681,065,741 states generated (26,109,946 s/min), 2,528,096,329 distinct states found (3,593,353 ds/min), 336,072,367 states left on queue.
Checkpointing of run states/26-07-16-05-44-18
Checkpointing completed at (2026-07-16 16:16:36)
Progress(37) at 2026-07-16 16:16:36: 17,709,029,741 states generated (27,964,000 s/min), 2,531,455,790 distinct states found (3,359,461 ds/min), 335,885,825 states left on queue.
Progress(37) at 2026-07-16 16:17:36: 17,736,407,734 states generated (27,377,993 s/min), 2,535,062,704 distinct states found (3,606,914 ds/min), 335,858,592 states left on queue.
Progress(37) at 2026-07-16 16:18:36: 17,764,370,100 states generated (27,962,366 s/min), 2,538,615,454 distinct states found (3,552,750 ds/min), 335,746,877 states left on queue.
Progress(37) at 2026-07-16 16:19:36: 17,791,692,247 states generated (27,322,147 s/min), 2,542,054,639 distinct states found (3,439,185 ds/min), 335,662,193 states left on queue.
Progress(37) at 2026-07-16 16:20:36: 17,818,615,659 states generated (26,923,412 s/min), 2,545,519,504 distinct states found (3,464,865 ds/min), 335,782,276 states left on queue.
Progress(37) at 2026-07-16 16:21:36: 17,848,164,900 states generated (29,549,241 s/min), 2,549,012,686 distinct states found (3,493,182 ds/min), 335,636,709 states left on queue.
Progress(37) at 2026-07-16 16:22:36: 17,876,271,873 states generated (28,106,973 s/min), 2,552,538,656 distinct states found (3,525,970 ds/min), 335,476,377 states left on queue.
Progress(37) at 2026-07-16 16:23:36: 17,903,545,568 states generated (27,273,695 s/min), 2,555,707,801 distinct states found (3,169,145 ds/min), 335,198,397 states left on queue.
Progress(37) at 2026-07-16 16:24:36: 17,929,821,287 states generated (26,275,719 s/min), 2,558,903,668 distinct states found (3,195,867 ds/min), 334,955,984 states left on queue.
Progress(37) at 2026-07-16 16:25:36: 17,957,239,895 states generated (27,418,608 s/min), 2,562,179,677 distinct states found (3,276,009 ds/min), 334,582,309 states left on queue.
Progress(38) at 2026-07-16 16:26:36: 17,985,755,076 states generated (28,515,181 s/min), 2,565,519,700 distinct states found (3,340,023 ds/min), 334,289,659 states left on queue.
Progress(38) at 2026-07-16 16:27:36: 18,013,364,610 states generated (27,609,534 s/min), 2,568,975,676 distinct states found (3,455,976 ds/min), 334,229,208 states left on queue.
Progress(38) at 2026-07-16 16:28:58: 18,039,178,766 states generated (25,814,156 s/min), 2,571,942,646 distinct states found (2,966,970 ds/min), 333,906,272 states left on queue.
Progress(38) at 2026-07-16 16:29:58: 18,067,184,194 states generated (28,005,428 s/min), 2,575,514,921 distinct states found (3,572,275 ds/min), 334,005,306 states left on queue.
Progress(38) at 2026-07-16 16:30:58: 18,094,486,867 states generated (27,302,673 s/min), 2,578,875,141 distinct states found (3,360,220 ds/min), 333,763,398 states left on queue.
Progress(38) at 2026-07-16 16:31:58: 18,122,641,616 states generated (28,154,749 s/min), 2,582,485,316 distinct states found (3,610,175 ds/min), 333,754,758 states left on queue.
Progress(38) at 2026-07-16 16:32:58: 18,152,184,885 states generated (29,543,269 s/min), 2,586,657,809 distinct states found (4,172,493 ds/min), 334,572,303 states left on queue.
Progress(38) at 2026-07-16 16:33:58: 18,180,465,767 states generated (28,280,882 s/min), 2,590,280,094 distinct states found (3,622,285 ds/min), 334,735,544 states left on queue.
Progress(38) at 2026-07-16 16:34:58: 18,209,613,935 states generated (29,148,168 s/min), 2,594,195,256 distinct states found (3,915,162 ds/min), 335,173,038 states left on queue.
Progress(38) at 2026-07-16 16:35:58: 18,237,015,893 states generated (27,401,958 s/min), 2,597,961,658 distinct states found (3,766,402 ds/min), 335,656,901 states left on queue.
Progress(38) at 2026-07-16 16:36:58: 18,264,180,554 states generated (27,164,661 s/min), 2,601,608,589 distinct states found (3,646,931 ds/min), 336,057,565 states left on queue.
Progress(38) at 2026-07-16 16:37:58: 18,291,584,869 states generated (27,404,315 s/min), 2,605,120,399 distinct states found (3,511,810 ds/min), 336,477,333 states left on queue.
Progress(38) at 2026-07-16 16:38:58: 18,318,108,542 states generated (26,523,673 s/min), 2,608,685,989 distinct states found (3,565,590 ds/min), 336,952,666 states left on queue.
Progress(38) at 2026-07-16 16:39:58: 18,344,943,681 states generated (26,835,139 s/min), 2,612,241,310 distinct states found (3,555,321 ds/min), 337,444,839 states left on queue.
Progress(38) at 2026-07-16 16:40:58: 18,371,845,603 states generated (26,901,922 s/min), 2,615,821,947 distinct states found (3,580,637 ds/min), 337,962,505 states left on queue.
Progress(38) at 2026-07-16 16:41:58: 18,398,259,003 states generated (26,413,400 s/min), 2,619,238,063 distinct states found (3,416,116 ds/min), 338,128,279 states left on queue.
Progress(38) at 2026-07-16 16:42:58: 18,425,386,879 states generated (27,127,876 s/min), 2,622,891,875 distinct states found (3,653,812 ds/min), 338,179,740 states left on queue.
Progress(38) at 2026-07-16 16:43:58: 18,453,044,141 states generated (27,657,262 s/min), 2,626,625,975 distinct states found (3,734,100 ds/min), 338,461,740 states left on queue.
Progress(38) at 2026-07-16 16:44:58: 18,479,786,760 states generated (26,742,619 s/min), 2,630,286,807 distinct states found (3,660,832 ds/min), 338,723,559 states left on queue.
Progress(38) at 2026-07-16 16:45:58: 18,507,345,553 states generated (27,558,793 s/min), 2,633,557,178 distinct states found (3,270,371 ds/min), 338,516,155 states left on queue.
Checkpointing of run states/26-07-16-05-44-18
Checkpointing completed at (2026-07-16 16:47:01)
Progress(38) at 2026-07-16 16:47:01: 18,537,316,728 states generated (29,971,175 s/min), 2,637,165,665 distinct states found (3,608,487 ds/min), 338,382,500 states left on queue.
Progress(38) at 2026-07-16 16:48:01: 18,565,898,077 states generated (28,581,349 s/min), 2,640,552,198 distinct states found (3,386,533 ds/min), 338,248,145 states left on queue.
Progress(38) at 2026-07-16 16:49:01: 18,592,961,055 states generated (27,062,978 s/min), 2,643,813,709 distinct states found (3,261,511 ds/min), 338,196,756 states left on queue.
Progress(38) at 2026-07-16 16:50:01: 18,621,064,707 states generated (28,103,652 s/min), 2,647,374,111 distinct states found (3,560,402 ds/min), 338,363,336 states left on queue.
Progress(38) at 2026-07-16 16:51:01: 18,647,499,247 states generated (26,434,540 s/min), 2,650,726,445 distinct states found (3,352,334 ds/min), 338,339,692 states left on queue.
Progress(38) at 2026-07-16 16:52:01: 18,674,901,950 states generated (27,402,703 s/min), 2,654,078,551 distinct states found (3,352,106 ds/min), 338,216,806 states left on queue.
Progress(38) at 2026-07-16 16:53:01: 18,705,613,660 states generated (30,711,710 s/min), 2,657,999,188 distinct states found (3,920,637 ds/min), 338,638,543 states left on queue.
Progress(38) at 2026-07-16 16:54:01: 18,734,289,604 states generated (28,675,944 s/min), 2,661,811,879 distinct states found (3,812,691 ds/min), 338,733,757 states left on queue.
Progress(38) at 2026-07-16 16:55:01: 18,760,620,149 states generated (26,330,545 s/min), 2,665,098,901 distinct states found (3,287,022 ds/min), 338,466,447 states left on queue.
Progress(38) at 2026-07-16 16:56:01: 18,789,429,508 states generated (28,809,359 s/min), 2,668,699,242 distinct states found (3,600,341 ds/min), 338,301,338 states left on queue.
Progress(38) at 2026-07-16 16:57:01: 18,818,805,486 states generated (29,375,978 s/min), 2,672,200,593 distinct states found (3,501,351 ds/min), 338,369,661 states left on queue.
Progress(38) at 2026-07-16 16:58:01: 18,847,169,049 states generated (28,363,563 s/min), 2,675,666,186 distinct states found (3,465,593 ds/min), 338,407,832 states left on queue.
Progress(38) at 2026-07-16 16:59:01: 18,874,736,612 states generated (27,567,563 s/min), 2,678,998,230 distinct states found (3,332,044 ds/min), 338,188,156 states left on queue.
Progress(38) at 2026-07-16 17:00:01: 18,902,245,626 states generated (27,509,014 s/min), 2,682,304,916 distinct states found (3,306,686 ds/min), 338,100,143 states left on queue.
Progress(38) at 2026-07-16 17:01:01: 18,929,908,743 states generated (27,663,117 s/min), 2,685,734,742 distinct states found (3,429,826 ds/min), 337,927,042 states left on queue.
Progress(38) at 2026-07-16 17:02:01: 18,958,093,685 states generated (28,184,942 s/min), 2,689,018,119 distinct states found (3,283,377 ds/min), 337,661,379 states left on queue.
Progress(38) at 2026-07-16 17:03:01: 18,985,313,286 states generated (27,219,601 s/min), 2,692,190,287 distinct states found (3,172,168 ds/min), 337,384,812 states left on queue.
Progress(38) at 2026-07-16 17:04:01: 19,013,497,655 states generated (28,184,369 s/min), 2,695,359,844 distinct states found (3,169,557 ds/min), 337,152,328 states left on queue.
Progress(38) at 2026-07-16 17:05:01: 19,041,288,272 states generated (27,790,617 s/min), 2,698,727,567 distinct states found (3,367,723 ds/min), 337,002,922 states left on queue.
Progress(38) at 2026-07-16 17:06:01: 19,071,241,379 states generated (29,953,107 s/min), 2,702,321,185 distinct states found (3,593,618 ds/min), 336,932,636 states left on queue.
Progress(38) at 2026-07-16 17:07:01: 19,101,324,141 states generated (30,082,762 s/min), 2,705,872,153 distinct states found (3,550,968 ds/min), 337,014,586 states left on queue.
Progress(38) at 2026-07-16 17:08:01: 19,130,643,428 states generated (29,319,287 s/min), 2,709,386,779 distinct states found (3,514,626 ds/min), 337,171,496 states left on queue.
Progress(38) at 2026-07-16 17:09:01: 19,159,943,547 states generated (29,300,119 s/min), 2,713,104,019 distinct states found (3,717,240 ds/min), 337,397,716 states left on queue.
Progress(38) at 2026-07-16 17:10:01: 19,188,707,208 states generated (28,763,661 s/min), 2,716,505,643 distinct states found (3,401,624 ds/min), 337,342,346 states left on queue.
Progress(38) at 2026-07-16 17:11:01: 19,216,884,040 states generated (28,176,832 s/min), 2,719,921,349 distinct states found (3,415,706 ds/min), 337,461,952 states left on queue.
Progress(38) at 2026-07-16 17:12:01: 19,245,345,090 states generated (28,461,050 s/min), 2,723,397,089 distinct states found (3,475,740 ds/min), 337,885,063 states left on queue.
Progress(38) at 2026-07-16 17:13:01: 19,274,150,290 states generated (28,805,200 s/min), 2,726,909,767 distinct states found (3,512,678 ds/min), 338,215,150 states left on queue.
Progress(38) at 2026-07-16 17:14:01: 19,302,714,789 states generated (28,564,499 s/min), 2,730,417,000 distinct states found (3,507,233 ds/min), 338,460,828 states left on queue.
Progress(38) at 2026-07-16 17:15:01: 19,330,622,096 states generated (27,907,307 s/min), 2,733,871,398 distinct states found (3,454,398 ds/min), 338,666,990 states left on queue.
Progress(38) at 2026-07-16 17:16:01: 19,358,625,938 states generated (28,003,842 s/min), 2,737,297,211 distinct states found (3,425,813 ds/min), 338,767,382 states left on queue.
Checkpointing of run states/26-07-16-05-44-18
Checkpointing completed at (2026-07-16 17:17:04)
Progress(38) at 2026-07-16 17:17:04: 19,386,300,754 states generated (27,674,816 s/min), 2,740,708,100 distinct states found (3,410,889 ds/min), 338,583,111 states left on queue.
Progress(38) at 2026-07-16 17:18:04: 19,417,190,276 states generated (30,889,522 s/min), 2,744,637,480 distinct states found (3,929,380 ds/min), 338,887,218 states left on queue.
Progress(38) at 2026-07-16 17:19:04: 19,446,525,950 states generated (29,335,674 s/min), 2,748,168,185 distinct states found (3,530,705 ds/min), 338,967,947 states left on queue.
Progress(38) at 2026-07-16 17:20:04: 19,476,724,921 states generated (30,198,971 s/min), 2,751,885,262 distinct states found (3,717,077 ds/min), 339,150,617 states left on queue.
Progress(38) at 2026-07-16 17:21:04: 19,506,754,093 states generated (30,029,172 s/min), 2,755,515,251 distinct states found (3,629,989 ds/min), 339,424,055 states left on queue.
Progress(38) at 2026-07-16 17:22:04: 19,534,838,347 states generated (28,084,254 s/min), 2,758,580,873 distinct states found (3,065,622 ds/min), 338,991,122 states left on queue.
Progress(38) at 2026-07-16 17:23:04: 19,563,288,179 states generated (28,449,832 s/min), 2,761,793,669 distinct states found (3,212,796 ds/min), 338,880,079 states left on queue.
Progress(38) at 2026-07-16 17:24:04: 19,592,087,756 states generated (28,799,577 s/min), 2,765,121,876 distinct states found (3,328,207 ds/min), 338,936,383 states left on queue.
Progress(38) at 2026-07-16 17:25:04: 19,620,811,098 states generated (28,723,342 s/min), 2,768,687,307 distinct states found (3,565,431 ds/min), 339,187,047 states left on queue.
Progress(38) at 2026-07-16 17:26:04: 19,649,219,316 states generated (28,408,218 s/min), 2,772,567,297 distinct states found (3,879,990 ds/min), 339,790,241 states left on queue.
Progress(38) at 2026-07-16 17:27:04: 19,677,738,845 states generated (28,519,529 s/min), 2,775,984,986 distinct states found (3,417,689 ds/min), 339,885,966 states left on queue.
Progress(38) at 2026-07-16 17:28:04: 19,704,452,483 states generated (26,713,638 s/min), 2,779,526,872 distinct states found (3,541,886 ds/min), 339,997,744 states left on queue.
Progress(38) at 2026-07-16 17:29:50: 19,729,293,262 states generated (24,840,779 s/min), 2,782,682,888 distinct states found (3,156,016 ds/min), 339,808,044 states left on queue.
Progress(38) at 2026-07-16 17:30:50: 19,757,972,190 states generated (28,678,928 s/min), 2,786,178,094 distinct states found (3,495,206 ds/min), 339,813,082 states left on queue.
Progress(38) at 2026-07-16 17:31:50: 19,787,103,089 states generated (29,130,899 s/min), 2,789,763,582 distinct states found (3,585,488 ds/min), 339,772,677 states left on queue.
Progress(38) at 2026-07-16 17:32:50: 19,814,228,989 states generated (27,125,900 s/min), 2,792,929,048 distinct states found (3,165,466 ds/min), 339,488,686 states left on queue.
Progress(38) at 2026-07-16 17:33:50: 19,843,091,666 states generated (28,862,677 s/min), 2,796,535,070 distinct states found (3,606,022 ds/min), 339,500,493 states left on queue.
Progress(38) at 2026-07-16 17:34:50: 19,871,527,476 states generated (28,435,810 s/min), 2,800,034,310 distinct states found (3,499,240 ds/min), 339,334,147 states left on queue.
Progress(38) at 2026-07-16 17:35:50: 19,900,758,997 states generated (29,231,521 s/min), 2,803,492,364 distinct states found (3,458,054 ds/min), 339,020,366 states left on queue.
Progress(38) at 2026-07-16 17:36:50: 19,931,740,313 states generated (30,981,316 s/min), 2,807,320,850 distinct states found (3,828,486 ds/min), 339,307,036 states left on queue.
Progress(38) at 2026-07-16 17:37:50: 19,961,320,408 states generated (29,580,095 s/min), 2,810,919,866 distinct states found (3,599,016 ds/min), 339,218,407 states left on queue.
Progress(38) at 2026-07-16 17:38:50: 19,990,402,788 states generated (29,082,380 s/min), 2,814,951,289 distinct states found (4,031,423 ds/min), 339,632,782 states left on queue.
Progress(38) at 2026-07-16 17:39:50: 20,019,447,364 states generated (29,044,576 s/min), 2,818,617,598 distinct states found (3,666,309 ds/min), 339,593,724 states left on queue.
Progress(38) at 2026-07-16 17:40:50: 20,048,601,946 states generated (29,154,582 s/min), 2,822,217,962 distinct states found (3,600,364 ds/min), 339,539,773 states left on queue.
Progress(38) at 2026-07-16 17:41:50: 20,077,696,463 states generated (29,094,517 s/min), 2,826,032,178 distinct states found (3,814,216 ds/min), 339,570,299 states left on queue.
Progress(38) at 2026-07-16 17:42:50: 20,106,950,264 states generated (29,253,801 s/min), 2,829,508,471 distinct states found (3,476,293 ds/min), 339,376,573 states left on queue.
Progress(38) at 2026-07-16 17:43:50: 20,136,166,637 states generated (29,216,373 s/min), 2,832,782,366 distinct states found (3,273,895 ds/min), 339,102,486 states left on queue.
Progress(38) at 2026-07-16 17:44:50: 20,164,598,943 states generated (28,432,306 s/min), 2,836,093,211 distinct states found (3,310,845 ds/min), 338,803,292 states left on queue.
Progress(38) at 2026-07-16 17:45:50: 20,191,772,142 states generated (27,173,199 s/min), 2,839,645,053 distinct states found (3,551,842 ds/min), 339,086,391 states left on queue.
Progress(38) at 2026-07-16 17:46:50: 20,219,093,765 states generated (27,321,623 s/min), 2,842,964,948 distinct states found (3,319,895 ds/min), 339,200,359 states left on queue.
Checkpointing of run states/26-07-16-05-44-18
Checkpointing completed at (2026-07-16 17:47:53)
Progress(38) at 2026-07-16 17:47:53: 20,247,671,463 states generated (28,577,698 s/min), 2,846,643,211 distinct states found (3,678,263 ds/min), 339,755,865 states left on queue.
Progress(38) at 2026-07-16 17:48:53: 20,275,440,683 states generated (27,769,220 s/min), 2,850,002,559 distinct states found (3,359,348 ds/min), 339,640,593 states left on queue.
Progress(38) at 2026-07-16 17:49:53: 20,303,513,728 states generated (28,073,045 s/min), 2,853,453,900 distinct states found (3,451,341 ds/min), 339,590,495 states left on queue.
Progress(38) at 2026-07-16 17:50:53: 20,331,955,805 states generated (28,442,077 s/min), 2,857,064,023 distinct states found (3,610,123 ds/min), 339,933,611 states left on queue.
Progress(38) at 2026-07-16 17:51:53: 20,358,762,676 states generated (26,806,871 s/min), 2,860,166,202 distinct states found (3,102,179 ds/min), 339,801,162 states left on queue.
Progress(38) at 2026-07-16 17:52:53: 20,385,837,260 states generated (27,074,584 s/min), 2,863,837,038 distinct states found (3,670,836 ds/min), 339,921,240 states left on queue.
Progress(38) at 2026-07-16 17:53:53: 20,412,331,653 states generated (26,494,393 s/min), 2,867,472,520 distinct states found (3,635,482 ds/min), 340,198,394 states left on queue.
Progress(38) at 2026-07-16 17:54:53: 20,438,382,480 states generated (26,050,827 s/min), 2,870,546,498 distinct states found (3,073,978 ds/min), 339,937,688 states left on queue.
Progress(38) at 2026-07-16 17:55:53: 20,465,526,776 states generated (27,144,296 s/min), 2,873,944,160 distinct states found (3,397,662 ds/min), 339,742,807 states left on queue.
Progress(38) at 2026-07-16 17:56:53: 20,493,226,972 states generated (27,700,196 s/min), 2,877,442,524 distinct states found (3,498,364 ds/min), 339,611,999 states left on queue.
Progress(38) at 2026-07-16 17:57:53: 20,520,449,150 states generated (27,222,178 s/min), 2,880,675,848 distinct states found (3,233,324 ds/min), 339,281,855 states left on queue.
Progress(38) at 2026-07-16 17:58:53: 20,547,516,523 states generated (27,067,373 s/min), 2,884,200,563 distinct states found (3,524,715 ds/min), 339,515,612 states left on queue.
Progress(38) at 2026-07-16 17:59:53: 20,576,520,729 states generated (29,004,206 s/min), 2,887,606,496 distinct states found (3,405,933 ds/min), 339,277,975 states left on queue.
Progress(38) at 2026-07-16 18:00:53: 20,604,752,496 states generated (28,231,767 s/min), 2,890,949,401 distinct states found (3,342,905 ds/min), 338,986,233 states left on queue.
Progress(38) at 2026-07-16 18:01:53: 20,632,325,891 states generated (27,573,395 s/min), 2,894,094,138 distinct states found (3,144,737 ds/min), 338,651,794 states left on queue.
Progress(38) at 2026-07-16 18:02:53: 20,658,587,920 states generated (26,262,029 s/min), 2,897,196,989 distinct states found (3,102,851 ds/min), 338,351,391 states left on queue.
Progress(38) at 2026-07-16 18:03:53: 20,685,969,747 states generated (27,381,827 s/min), 2,900,369,229 distinct states found (3,172,240 ds/min), 337,903,186 states left on queue.
Progress(39) at 2026-07-16 18:04:53: 20,714,296,788 states generated (28,327,041 s/min), 2,903,557,926 distinct states found (3,188,697 ds/min), 337,509,947 states left on queue.
Progress(39) at 2026-07-16 18:05:53: 20,742,292,343 states generated (27,995,555 s/min), 2,906,959,645 distinct states found (3,401,719 ds/min), 337,370,539 states left on queue.
Progress(39) at 2026-07-16 18:06:53: 20,770,512,140 states generated (28,219,797 s/min), 2,910,171,787 distinct states found (3,212,142 ds/min), 336,950,210 states left on queue.
Progress(39) at 2026-07-16 18:07:53: 20,797,724,142 states generated (27,212,002 s/min), 2,913,562,346 distinct states found (3,390,559 ds/min), 336,942,679 states left on queue.
Progress(39) at 2026-07-16 18:08:53: 20,825,566,520 states generated (27,842,378 s/min), 2,917,098,772 distinct states found (3,536,426 ds/min), 336,782,085 states left on queue.
Progress(39) at 2026-07-16 18:09:53: 20,854,339,632 states generated (28,773,112 s/min), 2,920,905,863 distinct states found (3,807,091 ds/min), 337,131,719 states left on queue.
Progress(39) at 2026-07-16 18:10:53: 20,883,918,619 states generated (29,578,987 s/min), 2,924,746,628 distinct states found (3,840,765 ds/min), 337,588,223 states left on queue.
Progress(39) at 2026-07-16 18:11:53: 20,912,103,076 states generated (28,184,457 s/min), 2,928,280,140 distinct states found (3,533,512 ds/min), 337,656,660 states left on queue.
Progress(39) at 2026-07-16 18:12:53: 20,941,063,442 states generated (28,960,366 s/min), 2,932,104,931 distinct states found (3,824,791 ds/min), 338,038,438 states left on queue.
Progress(39) at 2026-07-16 18:13:53: 20,968,500,839 states generated (27,437,397 s/min), 2,935,767,118 distinct states found (3,662,187 ds/min), 338,428,270 states left on queue.
Progress(39) at 2026-07-16 18:14:53: 20,995,618,095 states generated (27,117,256 s/min), 2,939,257,694 distinct states found (3,490,576 ds/min), 338,609,192 states left on queue.
Progress(39) at 2026-07-16 18:15:53: 21,023,410,040 states generated (27,791,945 s/min), 2,942,720,241 distinct states found (3,462,547 ds/min), 338,998,386 states left on queue.
Progress(39) at 2026-07-16 18:16:53: 21,049,845,630 states generated (26,435,590 s/min), 2,946,252,894 distinct states found (3,532,653 ds/min), 339,415,295 states left on queue.
Checkpointing of run states/26-07-16-05-44-18
Checkpointing completed at (2026-07-16 18:17:56)
Progress(39) at 2026-07-16 18:17:56: 21,078,360,564 states generated (28,514,934 s/min), 2,949,976,231 distinct states found (3,723,337 ds/min), 339,818,183 states left on queue.
Progress(39) at 2026-07-16 18:18:56: 21,105,108,523 states generated (26,747,959 s/min), 2,953,419,306 distinct states found (3,443,075 ds/min), 340,276,346 states left on queue.
Progress(39) at 2026-07-16 18:19:56: 21,131,612,628 states generated (26,504,105 s/min), 2,956,849,994 distinct states found (3,430,688 ds/min), 340,636,016 states left on queue.
Progress(39) at 2026-07-16 18:20:56: 21,158,192,543 states generated (26,579,915 s/min), 2,960,257,620 distinct states found (3,407,626 ds/min), 340,744,741 states left on queue.
Progress(39) at 2026-07-16 18:21:56: 21,185,158,146 states generated (26,965,603 s/min), 2,963,714,457 distinct states found (3,456,837 ds/min), 340,599,958 states left on queue.
Progress(39) at 2026-07-16 18:22:56: 21,212,711,923 states generated (27,553,777 s/min), 2,967,419,321 distinct states found (3,704,864 ds/min), 340,874,426 states left on queue.
Progress(39) at 2026-07-16 18:23:56: 21,239,230,815 states generated (26,518,892 s/min), 2,970,908,546 distinct states found (3,489,225 ds/min), 340,980,333 states left on queue.
Progress(39) at 2026-07-16 18:24:56: 21,266,550,466 states generated (27,319,651 s/min), 2,974,148,639 distinct states found (3,240,093 ds/min), 340,784,985 states left on queue.
Progress(39) at 2026-07-16 18:25:56: 21,294,976,840 states generated (28,426,374 s/min), 2,977,480,931 distinct states found (3,332,292 ds/min), 340,548,009 states left on queue.
Progress(39) at 2026-07-16 18:26:56: 21,323,598,959 states generated (28,622,119 s/min), 2,980,807,067 distinct states found (3,326,136 ds/min), 340,387,026 states left on queue.
Progress(39) at 2026-07-16 18:27:56: 21,350,549,941 states generated (26,950,982 s/min), 2,983,970,526 distinct states found (3,163,459 ds/min), 340,266,273 states left on queue.
Progress(39) at 2026-07-16 18:28:56: 21,378,549,099 states generated (27,999,158 s/min), 2,987,455,976 distinct states found (3,485,450 ds/min), 340,405,592 states left on queue.
Progress(39) at 2026-07-16 18:30:18: 21,402,498,202 states generated (23,949,103 s/min), 2,990,427,552 distinct states found (2,971,576 ds/min), 340,329,639 states left on queue.
Progress(39) at 2026-07-16 18:31:18: 21,429,162,429 states generated (26,664,227 s/min), 2,993,561,356 distinct states found (3,133,804 ds/min), 340,030,594 states left on queue.
Progress(39) at 2026-07-16 18:32:18: 21,459,606,613 states generated (30,444,184 s/min), 2,997,316,534 distinct states found (3,755,178 ds/min), 340,308,905 states left on queue.
Progress(39) at 2026-07-16 18:33:18: 21,489,098,577 states generated (29,491,964 s/min), 3,001,060,668 distinct states found (3,744,134 ds/min), 340,408,289 states left on queue.
Progress(39) at 2026-07-16 18:34:18: 21,515,320,792 states generated (26,222,215 s/min), 3,004,400,374 distinct states found (3,339,706 ds/min), 340,180,227 states left on queue.
Progress(39) at 2026-07-16 18:35:18: 21,544,008,748 states generated (28,687,956 s/min), 3,007,837,007 distinct states found (3,436,633 ds/min), 339,886,525 states left on queue.
Progress(39) at 2026-07-16 18:36:18: 21,573,330,616 states generated (29,321,868 s/min), 3,011,241,978 distinct states found (3,404,971 ds/min), 339,832,416 states left on queue.
Progress(39) at 2026-07-16 18:37:18: 21,602,376,253 states generated (29,045,637 s/min), 3,014,640,286 distinct states found (3,398,308 ds/min), 339,771,826 states left on queue.
Progress(39) at 2026-07-16 18:38:18: 21,629,416,675 states generated (27,040,422 s/min), 3,017,837,923 distinct states found (3,197,637 ds/min), 339,465,837 states left on queue.
Progress(39) at 2026-07-16 18:39:18: 21,656,695,999 states generated (27,279,324 s/min), 3,021,098,843 distinct states found (3,260,920 ds/min), 339,450,127 states left on queue.
Progress(39) at 2026-07-16 18:40:18: 21,684,254,880 states generated (27,558,881 s/min), 3,024,357,288 distinct states found (3,258,445 ds/min), 339,120,179 states left on queue.
Progress(39) at 2026-07-16 18:41:18: 21,712,330,256 states generated (28,075,376 s/min), 3,027,523,908 distinct states found (3,166,620 ds/min), 338,744,382 states left on queue.
Progress(39) at 2026-07-16 18:42:18: 21,739,482,445 states generated (27,152,189 s/min), 3,030,611,577 distinct states found (3,087,669 ds/min), 338,373,605 states left on queue.
Progress(39) at 2026-07-16 18:43:18: 21,767,520,544 states generated (28,038,099 s/min), 3,033,666,357 distinct states found (3,054,780 ds/min), 338,028,726 states left on queue.
Progress(39) at 2026-07-16 18:44:18: 21,796,014,037 states generated (28,493,493 s/min), 3,037,114,795 distinct states found (3,448,438 ds/min), 337,932,098 states left on queue.
Progress(39) at 2026-07-16 18:45:18: 21,825,906,574 states generated (29,892,537 s/min), 3,040,538,240 distinct states found (3,423,445 ds/min), 337,649,025 states left on queue.
Progress(39) at 2026-07-16 18:46:18: 21,855,564,043 states generated (29,657,469 s/min), 3,043,944,698 distinct states found (3,406,458 ds/min), 337,712,222 states left on queue.
Progress(39) at 2026-07-16 18:47:18: 21,884,733,926 states generated (29,169,883 s/min), 3,047,416,329 distinct states found (3,471,631 ds/min), 337,822,310 states left on queue.
Checkpointing of run states/26-07-16-05-44-18
Checkpointing completed at (2026-07-16 18:48:21)
Progress(39) at 2026-07-16 18:48:21: 21,915,267,959 states generated (30,534,033 s/min), 3,051,129,550 distinct states found (3,713,221 ds/min), 337,863,816 states left on queue.
Progress(39) at 2026-07-16 18:49:21: 21,943,940,472 states generated (28,672,513 s/min), 3,054,428,926 distinct states found (3,299,376 ds/min), 337,720,251 states left on queue.
Progress(39) at 2026-07-16 18:50:21: 21,972,012,199 states generated (28,071,727 s/min), 3,057,760,070 distinct states found (3,331,144 ds/min), 337,798,048 states left on queue.
Progress(39) at 2026-07-16 18:51:21: 22,000,561,450 states generated (28,549,251 s/min), 3,061,162,000 distinct states found (3,401,930 ds/min), 338,150,923 states left on queue.
Progress(39) at 2026-07-16 18:52:21: 22,029,302,536 states generated (28,741,086 s/min), 3,064,597,935 distinct states found (3,435,935 ds/min), 338,391,408 states left on queue.
Progress(39) at 2026-07-16 18:53:21: 22,057,957,951 states generated (28,655,415 s/min), 3,067,985,437 distinct states found (3,387,502 ds/min), 338,530,411 states left on queue.
Progress(39) at 2026-07-16 18:54:21: 22,085,467,525 states generated (27,509,574 s/min), 3,071,407,291 distinct states found (3,421,854 ds/min), 338,711,509 states left on queue.
Progress(39) at 2026-07-16 18:55:21: 22,113,690,202 states generated (28,222,677 s/min), 3,074,727,959 distinct states found (3,320,668 ds/min), 338,722,296 states left on queue.
Progress(39) at 2026-07-16 18:56:21: 22,140,605,394 states generated (26,915,192 s/min), 3,077,947,483 distinct states found (3,219,524 ds/min), 338,620,004 states left on queue.
Progress(39) at 2026-07-16 18:57:21: 22,170,109,102 states generated (29,503,708 s/min), 3,081,653,596 distinct states found (3,706,113 ds/min), 338,739,002 states left on queue.
Progress(39) at 2026-07-16 18:58:21: 22,199,632,068 states generated (29,522,966 s/min), 3,085,082,690 distinct states found (3,429,094 ds/min), 338,624,383 states left on queue.
Progress(39) at 2026-07-16 18:59:21: 22,229,817,256 states generated (30,185,188 s/min), 3,088,613,911 distinct states found (3,531,221 ds/min), 338,571,516 states left on queue.
Progress(39) at 2026-07-16 19:00:21: 22,260,061,633 states generated (30,244,377 s/min), 3,092,523,657 distinct states found (3,909,746 ds/min), 339,062,425 states left on queue.
Progress(39) at 2026-07-16 19:01:21: 22,289,359,050 states generated (29,297,417 s/min), 3,095,750,606 distinct states found (3,226,949 ds/min), 338,798,874 states left on queue.
Progress(39) at 2026-07-16 19:02:21: 22,317,272,100 states generated (27,913,050 s/min), 3,098,733,711 distinct states found (2,983,105 ds/min), 338,512,746 states left on queue.
Progress(39) at 2026-07-16 19:03:21: 22,345,830,238 states generated (28,558,138 s/min), 3,101,875,782 distinct states found (3,142,071 ds/min), 338,344,648 states left on queue.
Progress(39) at 2026-07-16 19:04:21: 22,374,786,326 states generated (28,956,088 s/min), 3,105,309,648 distinct states found (3,433,866 ds/min), 338,474,177 states left on queue.
Progress(39) at 2026-07-16 19:05:21: 22,403,544,228 states generated (28,757,902 s/min), 3,108,975,036 distinct states found (3,665,388 ds/min), 338,821,659 states left on queue.
Progress(39) at 2026-07-16 19:06:21: 22,431,708,503 states generated (28,164,275 s/min), 3,112,509,517 distinct states found (3,534,481 ds/min), 339,090,721 states left on queue.
Progress(39) at 2026-07-16 19:07:21: 22,459,881,691 states generated (28,173,188 s/min), 3,115,689,744 distinct states found (3,180,227 ds/min), 338,903,372 states left on queue.
Progress(39) at 2026-07-16 19:08:21: 22,486,289,777 states generated (26,408,086 s/min), 3,119,337,942 distinct states found (3,648,198 ds/min), 339,083,428 states left on queue.
Progress(39) at 2026-07-16 19:09:21: 22,514,115,499 states generated (27,825,722 s/min), 3,122,612,548 distinct states found (3,274,606 ds/min), 338,741,979 states left on queue.
Progress(39) at 2026-07-16 19:10:21: 22,543,354,664 states generated (29,239,165 s/min), 3,126,227,633 distinct states found (3,615,085 ds/min), 338,745,979 states left on queue.
Progress(39) at 2026-07-16 19:11:21: 22,571,697,452 states generated (28,342,788 s/min), 3,129,513,294 distinct states found (3,285,661 ds/min), 338,465,701 states left on queue.
Progress(39) at 2026-07-16 19:12:21: 22,599,374,813 states generated (27,677,361 s/min), 3,132,700,568 distinct states found (3,187,274 ds/min), 338,178,126 states left on queue.
Progress(39) at 2026-07-16 19:13:21: 22,627,463,730 states generated (28,088,917 s/min), 3,136,056,900 distinct states found (3,356,332 ds/min), 338,075,011 states left on queue.
Progress(39) at 2026-07-16 19:14:21: 22,656,494,966 states generated (29,031,236 s/min), 3,139,510,520 distinct states found (3,453,620 ds/min), 337,677,911 states left on queue.
Progress(39) at 2026-07-16 19:15:21: 22,686,830,689 states generated (30,335,723 s/min), 3,143,226,060 distinct states found (3,715,540 ds/min), 337,762,358 states left on queue.
Progress(39) at 2026-07-16 19:16:21: 22,717,135,248 states generated (30,304,559 s/min), 3,146,590,768 distinct states found (3,364,708 ds/min), 337,569,684 states left on queue.
Progress(39) at 2026-07-16 19:17:21: 22,746,525,448 states generated (29,390,200 s/min), 3,150,550,294 distinct states found (3,959,526 ds/min), 337,781,756 states left on queue.
Checkpointing of run states/26-07-16-05-44-18
Checkpointing completed at (2026-07-16 19:18:24)
Progress(39) at 2026-07-16 19:18:24: 22,759,511,169 states generated (12,985,721 s/min), 3,152,272,696 distinct states found (1,722,402 ds/min), 337,919,261 states left on queue.
Progress(39) at 2026-07-16 19:19:24: 22,788,009,270 states generated (28,498,101 s/min), 3,155,833,508 distinct states found (3,560,812 ds/min), 337,826,798 states left on queue.
Progress(39) at 2026-07-16 19:20:24: 22,816,942,067 states generated (28,932,797 s/min), 3,159,268,892 distinct states found (3,435,384 ds/min), 337,622,189 states left on queue.
Progress(39) at 2026-07-16 19:21:24: 22,845,878,523 states generated (28,936,456 s/min), 3,162,948,098 distinct states found (3,679,206 ds/min), 337,551,684 states left on queue.
Progress(39) at 2026-07-16 19:22:24: 22,875,052,249 states generated (29,173,726 s/min), 3,166,378,615 distinct states found (3,430,517 ds/min), 337,309,584 states left on queue.
Progress(39) at 2026-07-16 19:23:24: 22,904,106,113 states generated (29,053,864 s/min), 3,169,526,540 distinct states found (3,147,925 ds/min), 336,890,570 states left on queue.
Progress(39) at 2026-07-16 19:24:24: 22,932,606,061 states generated (28,499,948 s/min), 3,172,755,393 distinct states found (3,228,853 ds/min), 336,529,693 states left on queue.
Progress(39) at 2026-07-16 19:25:24: 22,959,692,955 states generated (27,086,894 s/min), 3,176,240,164 distinct states found (3,484,771 ds/min), 336,746,727 states left on queue.
Progress(39) at 2026-07-16 19:26:24: 22,986,798,109 states generated (27,105,154 s/min), 3,179,441,317 distinct states found (3,201,153 ds/min), 336,779,910 states left on queue.
Progress(39) at 2026-07-16 19:27:24: 23,014,191,056 states generated (27,392,947 s/min), 3,182,881,833 distinct states found (3,440,516 ds/min), 337,199,716 states left on queue.
Progress(39) at 2026-07-16 19:28:24: 23,041,832,362 states generated (27,641,306 s/min), 3,186,186,873 distinct states found (3,305,040 ds/min), 337,202,308 states left on queue.
Progress(39) at 2026-07-16 19:29:24: 23,069,613,754 states generated (27,781,392 s/min), 3,189,550,776 distinct states found (3,363,903 ds/min), 337,105,328 states left on queue.
Progress(39) at 2026-07-16 19:30:24: 23,098,105,242 states generated (28,491,488 s/min), 3,193,006,324 distinct states found (3,455,548 ds/min), 337,218,290 states left on queue.
Progress(39) at 2026-07-16 19:31:24: 23,125,376,656 states generated (27,271,414 s/min), 3,196,129,212 distinct states found (3,122,888 ds/min), 337,061,149 states left on queue.
Progress(39) at 2026-07-16 19:32:24: 23,152,122,557 states generated (26,745,901 s/min), 3,199,416,523 distinct states found (3,287,311 ds/min), 336,961,206 states left on queue.
Progress(39) at 2026-07-16 19:33:24: 23,179,104,086 states generated (26,981,529 s/min), 3,203,097,345 distinct states found (3,680,822 ds/min), 337,180,036 states left on queue.
Progress(39) at 2026-07-16 19:34:24: 23,205,051,679 states generated (25,947,593 s/min), 3,206,281,447 distinct states found (3,184,102 ds/min), 337,024,097 states left on queue.
Progress(39) at 2026-07-16 19:35:24: 23,231,758,936 states generated (26,707,257 s/min), 3,209,380,678 distinct states found (3,099,231 ds/min), 336,659,657 states left on queue.
Progress(39) at 2026-07-16 19:36:24: 23,259,537,491 states generated (27,778,555 s/min), 3,212,753,095 distinct states found (3,372,417 ds/min), 336,413,471 states left on queue.
Progress(39) at 2026-07-16 19:37:24: 23,286,808,242 states generated (27,270,751 s/min), 3,215,967,626 distinct states found (3,214,531 ds/min), 336,035,659 states left on queue.
Progress(39) at 2026-07-16 19:38:24: 23,314,000,556 states generated (27,192,314 s/min), 3,219,434,669 distinct states found (3,467,043 ds/min), 336,196,458 states left on queue.
Progress(39) at 2026-07-16 19:39:24: 23,342,134,573 states generated (28,134,017 s/min), 3,222,759,379 distinct states found (3,324,710 ds/min), 335,977,365 states left on queue.
Progress(39) at 2026-07-16 19:40:24: 23,370,435,355 states generated (28,300,782 s/min), 3,225,925,008 distinct states found (3,165,629 ds/min), 335,504,289 states left on queue.
Progress(39) at 2026-07-16 19:41:24: 23,398,112,056 states generated (27,676,701 s/min), 3,229,055,857 distinct states found (3,130,849 ds/min), 335,156,558 states left on queue.
Progress(39) at 2026-07-16 19:42:24: 23,424,244,974 states generated (26,132,918 s/min), 3,232,035,631 distinct states found (2,979,774 ds/min), 334,772,836 states left on queue.
Progress(39) at 2026-07-16 19:43:24: 23,451,848,409 states generated (27,603,435 s/min), 3,235,144,202 distinct states found (3,108,571 ds/min), 334,279,350 states left on queue.
Progress(40) at 2026-07-16 19:44:24: 23,479,556,763 states generated (27,708,354 s/min), 3,238,208,313 distinct states found (3,064,111 ds/min), 333,823,362 states left on queue.
Progress(40) at 2026-07-16 19:45:24: 23,507,865,496 states generated (28,308,733 s/min), 3,241,468,249 distinct states found (3,259,936 ds/min), 333,465,807 states left on queue.
Progress(40) at 2026-07-16 19:46:24: 23,535,405,048 states generated (27,539,552 s/min), 3,244,876,046 distinct states found (3,407,797 ds/min), 333,486,880 states left on queue.
Progress(40) at 2026-07-16 19:47:24: 23,562,537,832 states generated (27,132,784 s/min), 3,247,994,409 distinct states found (3,118,363 ds/min), 333,100,583 states left on queue.
Checkpointing of run states/26-07-16-05-44-18
Checkpointing completed at (2026-07-16 19:48:27)
Progress(40) at 2026-07-16 19:48:27: 23,592,267,147 states generated (29,729,315 s/min), 3,251,600,578 distinct states found (3,606,169 ds/min), 332,880,954 states left on queue.
Progress(40) at 2026-07-16 19:49:27: 23,621,264,529 states generated (28,997,382 s/min), 3,255,530,133 distinct states found (3,929,555 ds/min), 333,445,876 states left on queue.
Progress(40) at 2026-07-16 19:50:27: 23,650,372,929 states generated (29,108,400 s/min), 3,259,250,981 distinct states found (3,720,848 ds/min), 333,776,972 states left on queue.
Progress(40) at 2026-07-16 19:51:27: 23,678,643,395 states generated (28,270,466 s/min), 3,262,782,343 distinct states found (3,531,362 ds/min), 333,842,830 states left on queue.
Progress(40) at 2026-07-16 19:52:27: 23,707,604,142 states generated (28,960,747 s/min), 3,266,388,931 distinct states found (3,606,588 ds/min), 334,023,828 states left on queue.
Progress(40) at 2026-07-16 19:53:27: 23,734,829,650 states generated (27,225,508 s/min), 3,269,941,952 distinct states found (3,553,021 ds/min), 334,300,784 states left on queue.
Progress(40) at 2026-07-16 19:54:27: 23,761,642,280 states generated (26,812,630 s/min), 3,273,275,663 distinct states found (3,333,711 ds/min), 334,375,849 states left on queue.
Progress(40) at 2026-07-16 19:55:27: 23,789,472,065 states generated (27,829,785 s/min), 3,276,779,125 distinct states found (3,503,462 ds/min), 334,772,928 states left on queue.
Progress(40) at 2026-07-16 19:56:27: 23,816,412,842 states generated (26,940,777 s/min), 3,280,237,010 distinct states found (3,457,885 ds/min), 335,077,490 states left on queue.
Progress(40) at 2026-07-16 19:57:27: 23,842,685,225 states generated (26,272,383 s/min), 3,283,510,430 distinct states found (3,273,420 ds/min), 335,249,760 states left on queue.
Progress(40) at 2026-07-16 19:58:27: 23,869,657,983 states generated (26,972,758 s/min), 3,286,944,455 distinct states found (3,434,025 ds/min), 335,617,112 states left on queue.
Progress(40) at 2026-07-16 19:59:27: 23,896,631,888 states generated (26,973,905 s/min), 3,290,287,835 distinct states found (3,343,380 ds/min), 335,892,859 states left on queue.
Progress(40) at 2026-07-16 20:00:27: 23,922,748,424 states generated (26,116,536 s/min), 3,293,578,779 distinct states found (3,290,944 ds/min), 336,153,549 states left on queue.
Progress(40) at 2026-07-16 20:01:27: 23,949,367,284 states generated (26,618,860 s/min), 3,297,028,788 distinct states found (3,450,009 ds/min), 336,226,189 states left on queue.
Progress(40) at 2026-07-16 20:02:27: 23,976,452,960 states generated (27,085,676 s/min), 3,300,218,517 distinct states found (3,189,729 ds/min), 335,848,855 states left on queue.
Progress(40) at 2026-07-16 20:03:27: 24,003,652,919 states generated (27,199,959 s/min), 3,303,995,977 distinct states found (3,777,460 ds/min), 336,192,218 states left on queue.
Progress(40) at 2026-07-16 20:04:27: 24,030,009,188 states generated (26,356,269 s/min), 3,307,346,786 distinct states found (3,350,809 ds/min), 336,189,943 states left on queue.
Progress(40) at 2026-07-16 20:05:27: 24,057,432,666 states generated (27,423,478 s/min), 3,310,476,225 distinct states found (3,129,439 ds/min), 335,870,139 states left on queue.
Progress(40) at 2026-07-16 20:06:27: 24,086,079,213 states generated (28,646,547 s/min), 3,313,752,771 distinct states found (3,276,546 ds/min), 335,644,384 states left on queue.
Progress(40) at 2026-07-16 20:07:27: 24,114,104,130 states generated (28,024,917 s/min), 3,316,936,645 distinct states found (3,183,874 ds/min), 335,350,994 states left on queue.
Progress(40) at 2026-07-16 20:08:27: 24,141,050,334 states generated (26,946,204 s/min), 3,320,146,986 distinct states found (3,210,341 ds/min), 335,318,669 states left on queue.
Progress(40) at 2026-07-16 20:09:27: 24,168,604,849 states generated (27,554,515 s/min), 3,323,373,084 distinct states found (3,226,098 ds/min), 335,247,790 states left on queue.
Progress(40) at 2026-07-16 20:10:27: 24,195,100,822 states generated (26,495,973 s/min), 3,326,545,249 distinct states found (3,172,165 ds/min), 334,999,646 states left on queue.
Progress(40) at 2026-07-16 20:11:27: 24,223,683,035 states generated (28,582,213 s/min), 3,329,894,120 distinct states found (3,348,871 ds/min), 334,872,035 states left on queue.
Progress(40) at 2026-07-16 20:12:27: 24,254,194,632 states generated (30,511,597 s/min), 3,333,560,229 distinct states found (3,666,109 ds/min), 335,013,027 states left on queue.
Progress(40) at 2026-07-16 20:13:37: 24,268,996,107 states generated (14,801,475 s/min), 3,335,374,079 distinct states found (1,813,850 ds/min), 334,984,834 states left on queue.
Progress(40) at 2026-07-16 20:14:37: 24,295,574,931 states generated (26,578,824 s/min), 3,338,694,728 distinct states found (3,320,649 ds/min), 334,725,552 states left on queue.
Progress(40) at 2026-07-16 20:15:37: 24,323,875,572 states generated (28,300,641 s/min), 3,341,990,289 distinct states found (3,295,561 ds/min), 334,326,875 states left on queue.
Progress(40) at 2026-07-16 20:16:37: 24,353,303,125 states generated (29,427,553 s/min), 3,345,324,329 distinct states found (3,334,040 ds/min), 334,208,448 states left on queue.
Progress(40) at 2026-07-16 20:17:37: 24,382,369,374 states generated (29,066,249 s/min), 3,348,629,169 distinct states found (3,304,840 ds/min), 334,073,090 states left on queue.
Checkpointing of run states/26-07-16-05-44-18
Checkpointing completed at (2026-07-16 20:18:40)
Progress(40) at 2026-07-16 20:18:40: 24,410,597,790 states generated (28,228,416 s/min), 3,351,909,565 distinct states found (3,280,396 ds/min), 333,742,342 states left on queue.
Progress(40) at 2026-07-16 20:19:40: 24,438,012,734 states generated (27,414,944 s/min), 3,355,025,676 distinct states found (3,116,111 ds/min), 333,526,806 states left on queue.
Progress(40) at 2026-07-16 20:20:40: 24,465,479,087 states generated (27,466,353 s/min), 3,358,183,545 distinct states found (3,157,869 ds/min), 333,143,169 states left on queue.
Progress(40) at 2026-07-16 20:21:40: 24,493,179,806 states generated (27,700,719 s/min), 3,361,251,101 distinct states found (3,067,556 ds/min), 332,728,802 states left on queue.
Progress(40) at 2026-07-16 20:22:40: 24,520,832,449 states generated (27,652,643 s/min), 3,364,180,680 distinct states found (2,929,579 ds/min), 332,287,071 states left on queue.
Progress(40) at 2026-07-16 20:23:40: 24,547,553,095 states generated (26,720,646 s/min), 3,367,120,766 distinct states found (2,940,086 ds/min), 331,819,717 states left on queue.
Progress(40) at 2026-07-16 20:24:40: 24,578,081,920 states generated (30,528,825 s/min), 3,370,726,919 distinct states found (3,606,153 ds/min), 331,708,761 states left on queue.
Progress(40) at 2026-07-16 20:25:40: 24,607,695,052 states generated (29,613,132 s/min), 3,374,124,102 distinct states found (3,397,183 ds/min), 331,624,978 states left on queue.
Progress(40) at 2026-07-16 20:26:40: 24,637,079,549 states generated (29,384,497 s/min), 3,377,256,855 distinct states found (3,132,753 ds/min), 331,440,571 states left on queue.
Progress(40) at 2026-07-16 20:27:40: 24,666,369,366 states generated (29,289,817 s/min), 3,380,894,045 distinct states found (3,637,190 ds/min), 331,540,937 states left on queue.
Progress(40) at 2026-07-16 20:28:40: 24,695,098,619 states generated (28,729,253 s/min), 3,384,099,685 distinct states found (3,205,640 ds/min), 331,286,818 states left on queue.
Progress(40) at 2026-07-16 20:29:40: 24,723,578,621 states generated (28,480,002 s/min), 3,387,370,022 distinct states found (3,270,337 ds/min), 331,120,907 states left on queue.
Progress(40) at 2026-07-16 20:30:40: 24,751,533,847 states generated (27,955,226 s/min), 3,390,622,797 distinct states found (3,252,775 ds/min), 331,348,874 states left on queue.
Progress(40) at 2026-07-16 20:31:40: 24,780,367,858 states generated (28,834,011 s/min), 3,394,062,462 distinct states found (3,439,665 ds/min), 331,681,161 states left on queue.
Progress(40) at 2026-07-16 20:32:40: 24,808,787,641 states generated (28,419,783 s/min), 3,397,363,686 distinct states found (3,301,224 ds/min), 331,812,718 states left on queue.
Progress(40) at 2026-07-16 20:33:40: 24,837,172,846 states generated (28,385,205 s/min), 3,400,736,732 distinct states found (3,373,046 ds/min), 331,894,451 states left on queue.
Progress(40) at 2026-07-16 20:34:40: 24,864,780,190 states generated (27,607,344 s/min), 3,404,018,295 distinct states found (3,281,563 ds/min), 331,936,442 states left on queue.
Progress(40) at 2026-07-16 20:35:40: 24,892,689,856 states generated (27,909,666 s/min), 3,407,233,273 distinct states found (3,214,978 ds/min), 331,876,601 states left on queue.
Progress(40) at 2026-07-16 20:36:40: 24,919,196,530 states generated (26,506,674 s/min), 3,410,290,436 distinct states found (3,057,163 ds/min), 331,531,064 states left on queue.
Progress(40) at 2026-07-16 20:37:40: 24,950,133,595 states generated (30,937,065 s/min), 3,414,084,892 distinct states found (3,794,456 ds/min), 331,717,065 states left on queue.
Progress(40) at 2026-07-16 20:38:40: 24,979,306,037 states generated (29,172,442 s/min), 3,417,425,863 distinct states found (3,340,971 ds/min), 331,531,616 states left on queue.
Progress(40) at 2026-07-16 20:39:40: 25,009,501,173 states generated (30,195,136 s/min), 3,420,907,612 distinct states found (3,481,749 ds/min), 331,429,437 states left on queue.
Progress(40) at 2026-07-16 20:40:40: 25,039,631,882 states generated (30,130,709 s/min), 3,424,730,195 distinct states found (3,822,583 ds/min), 331,846,032 states left on queue.
Progress(40) at 2026-07-16 20:41:40: 25,068,577,530 states generated (28,945,648 s/min), 3,427,747,644 distinct states found (3,017,449 ds/min), 331,385,198 states left on queue.
Progress(40) at 2026-07-16 20:42:40: 25,096,557,432 states generated (27,979,902 s/min), 3,430,647,916 distinct states found (2,900,272 ds/min), 331,088,173 states left on queue.
Progress(40) at 2026-07-16 20:43:40: 25,125,059,815 states generated (28,502,383 s/min), 3,433,789,075 distinct states found (3,141,159 ds/min), 330,936,262 states left on queue.
Progress(40) at 2026-07-16 20:44:40: 25,154,008,602 states generated (28,948,787 s/min), 3,437,128,139 distinct states found (3,339,064 ds/min), 330,979,468 states left on queue.
Progress(40) at 2026-07-16 20:45:40: 25,182,683,382 states generated (28,674,780 s/min), 3,440,852,052 distinct states found (3,723,913 ds/min), 331,376,043 states left on queue.
Progress(40) at 2026-07-16 20:46:40: 25,210,526,399 states generated (27,843,017 s/min), 3,444,160,362 distinct states found (3,308,310 ds/min), 331,404,351 states left on queue.
Progress(40) at 2026-07-16 20:47:40: 25,238,364,356 states generated (27,837,957 s/min), 3,447,352,229 distinct states found (3,191,867 ds/min), 331,228,172 states left on queue.
Checkpointing of run states/26-07-16-05-44-18
Checkpointing completed at (2026-07-16 20:48:43)
Progress(40) at 2026-07-16 20:48:43: 25,266,174,110 states generated (27,809,754 s/min), 3,450,933,645 distinct states found (3,581,416 ds/min), 331,150,355 states left on queue.
Progress(40) at 2026-07-16 20:49:43: 25,293,909,554 states generated (27,735,444 s/min), 3,454,116,770 distinct states found (3,183,125 ds/min), 330,805,884 states left on queue.
Progress(40) at 2026-07-16 20:50:43: 25,323,309,600 states generated (29,400,046 s/min), 3,457,645,316 distinct states found (3,528,546 ds/min), 330,719,585 states left on queue.
Progress(40) at 2026-07-16 20:51:43: 25,350,794,948 states generated (27,485,348 s/min), 3,460,722,504 distinct states found (3,077,188 ds/min), 330,299,015 states left on queue.
Progress(40) at 2026-07-16 20:52:43: 25,379,428,465 states generated (28,633,517 s/min), 3,464,053,753 distinct states found (3,331,249 ds/min), 330,024,768 states left on queue.
Progress(40) at 2026-07-16 20:53:43: 25,407,514,173 states generated (28,085,708 s/min), 3,467,363,804 distinct states found (3,310,051 ds/min), 329,762,230 states left on queue.
Progress(40) at 2026-07-16 20:54:43: 25,436,955,351 states generated (29,441,178 s/min), 3,470,728,892 distinct states found (3,365,088 ds/min), 329,410,410 states left on queue.
Progress(40) at 2026-07-16 20:55:43: 25,468,042,769 states generated (31,087,418 s/min), 3,474,439,583 distinct states found (3,710,691 ds/min), 329,570,186 states left on queue.
Progress(40) at 2026-07-16 20:56:43: 25,497,385,556 states generated (29,342,787 s/min), 3,477,887,395 distinct states found (3,447,812 ds/min), 329,319,847 states left on queue.
Progress(40) at 2026-07-16 20:57:43: 25,526,515,495 states generated (29,129,939 s/min), 3,481,656,926 distinct states found (3,769,531 ds/min), 329,463,710 states left on queue.
Progress(40) at 2026-07-16 20:58:43: 25,554,979,516 states generated (28,464,021 s/min), 3,485,110,203 distinct states found (3,453,277 ds/min), 329,273,997 states left on queue.
Progress(40) at 2026-07-16 20:59:43: 25,583,958,873 states generated (28,979,357 s/min), 3,488,499,406 distinct states found (3,389,203 ds/min), 329,004,568 states left on queue.
Progress(40) at 2026-07-16 21:00:55: 25,601,540,723 states generated (17,581,850 s/min), 3,490,704,962 distinct states found (2,205,556 ds/min), 328,928,078 states left on queue.
Progress(40) at 2026-07-16 21:01:55: 25,630,544,678 states generated (29,003,955 s/min), 3,494,101,588 distinct states found (3,396,626 ds/min), 328,598,632 states left on queue.
Progress(40) at 2026-07-16 21:02:55: 25,659,788,062 states generated (29,243,384 s/min), 3,497,219,133 distinct states found (3,117,545 ds/min), 328,133,369 states left on queue.
Progress(40) at 2026-07-16 21:03:55: 25,687,997,796 states generated (28,209,734 s/min), 3,500,278,550 distinct states found (3,059,417 ds/min), 327,676,666 states left on queue.
Progress(40) at 2026-07-16 21:04:55: 25,715,565,862 states generated (27,568,066 s/min), 3,503,755,946 distinct states found (3,477,396 ds/min), 327,836,449 states left on queue.
Progress(40) at 2026-07-16 21:05:55: 25,742,389,211 states generated (26,823,349 s/min), 3,506,839,938 distinct states found (3,083,992 ds/min), 327,768,914 states left on queue.
Progress(40) at 2026-07-16 21:06:55: 25,769,691,050 states generated (27,301,839 s/min), 3,510,205,515 distinct states found (3,365,577 ds/min), 328,053,686 states left on queue.
Progress(40) at 2026-07-16 21:07:55: 25,796,992,973 states generated (27,301,923 s/min), 3,513,463,650 distinct states found (3,258,135 ds/min), 328,254,051 states left on queue.
Progress(40) at 2026-07-16 21:08:55: 25,824,883,854 states generated (27,890,881 s/min), 3,516,669,090 distinct states found (3,205,440 ds/min), 327,930,827 states left on queue.
Progress(40) at 2026-07-16 21:09:55: 25,853,186,583 states generated (28,302,729 s/min), 3,520,033,604 distinct states found (3,364,514 ds/min), 327,896,856 states left on queue.
Progress(40) at 2026-07-16 21:10:55: 25,880,827,823 states generated (27,641,240 s/min), 3,523,161,723 distinct states found (3,128,119 ds/min), 327,762,865 states left on queue.
Progress(40) at 2026-07-16 21:11:55: 25,907,527,740 states generated (26,699,917 s/min), 3,526,236,497 distinct states found (3,074,774 ds/min), 327,540,753 states left on queue.
Progress(40) at 2026-07-16 21:12:55: 25,934,634,283 states generated (27,106,543 s/min), 3,529,895,111 distinct states found (3,658,614 ds/min), 327,679,860 states left on queue.
Progress(40) at 2026-07-16 21:13:55: 25,960,787,480 states generated (26,153,197 s/min), 3,533,076,474 distinct states found (3,181,363 ds/min), 327,508,119 states left on queue.
Progress(40) at 2026-07-16 21:14:55: 25,987,258,451 states generated (26,470,971 s/min), 3,535,996,993 distinct states found (2,920,519 ds/min), 327,032,375 states left on queue.
Progress(40) at 2026-07-16 21:15:55: 26,014,933,320 states generated (27,674,869 s/min), 3,539,284,350 distinct states found (3,287,357 ds/min), 326,730,828 states left on queue.
Progress(40) at 2026-07-16 21:16:55: 26,042,125,449 states generated (27,192,129 s/min), 3,542,411,955 distinct states found (3,127,605 ds/min), 326,269,670 states left on queue.
Progress(40) at 2026-07-16 21:17:55: 26,069,418,256 states generated (27,292,807 s/min), 3,545,814,561 distinct states found (3,402,606 ds/min), 326,380,055 states left on queue.
Checkpointing of run states/26-07-16-05-44-18
Checkpointing completed at (2026-07-16 21:18:58)
Progress(40) at 2026-07-16 21:18:58: 26,099,013,829 states generated (29,595,573 s/min), 3,549,182,558 distinct states found (3,367,997 ds/min), 326,004,304 states left on queue.
Progress(40) at 2026-07-16 21:19:58: 26,127,267,345 states generated (28,253,516 s/min), 3,552,367,660 distinct states found (3,185,102 ds/min), 325,613,318 states left on queue.
Progress(40) at 2026-07-16 21:20:58: 26,154,078,878 states generated (26,811,533 s/min), 3,555,242,855 distinct states found (2,875,195 ds/min), 325,132,798 states left on queue.
Progress(40) at 2026-07-16 21:21:58: 26,180,389,351 states generated (26,310,473 s/min), 3,558,197,133 distinct states found (2,954,278 ds/min), 324,589,413 states left on queue.
Progress(41) at 2026-07-16 21:22:58: 26,208,729,890 states generated (28,340,539 s/min), 3,561,191,740 distinct states found (2,994,607 ds/min), 324,000,501 states left on queue.
Progress(41) at 2026-07-16 21:23:58: 26,236,416,109 states generated (27,686,219 s/min), 3,564,321,154 distinct states found (3,129,414 ds/min), 323,624,276 states left on queue.
Progress(41) at 2026-07-16 21:24:58: 26,264,130,699 states generated (27,714,590 s/min), 3,567,584,809 distinct states found (3,263,655 ds/min), 323,414,090 states left on queue.
Progress(41) at 2026-07-16 21:25:58: 26,291,194,651 states generated (27,063,952 s/min), 3,570,726,406 distinct states found (3,141,597 ds/min), 323,174,725 states left on queue.
Progress(41) at 2026-07-16 21:26:58: 26,319,384,774 states generated (28,190,123 s/min), 3,574,023,120 distinct states found (3,296,714 ds/min), 322,807,424 states left on queue.
Progress(41) at 2026-07-16 21:27:58: 26,348,039,729 states generated (28,654,955 s/min), 3,577,886,456 distinct states found (3,863,336 ds/min), 323,273,353 states left on queue.
Progress(41) at 2026-07-16 21:28:58: 26,377,519,782 states generated (29,480,053 s/min), 3,581,533,103 distinct states found (3,646,647 ds/min), 323,516,708 states left on queue.
Progress(41) at 2026-07-16 21:29:58: 26,405,464,994 states generated (27,945,212 s/min), 3,584,853,127 distinct states found (3,320,024 ds/min), 323,495,930 states left on queue.
Progress(41) at 2026-07-16 21:30:58: 26,434,240,365 states generated (28,775,371 s/min), 3,588,437,267 distinct states found (3,584,140 ds/min), 323,562,414 states left on queue.
Progress(41) at 2026-07-16 21:31:58: 26,462,367,404 states generated (28,127,039 s/min), 3,592,000,740 distinct states found (3,563,473 ds/min), 323,819,339 states left on queue.
Progress(41) at 2026-07-16 21:32:58: 26,489,320,967 states generated (26,953,563 s/min), 3,595,262,121 distinct states found (3,261,381 ds/min), 323,824,440 states left on queue.
Progress(41) at 2026-07-16 21:33:58: 26,516,459,639 states generated (27,138,672 s/min), 3,598,615,953 distinct states found (3,353,832 ds/min), 323,935,683 states left on queue.
Progress(41) at 2026-07-16 21:34:58: 26,543,951,819 states generated (27,492,180 s/min), 3,601,779,481 distinct states found (3,163,528 ds/min), 324,042,853 states left on queue.
Progress(41) at 2026-07-16 21:35:58: 26,570,214,475 states generated (26,262,656 s/min), 3,605,241,019 distinct states found (3,461,538 ds/min), 324,362,616 states left on queue.
Progress(41) at 2026-07-16 21:36:58: 26,596,673,239 states generated (26,458,764 s/min), 3,608,377,782 distinct states found (3,136,763 ds/min), 324,369,919 states left on queue.
Progress(41) at 2026-07-16 21:37:58: 26,623,873,935 states generated (27,200,696 s/min), 3,611,847,823 distinct states found (3,470,041 ds/min), 324,783,719 states left on queue.
Progress(41) at 2026-07-16 21:38:58: 26,650,854,834 states generated (26,980,899 s/min), 3,615,109,245 distinct states found (3,261,422 ds/min), 324,983,227 states left on queue.
Progress(41) at 2026-07-16 21:39:58: 26,677,042,730 states generated (26,187,896 s/min), 3,618,336,650 distinct states found (3,227,405 ds/min), 325,175,320 states left on queue.
Progress(41) at 2026-07-16 21:40:58: 26,703,471,800 states generated (26,429,070 s/min), 3,621,580,658 distinct states found (3,244,008 ds/min), 325,121,330 states left on queue.
Progress(41) at 2026-07-16 21:41:58: 26,730,384,278 states generated (26,912,478 s/min), 3,624,781,777 distinct states found (3,201,119 ds/min), 324,754,181 states left on queue.
Progress(41) at 2026-07-16 21:43:18: 26,751,283,280 states generated (20,899,002 s/min), 3,627,522,359 distinct states found (2,740,582 ds/min), 324,869,461 states left on queue.
Progress(41) at 2026-07-16 21:44:18: 26,777,904,312 states generated (26,621,032 s/min), 3,630,926,730 distinct states found (3,404,371 ds/min), 324,855,459 states left on queue.
Progress(41) at 2026-07-16 21:45:18: 26,804,606,450 states generated (26,702,138 s/min), 3,634,093,841 distinct states found (3,167,111 ds/min), 324,644,739 states left on queue.
Progress(41) at 2026-07-16 21:46:18: 26,832,679,267 states generated (28,072,817 s/min), 3,637,177,945 distinct states found (3,084,104 ds/min), 324,248,666 states left on queue.
Progress(41) at 2026-07-16 21:47:18: 26,861,211,715 states generated (28,532,448 s/min), 3,640,363,646 distinct states found (3,185,701 ds/min), 323,974,924 states left on queue.
Progress(41) at 2026-07-16 21:48:18: 26,888,020,624 states generated (26,808,909 s/min), 3,643,370,774 distinct states found (3,007,128 ds/min), 323,732,315 states left on queue.
Checkpointing of run states/26-07-16-05-44-18
Checkpointing completed at (2026-07-16 21:49:21)
Progress(41) at 2026-07-16 21:49:21: 26,917,129,439 states generated (29,108,815 s/min), 3,646,795,057 distinct states found (3,424,283 ds/min), 323,704,907 states left on queue.
Progress(41) at 2026-07-16 21:50:21: 26,943,537,782 states generated (26,408,343 s/min), 3,649,858,986 distinct states found (3,063,929 ds/min), 323,372,937 states left on queue.
Progress(41) at 2026-07-16 21:51:21: 26,972,204,243 states generated (28,666,461 s/min), 3,653,144,423 distinct states found (3,285,437 ds/min), 323,192,905 states left on queue.
Progress(41) at 2026-07-16 21:52:21: 27,002,612,863 states generated (30,408,620 s/min), 3,656,703,318 distinct states found (3,558,895 ds/min), 323,226,488 states left on queue.
Progress(41) at 2026-07-16 21:53:21: 27,031,094,374 states generated (28,481,511 s/min), 3,660,127,058 distinct states found (3,423,740 ds/min), 322,966,136 states left on queue.
Progress(41) at 2026-07-16 21:54:21: 27,057,683,930 states generated (26,589,556 s/min), 3,663,231,857 distinct states found (3,104,799 ds/min), 322,464,226 states left on queue.
Progress(41) at 2026-07-16 21:55:21: 27,087,181,081 states generated (29,497,151 s/min), 3,666,483,983 distinct states found (3,252,126 ds/min), 322,218,763 states left on queue.
Progress(41) at 2026-07-16 21:56:21: 27,116,866,144 states generated (29,685,063 s/min), 3,669,763,876 distinct states found (3,279,893 ds/min), 322,059,165 states left on queue.
Progress(41) at 2026-07-16 21:57:21: 27,143,765,945 states generated (26,899,801 s/min), 3,672,754,514 distinct states found (2,990,638 ds/min), 321,634,424 states left on queue.
Progress(41) at 2026-07-16 21:58:21: 27,171,118,158 states generated (27,352,213 s/min), 3,675,873,191 distinct states found (3,118,677 ds/min), 321,485,109 states left on queue.
Progress(41) at 2026-07-16 21:59:21: 27,198,366,469 states generated (27,248,311 s/min), 3,678,890,780 distinct states found (3,017,589 ds/min), 321,010,173 states left on queue.
Progress(41) at 2026-07-16 22:00:21: 27,226,039,950 states generated (27,673,481 s/min), 3,681,867,070 distinct states found (2,976,290 ds/min), 320,503,678 states left on queue.
Progress(41) at 2026-07-16 22:01:21: 27,253,870,281 states generated (27,830,331 s/min), 3,684,712,376 distinct states found (2,845,306 ds/min), 320,001,861 states left on queue.
Progress(41) at 2026-07-16 22:02:21: 27,281,633,067 states generated (27,762,786 s/min), 3,687,847,926 distinct states found (3,135,550 ds/min), 319,613,542 states left on queue.
Progress(41) at 2026-07-16 22:03:21: 27,311,730,337 states generated (30,097,270 s/min), 3,691,203,292 distinct states found (3,355,366 ds/min), 319,248,605 states left on queue.
Progress(41) at 2026-07-16 22:04:21: 27,341,306,199 states generated (29,575,862 s/min), 3,694,432,474 distinct states found (3,229,182 ds/min), 319,135,564 states left on queue.
Progress(41) at 2026-07-16 22:05:21: 27,370,373,894 states generated (29,067,695 s/min), 3,697,692,236 distinct states found (3,259,762 ds/min), 319,022,164 states left on queue.
Progress(41) at 2026-07-16 22:06:21: 27,399,411,771 states generated (29,037,877 s/min), 3,701,090,490 distinct states found (3,398,254 ds/min), 318,891,422 states left on queue.
Progress(41) at 2026-07-16 22:07:21: 27,427,887,468 states generated (28,475,697 s/min), 3,704,183,533 distinct states found (3,093,043 ds/min), 318,578,467 states left on queue.
Progress(41) at 2026-07-16 22:08:21: 27,455,918,054 states generated (28,030,586 s/min), 3,707,339,607 distinct states found (3,156,074 ds/min), 318,502,647 states left on queue.
Progress(41) at 2026-07-16 22:09:21: 27,484,158,690 states generated (28,240,636 s/min), 3,710,651,126 distinct states found (3,311,519 ds/min), 318,760,577 states left on queue.
Progress(41) at 2026-07-16 22:10:21: 27,513,144,366 states generated (28,985,676 s/min), 3,713,861,732 distinct states found (3,210,606 ds/min), 318,810,197 states left on queue.
Progress(41) at 2026-07-16 22:11:21: 27,541,559,373 states generated (28,415,007 s/min), 3,717,030,094 distinct states found (3,168,362 ds/min), 318,811,392 states left on queue.
Progress(41) at 2026-07-16 22:12:21: 27,569,780,756 states generated (28,221,383 s/min), 3,720,563,597 distinct states found (3,533,503 ds/min), 319,020,741 states left on queue.
Progress(41) at 2026-07-16 22:13:21: 27,597,369,719 states generated (27,588,963 s/min), 3,723,634,162 distinct states found (3,070,565 ds/min), 318,857,257 states left on queue.
Progress(41) at 2026-07-16 22:14:21: 27,625,061,368 states generated (27,691,649 s/min), 3,726,761,756 distinct states found (3,127,594 ds/min), 318,675,536 states left on queue.
Progress(41) at 2026-07-16 22:15:21: 27,652,408,588 states generated (27,347,220 s/min), 3,729,919,933 distinct states found (3,158,177 ds/min), 318,365,021 states left on queue.
Progress(41) at 2026-07-16 22:16:21: 27,683,374,430 states generated (30,965,842 s/min), 3,733,522,390 distinct states found (3,602,457 ds/min), 318,328,905 states left on queue.
Progress(41) at 2026-07-16 22:17:21: 27,712,658,960 states generated (29,284,530 s/min), 3,736,853,530 distinct states found (3,331,140 ds/min), 318,173,105 states left on queue.
Progress(41) at 2026-07-16 22:18:21: 27,742,919,054 states generated (30,260,094 s/min), 3,740,402,258 distinct states found (3,548,728 ds/min), 318,198,041 states left on queue.
Checkpointing of run states/26-07-16-05-44-18
Checkpointing completed at (2026-07-16 22:19:24)
Progress(41) at 2026-07-16 22:19:24: 27,774,518,615 states generated (31,599,561 s/min), 3,744,136,053 distinct states found (3,733,795 ds/min), 318,270,586 states left on queue.
Progress(41) at 2026-07-16 22:20:24: 27,802,460,745 states generated (27,942,130 s/min), 3,746,881,756 distinct states found (2,745,703 ds/min), 317,705,692 states left on queue.
Progress(41) at 2026-07-16 22:21:24: 27,830,821,041 states generated (28,360,296 s/min), 3,749,799,484 distinct states found (2,917,728 ds/min), 317,338,338 states left on queue.
Progress(41) at 2026-07-16 22:22:54: 27,853,619,180 states generated (22,798,139 s/min), 3,752,311,961 distinct states found (2,512,477 ds/min), 317,247,497 states left on queue.
Progress(41) at 2026-07-16 22:23:54: 27,882,425,296 states generated (28,806,116 s/min), 3,755,656,636 distinct states found (3,344,675 ds/min), 317,298,114 states left on queue.
Progress(41) at 2026-07-16 22:24:54: 27,911,186,759 states generated (28,761,463 s/min), 3,759,347,516 distinct states found (3,690,880 ds/min), 317,652,567 states left on queue.
Progress(41) at 2026-07-16 22:25:54: 27,938,893,553 states generated (27,706,794 s/min), 3,762,446,451 distinct states found (3,098,935 ds/min), 317,446,531 states left on queue.
Progress(41) at 2026-07-16 22:26:54: 27,966,048,744 states generated (27,155,191 s/min), 3,765,757,546 distinct states found (3,311,095 ds/min), 317,391,583 states left on queue.
Progress(41) at 2026-07-16 22:27:54: 27,992,536,325 states generated (26,487,581 s/min), 3,768,869,642 distinct states found (3,112,096 ds/min), 316,915,916 states left on queue.
Progress(41) at 2026-07-16 22:28:54: 28,021,454,058 states generated (28,917,733 s/min), 3,772,210,961 distinct states found (3,341,319 ds/min), 316,716,489 states left on queue.
Progress(41) at 2026-07-16 22:29:54: 28,050,369,926 states generated (28,915,868 s/min), 3,775,433,192 distinct states found (3,222,231 ds/min), 316,374,897 states left on queue.
Progress(41) at 2026-07-16 22:30:54: 28,077,965,596 states generated (27,595,670 s/min), 3,778,465,663 distinct states found (3,032,471 ds/min), 315,907,664 states left on queue.
Progress(41) at 2026-07-16 22:31:54: 28,105,934,565 states generated (27,968,969 s/min), 3,781,631,720 distinct states found (3,166,057 ds/min), 315,620,400 states left on queue.
Progress(41) at 2026-07-16 22:32:54: 28,134,996,835 states generated (29,062,270 s/min), 3,784,926,512 distinct states found (3,294,792 ds/min), 315,075,535 states left on queue.
Progress(41) at 2026-07-16 22:33:54: 28,165,899,650 states generated (30,902,815 s/min), 3,788,636,782 distinct states found (3,710,270 ds/min), 315,248,715 states left on queue.
Progress(41) at 2026-07-16 22:34:54: 28,195,671,278 states generated (29,771,628 s/min), 3,791,866,603 distinct states found (3,229,821 ds/min), 314,835,946 states left on queue.
Progress(41) at 2026-07-16 22:35:55: 28,224,741,335 states generated (29,070,057 s/min), 3,795,589,366 distinct states found (3,722,763 ds/min), 314,873,428 states left on queue.
Progress(41) at 2026-07-16 22:36:55: 28,252,845,452 states generated (28,104,117 s/min), 3,799,035,227 distinct states found (3,445,861 ds/min), 314,790,346 states left on queue.
Progress(41) at 2026-07-16 22:37:55: 28,281,832,172 states generated (28,986,720 s/min), 3,802,294,587 distinct states found (3,259,360 ds/min), 314,372,793 states left on queue.
Progress(41) at 2026-07-16 22:38:55: 28,310,605,183 states generated (28,773,011 s/min), 3,805,800,499 distinct states found (3,505,912 ds/min), 314,179,688 states left on queue.
Progress(41) at 2026-07-16 22:39:55: 28,339,486,365 states generated (28,881,182 s/min), 3,809,013,181 distinct states found (3,212,682 ds/min), 313,718,543 states left on queue.
Progress(41) at 2026-07-16 22:40:55: 28,368,344,252 states generated (28,857,887 s/min), 3,811,964,970 distinct states found (2,951,789 ds/min), 313,220,361 states left on queue.
Progress(41) at 2026-07-16 22:41:55: 28,396,123,443 states generated (27,779,191 s/min), 3,815,222,711 distinct states found (3,257,741 ds/min), 312,994,279 states left on queue.
Progress(41) at 2026-07-16 22:42:55: 28,422,698,765 states generated (26,575,322 s/min), 3,818,203,480 distinct states found (2,980,769 ds/min), 312,767,322 states left on queue.
Progress(41) at 2026-07-16 22:43:55: 28,450,178,929 states generated (27,480,164 s/min), 3,821,524,855 distinct states found (3,321,375 ds/min), 312,976,358 states left on queue.
Progress(41) at 2026-07-16 22:44:55: 28,477,307,034 states generated (27,128,105 s/min), 3,824,771,913 distinct states found (3,247,058 ds/min), 313,280,623 states left on queue.
Progress(41) at 2026-07-16 22:45:55: 28,504,738,327 states generated (27,431,293 s/min), 3,827,855,861 distinct states found (3,083,948 ds/min), 313,030,851 states left on queue.
Progress(41) at 2026-07-16 22:46:55: 28,532,617,254 states generated (27,878,927 s/min), 3,831,020,492 distinct states found (3,164,631 ds/min), 312,725,583 states left on queue.
Progress(41) at 2026-07-16 22:47:55: 28,561,102,627 states generated (28,485,373 s/min), 3,834,345,067 distinct states found (3,324,575 ds/min), 312,820,481 states left on queue.
Progress(41) at 2026-07-16 22:48:55: 28,587,969,362 states generated (26,866,735 s/min), 3,837,199,674 distinct states found (2,854,607 ds/min), 312,440,569 states left on queue.
Checkpointing of run states/26-07-16-05-44-18
Checkpointing completed at (2026-07-16 22:49:58)
Progress(41) at 2026-07-16 22:49:58: 28,616,262,713 states generated (28,293,351 s/min), 3,840,758,577 distinct states found (3,558,903 ds/min), 312,302,905 states left on queue.
Progress(41) at 2026-07-16 22:50:58: 28,642,769,417 states generated (26,506,704 s/min), 3,844,047,816 distinct states found (3,289,239 ds/min), 312,253,684 states left on queue.
Progress(41) at 2026-07-16 22:51:58: 28,668,667,279 states generated (25,897,862 s/min), 3,846,888,855 distinct states found (2,841,039 ds/min), 311,776,494 states left on queue.
Progress(41) at 2026-07-16 22:52:58: 28,695,920,458 states generated (27,253,179 s/min), 3,850,049,913 distinct states found (3,161,058 ds/min), 311,366,752 states left on queue.
Progress(41) at 2026-07-16 22:53:58: 28,723,284,766 states generated (27,364,308 s/min), 3,853,068,181 distinct states found (3,018,268 ds/min), 310,811,462 states left on queue.
Progress(41) at 2026-07-16 22:54:58: 28,750,586,857 states generated (27,302,091 s/min), 3,856,398,445 distinct states found (3,330,264 ds/min), 310,827,594 states left on queue.
Progress(41) at 2026-07-16 22:55:58: 28,778,560,290 states generated (27,973,433 s/min), 3,859,521,315 distinct states found (3,122,870 ds/min), 310,435,675 states left on queue.
Progress(41) at 2026-07-16 22:56:58: 28,806,879,296 states generated (28,319,006 s/min), 3,862,619,034 distinct states found (3,097,719 ds/min), 309,964,785 states left on queue.
Progress(41) at 2026-07-16 22:57:58: 28,833,167,909 states generated (26,288,613 s/min), 3,865,348,695 distinct states found (2,729,661 ds/min), 309,373,665 states left on queue.
Progress(41) at 2026-07-16 22:59:39: 28,859,879,884 states generated (26,711,975 s/min), 3,868,211,035 distinct states found (2,862,340 ds/min), 308,764,908 states left on queue.
Progress(42) at 2026-07-16 23:00:39: 28,887,323,485 states generated (27,443,601 s/min), 3,871,152,544 distinct states found (2,941,509 ds/min), 308,221,826 states left on queue.
Progress(42) at 2026-07-16 23:01:39: 28,915,212,460 states generated (27,888,975 s/min), 3,874,151,476 distinct states found (2,998,932 ds/min), 307,692,394 states left on queue.
Progress(42) at 2026-07-16 23:02:39: 28,942,304,352 states generated (27,091,892 s/min), 3,877,523,130 distinct states found (3,371,654 ds/min), 307,792,159 states left on queue.
Progress(42) at 2026-07-16 23:03:39: 28,969,994,479 states generated (27,690,127 s/min), 3,880,651,739 distinct states found (3,128,609 ds/min), 307,253,215 states left on queue.
Progress(42) at 2026-07-16 23:04:39: 28,998,917,439 states generated (28,922,960 s/min), 3,884,347,003 distinct states found (3,695,264 ds/min), 307,535,222 states left on queue.
Progress(42) at 2026-07-16 23:05:39: 29,027,707,965 states generated (28,790,526 s/min), 3,887,870,152 distinct states found (3,523,149 ds/min), 307,703,978 states left on queue.
Progress(42) at 2026-07-16 23:06:39: 29,056,134,954 states generated (28,426,989 s/min), 3,891,270,604 distinct states found (3,400,452 ds/min), 307,753,455 states left on queue.
Progress(42) at 2026-07-16 23:07:39: 29,084,526,948 states generated (28,391,994 s/min), 3,894,653,222 distinct states found (3,382,618 ds/min), 307,658,668 states left on queue.
Progress(42) at 2026-07-16 23:08:39: 29,113,125,506 states generated (28,598,558 s/min), 3,898,031,324 distinct states found (3,378,102 ds/min), 307,670,977 states left on queue.
Progress(42) at 2026-07-16 23:09:39: 29,139,840,323 states generated (26,714,817 s/min), 3,901,320,714 distinct states found (3,289,390 ds/min), 307,711,098 states left on queue.
Progress(42) at 2026-07-16 23:10:39: 29,166,551,285 states generated (26,710,962 s/min), 3,904,418,556 distinct states found (3,097,842 ds/min), 307,567,435 states left on queue.
Progress(42) at 2026-07-16 23:11:39: 29,194,253,398 states generated (27,702,113 s/min), 3,907,784,237 distinct states found (3,365,681 ds/min), 307,829,944 states left on queue.
Progress(42) at 2026-07-16 23:12:39: 29,221,486,827 states generated (27,233,429 s/min), 3,911,029,973 distinct states found (3,245,736 ds/min), 307,895,108 states left on queue.
Progress(42) at 2026-07-16 23:13:39: 29,247,723,906 states generated (26,237,079 s/min), 3,914,189,356 distinct states found (3,159,383 ds/min), 307,953,817 states left on queue.
Progress(42) at 2026-07-16 23:14:39: 29,274,824,057 states generated (27,100,151 s/min), 3,917,526,857 distinct states found (3,337,501 ds/min), 308,091,421 states left on queue.
Progress(42) at 2026-07-16 23:15:39: 29,301,352,415 states generated (26,528,358 s/min), 3,920,770,022 distinct states found (3,243,165 ds/min), 308,344,454 states left on queue.
Progress(42) at 2026-07-16 23:16:39: 29,328,207,186 states generated (26,854,771 s/min), 3,923,903,989 distinct states found (3,133,967 ds/min), 308,429,840 states left on queue.
Progress(42) at 2026-07-16 23:17:39: 29,354,397,137 states generated (26,189,951 s/min), 3,927,017,924 distinct states found (3,113,935 ds/min), 308,496,100 states left on queue.
Progress(42) at 2026-07-16 23:18:39: 29,380,755,757 states generated (26,358,620 s/min), 3,930,218,942 distinct states found (3,201,018 ds/min), 308,382,498 states left on queue.
Progress(42) at 2026-07-16 23:19:39: 29,407,846,674 states generated (27,090,917 s/min), 3,933,246,136 distinct states found (3,027,194 ds/min), 307,886,397 states left on queue.
Checkpointing of run states/26-07-16-05-44-18
Checkpointing completed at (2026-07-16 23:20:42)
Progress(42) at 2026-07-16 23:20:42: 29,436,076,316 states generated (28,229,642 s/min), 3,937,074,903 distinct states found (3,828,767 ds/min), 308,080,261 states left on queue.
Progress(42) at 2026-07-16 23:21:42: 29,462,186,640 states generated (26,110,324 s/min), 3,940,172,734 distinct states found (3,097,831 ds/min), 307,852,669 states left on queue.
Progress(42) at 2026-07-16 23:22:42: 29,489,558,479 states generated (27,371,839 s/min), 3,943,143,874 distinct states found (2,971,140 ds/min), 307,394,441 states left on queue.
Progress(42) at 2026-07-16 23:23:42: 29,517,993,943 states generated (28,435,464 s/min), 3,946,289,653 distinct states found (3,145,779 ds/min), 307,111,615 states left on queue.
Progress(42) at 2026-07-16 23:24:42: 29,544,927,109 states generated (26,933,166 s/min), 3,949,246,141 distinct states found (2,956,488 ds/min), 306,808,916 states left on queue.
Progress(42) at 2026-07-16 23:25:42: 29,572,187,381 states generated (27,260,272 s/min), 3,952,379,425 distinct states found (3,133,284 ds/min), 306,723,477 states left on queue.
Progress(42) at 2026-07-16 23:26:42: 29,599,364,899 states generated (27,177,518 s/min), 3,955,425,196 distinct states found (3,045,771 ds/min), 306,361,573 states left on queue.
Progress(42) at 2026-07-16 23:27:42: 29,626,943,998 states generated (27,579,099 s/min), 3,958,468,588 distinct states found (3,043,392 ds/min), 305,936,642 states left on queue.
Progress(42) at 2026-07-16 23:28:42: 29,657,411,385 states generated (30,467,387 s/min), 3,961,924,502 distinct states found (3,455,914 ds/min), 305,929,467 states left on queue.
Progress(42) at 2026-07-16 23:29:42: 29,686,232,193 states generated (28,820,808 s/min), 3,965,271,523 distinct states found (3,347,021 ds/min), 305,615,208 states left on queue.
Progress(42) at 2026-07-16 23:30:42: 29,712,839,889 states generated (26,607,696 s/min), 3,968,304,455 distinct states found (3,032,932 ds/min), 305,064,795 states left on queue.
Progress(42) at 2026-07-16 23:31:42: 29,742,321,136 states generated (29,481,247 s/min), 3,971,469,520 distinct states found (3,165,065 ds/min), 304,779,666 states left on queue.
Progress(42) at 2026-07-16 23:32:42: 29,771,665,115 states generated (29,343,979 s/min), 3,974,614,125 distinct states found (3,144,605 ds/min), 304,490,656 states left on queue.
Progress(42) at 2026-07-16 23:33:42: 29,798,444,530 states generated (26,779,415 s/min), 3,977,575,992 distinct states found (2,961,867 ds/min), 304,101,390 states left on queue.
Progress(42) at 2026-07-16 23:34:42: 29,805,528,896 states generated (7,084,366 s/min), 3,978,332,973 distinct states found (756,981 ds/min), 303,995,203 states left on queue.
Progress(42) at 2026-07-16 23:35:42: 29,832,944,519 states generated (27,415,623 s/min), 3,981,304,266 distinct states found (2,971,293 ds/min), 303,624,558 states left on queue.
Progress(42) at 2026-07-16 23:36:42: 29,860,451,486 states generated (27,506,967 s/min), 3,984,192,309 distinct states found (2,888,043 ds/min), 303,024,057 states left on queue.
Progress(42) at 2026-07-16 23:37:42: 29,887,750,558 states generated (27,299,072 s/min), 3,986,938,686 distinct states found (2,746,377 ds/min), 302,431,771 states left on queue.
Progress(42) at 2026-07-16 23:38:42: 29,915,795,181 states generated (28,044,623 s/min), 3,990,015,412 distinct states found (3,076,726 ds/min), 302,001,020 states left on queue.
Progress(42) at 2026-07-16 23:39:42: 29,945,532,826 states generated (29,737,645 s/min), 3,993,251,877 distinct states found (3,236,465 ds/min), 301,566,673 states left on queue.
Progress(42) at 2026-07-16 23:40:42: 29,975,077,801 states generated (29,544,975 s/min), 3,996,423,476 distinct states found (3,171,599 ds/min), 301,413,114 states left on queue.
Progress(42) at 2026-07-16 23:41:42: 30,003,965,548 states generated (28,887,747 s/min), 3,999,614,911 distinct states found (3,191,435 ds/min), 301,205,971 states left on queue.
Progress(42) at 2026-07-16 23:42:43: 30,032,490,716 states generated (28,525,168 s/min), 4,002,770,198 distinct states found (3,155,287 ds/min), 300,900,447 states left on queue.
Progress(42) at 2026-07-16 23:43:43: 30,061,098,415 states generated (28,607,699 s/min), 4,005,835,109 distinct states found (3,064,911 ds/min), 300,516,882 states left on queue.
Progress(42) at 2026-07-16 23:44:43: 30,088,684,331 states generated (27,585,916 s/min), 4,008,836,640 distinct states found (3,001,531 ds/min), 300,465,790 states left on queue.
Progress(42) at 2026-07-16 23:45:43: 30,117,508,842 states generated (28,824,511 s/min), 4,012,174,456 distinct states found (3,337,816 ds/min), 300,703,506 states left on queue.
Progress(42) at 2026-07-16 23:46:43: 30,146,012,554 states generated (28,503,712 s/min), 4,015,329,051 distinct states found (3,154,595 ds/min), 300,670,422 states left on queue.
Progress(42) at 2026-07-16 23:47:43: 30,174,372,849 states generated (28,360,295 s/min), 4,018,450,116 distinct states found (3,121,065 ds/min), 300,584,132 states left on queue.
Progress(42) at 2026-07-16 23:48:43: 30,201,956,001 states generated (27,583,152 s/min), 4,021,832,813 distinct states found (3,382,697 ds/min), 300,690,736 states left on queue.
Progress(42) at 2026-07-16 23:49:43: 30,229,896,654 states generated (27,940,653 s/min), 4,024,788,176 distinct states found (2,955,363 ds/min), 300,397,155 states left on queue.
Checkpointing of run states/26-07-16-05-44-18
Checkpointing completed at (2026-07-16 23:50:46)
Progress(42) at 2026-07-16 23:50:46: 30,258,321,324 states generated (28,424,670 s/min), 4,027,912,693 distinct states found (3,124,517 ds/min), 300,056,715 states left on queue.
Progress(42) at 2026-07-16 23:51:46: 30,287,873,089 states generated (29,551,765 s/min), 4,031,390,396 distinct states found (3,477,703 ds/min), 299,941,956 states left on queue.
Progress(42) at 2026-07-16 23:52:46: 30,317,491,437 states generated (29,618,348 s/min), 4,034,690,200 distinct states found (3,299,804 ds/min), 299,677,187 states left on queue.
Progress(42) at 2026-07-16 23:53:46: 30,347,501,017 states generated (30,009,580 s/min), 4,037,955,706 distinct states found (3,265,506 ds/min), 299,364,214 states left on queue.
Progress(42) at 2026-07-16 23:54:46: 30,377,432,000 states generated (29,930,983 s/min), 4,041,540,594 distinct states found (3,584,888 ds/min), 299,534,249 states left on queue.
Progress(42) at 2026-07-16 23:55:46: 30,406,689,097 states generated (29,257,097 s/min), 4,044,665,975 distinct states found (3,125,381 ds/min), 299,150,071 states left on queue.
Progress(42) at 2026-07-16 23:56:46: 30,434,603,972 states generated (27,914,875 s/min), 4,047,406,050 distinct states found (2,740,075 ds/min), 298,675,043 states left on queue.
Progress(42) at 2026-07-16 23:57:46: 30,462,975,002 states generated (28,371,030 s/min), 4,050,370,511 distinct states found (2,964,461 ds/min), 298,408,326 states left on queue.
Progress(42) at 2026-07-16 23:58:46: 30,491,669,745 states generated (28,694,743 s/min), 4,053,547,889 distinct states found (3,177,378 ds/min), 298,293,976 states left on queue.
Progress(42) at 2026-07-16 23:59:46: 30,520,438,687 states generated (28,768,942 s/min), 4,057,191,963 distinct states found (3,644,074 ds/min), 298,597,578 states left on queue.
Progress(42) at 2026-07-17 00:00:46: 30,548,038,523 states generated (27,599,836 s/min), 4,060,257,874 distinct states found (3,065,911 ds/min), 298,361,968 states left on queue.
Progress(42) at 2026-07-17 00:01:46: 30,575,324,554 states generated (27,286,031 s/min), 4,063,456,869 distinct states found (3,198,995 ds/min), 298,192,441 states left on queue.
Progress(42) at 2026-07-17 00:02:46: 30,601,644,420 states generated (26,319,866 s/min), 4,066,495,864 distinct states found (3,038,995 ds/min), 297,708,449 states left on queue.
Progress(42) at 2026-07-17 00:03:46: 30,630,389,774 states generated (28,745,354 s/min), 4,069,727,106 distinct states found (3,231,242 ds/min), 297,420,098 states left on queue.
Progress(42) at 2026-07-17 00:04:46: 30,659,138,252 states generated (28,748,478 s/min), 4,072,845,171 distinct states found (3,118,065 ds/min), 296,972,276 states left on queue.
Progress(42) at 2026-07-17 00:05:46: 30,686,990,519 states generated (27,852,267 s/min), 4,075,877,509 distinct states found (3,032,338 ds/min), 296,483,710 states left on queue.
Progress(42) at 2026-07-17 00:06:46: 30,715,012,926 states generated (28,022,407 s/min), 4,079,031,730 distinct states found (3,154,221 ds/min), 296,078,545 states left on queue.
Progress(42) at 2026-07-17 00:07:46: 30,744,768,237 states generated (29,755,311 s/min), 4,082,347,410 distinct states found (3,315,680 ds/min), 295,755,724 states left on queue.
Progress(42) at 2026-07-17 00:08:58: 30,761,924,165 states generated (17,155,928 s/min), 4,084,383,953 distinct states found (2,036,543 ds/min), 295,822,352 states left on queue.
Progress(42) at 2026-07-17 00:09:58: 30,791,604,586 states generated (29,680,421 s/min), 4,087,668,961 distinct states found (3,285,008 ds/min), 295,470,312 states left on queue.
Progress(42) at 2026-07-17 00:10:58: 30,820,554,016 states generated (28,949,430 s/min), 4,091,224,286 distinct states found (3,555,325 ds/min), 295,367,771 states left on queue.
Progress(42) at 2026-07-17 00:11:58: 30,848,678,109 states generated (28,124,093 s/min), 4,094,480,064 distinct states found (3,255,778 ds/min), 295,085,783 states left on queue.
Progress(42) at 2026-07-17 00:12:58: 30,877,416,553 states generated (28,738,444 s/min), 4,097,710,349 distinct states found (3,230,285 ds/min), 294,684,166 states left on queue.
Progress(42) at 2026-07-17 00:13:58: 30,906,023,315 states generated (28,606,762 s/min), 4,101,083,864 distinct states found (3,373,515 ds/min), 294,327,542 states left on queue.
Progress(42) at 2026-07-17 00:14:58: 30,934,889,455 states generated (28,866,140 s/min), 4,104,072,866 distinct states found (2,989,002 ds/min), 293,749,201 states left on queue.
Progress(42) at 2026-07-17 00:15:58: 30,963,090,832 states generated (28,201,377 s/min), 4,106,959,926 distinct states found (2,887,060 ds/min), 293,173,105 states left on queue.
Progress(42) at 2026-07-17 00:16:58: 30,990,005,109 states generated (26,914,277 s/min), 4,110,165,846 distinct states found (3,205,920 ds/min), 293,111,213 states left on queue.
Progress(42) at 2026-07-17 00:17:58: 31,017,123,385 states generated (27,118,276 s/min), 4,113,273,621 distinct states found (3,107,775 ds/min), 293,106,174 states left on queue.
Progress(42) at 2026-07-17 00:18:58: 31,044,278,679 states generated (27,155,294 s/min), 4,116,447,606 distinct states found (3,173,985 ds/min), 293,212,085 states left on queue.
Progress(42) at 2026-07-17 00:19:58: 31,071,523,860 states generated (27,245,181 s/min), 4,119,548,304 distinct states found (3,100,698 ds/min), 293,292,824 states left on queue.
Checkpointing of run states/26-07-16-05-44-18
Checkpointing completed at (2026-07-17 00:21:01)
Progress(42) at 2026-07-17 00:21:01: 31,100,537,948 states generated (29,014,088 s/min), 4,122,747,258 distinct states found (3,198,954 ds/min), 292,855,420 states left on queue.
Progress(42) at 2026-07-17 00:22:01: 31,128,904,544 states generated (28,366,596 s/min), 4,125,942,721 distinct states found (3,195,463 ds/min), 292,712,566 states left on queue.
Progress(42) at 2026-07-17 00:23:01: 31,156,355,396 states generated (27,450,852 s/min), 4,128,825,829 distinct states found (2,883,108 ds/min), 292,375,654 states left on queue.
Progress(42) at 2026-07-17 00:24:01: 31,183,171,445 states generated (26,816,049 s/min), 4,131,996,412 distinct states found (3,170,583 ds/min), 292,128,158 states left on queue.
Progress(42) at 2026-07-17 00:25:01: 31,209,951,552 states generated (26,780,107 s/min), 4,135,225,783 distinct states found (3,229,371 ds/min), 291,953,613 states left on queue.
Progress(42) at 2026-07-17 00:26:01: 31,235,909,258 states generated (25,957,706 s/min), 4,138,043,730 distinct states found (2,817,947 ds/min), 291,474,049 states left on queue.
Progress(42) at 2026-07-17 00:27:01: 31,262,893,286 states generated (26,984,028 s/min), 4,141,085,252 distinct states found (3,041,522 ds/min), 291,001,283 states left on queue.
Progress(42) at 2026-07-17 00:28:01: 31,290,062,250 states generated (27,168,964 s/min), 4,144,034,534 distinct states found (2,949,282 ds/min), 290,414,946 states left on queue.
Progress(42) at 2026-07-17 00:29:01: 31,317,323,805 states generated (27,261,555 s/min), 4,147,267,140 distinct states found (3,232,606 ds/min), 290,367,363 states left on queue.
Progress(42) at 2026-07-17 00:30:01: 31,345,699,573 states generated (28,375,768 s/min), 4,150,266,425 distinct states found (2,999,285 ds/min), 289,822,565 states left on queue.
Progress(42) at 2026-07-17 00:31:01: 31,373,336,356 states generated (27,636,783 s/min), 4,153,167,214 distinct states found (2,900,789 ds/min), 289,223,743 states left on queue.
Progress(42) at 2026-07-17 00:32:01: 31,399,366,829 states generated (26,030,473 s/min), 4,155,895,050 distinct states found (2,727,836 ds/min), 288,580,867 states left on queue.
Progress(43) at 2026-07-17 00:33:01: 31,426,996,815 states generated (27,629,986 s/min), 4,158,715,557 distinct states found (2,820,507 ds/min), 287,922,996 states left on queue.
Progress(43) at 2026-07-17 00:34:02: 31,454,659,224 states generated (27,662,409 s/min), 4,161,679,129 distinct states found (2,963,572 ds/min), 287,389,932 states left on queue.
Progress(43) at 2026-07-17 00:35:02: 31,481,719,658 states generated (27,060,434 s/min), 4,164,993,622 distinct states found (3,314,493 ds/min), 287,447,820 states left on queue.
Progress(43) at 2026-07-17 00:36:02: 31,509,655,883 states generated (27,936,225 s/min), 4,168,011,845 distinct states found (3,018,223 ds/min), 286,829,465 states left on queue.
Progress(43) at 2026-07-17 00:37:02: 31,538,549,274 states generated (28,893,391 s/min), 4,171,782,105 distinct states found (3,770,260 ds/min), 287,187,586 states left on queue.
Progress(43) at 2026-07-17 00:38:02: 31,567,177,327 states generated (28,628,053 s/min), 4,175,163,294 distinct states found (3,381,189 ds/min), 287,217,198 states left on queue.
Progress(43) at 2026-07-17 00:39:02: 31,595,467,164 states generated (28,289,837 s/min), 4,178,453,552 distinct states found (3,290,258 ds/min), 287,158,234 states left on queue.
Progress(43) at 2026-07-17 00:40:02: 31,623,780,898 states generated (28,313,734 s/min), 4,181,763,515 distinct states found (3,309,963 ds/min), 286,998,406 states left on queue.
Progress(43) at 2026-07-17 00:41:02: 31,652,351,840 states generated (28,570,942 s/min), 4,185,028,034 distinct states found (3,264,519 ds/min), 286,916,153 states left on queue.
Progress(43) at 2026-07-17 00:42:48: 31,677,934,231 states generated (25,582,391 s/min), 4,188,103,332 distinct states found (3,075,298 ds/min), 286,864,620 states left on queue.
Progress(43) at 2026-07-17 00:43:48: 31,704,621,046 states generated (26,686,815 s/min), 4,191,093,491 distinct states found (2,990,159 ds/min), 286,613,824 states left on queue.
Progress(43) at 2026-07-17 00:44:48: 31,732,303,453 states generated (27,682,407 s/min), 4,194,391,357 distinct states found (3,297,866 ds/min), 286,816,846 states left on queue.
Progress(43) at 2026-07-17 00:45:48: 31,759,585,308 states generated (27,281,855 s/min), 4,197,528,704 distinct states found (3,137,347 ds/min), 286,777,647 states left on queue.
Progress(43) at 2026-07-17 00:46:48: 31,785,859,439 states generated (26,274,131 s/min), 4,200,683,815 distinct states found (3,155,111 ds/min), 286,817,710 states left on queue.
Progress(43) at 2026-07-17 00:47:48: 31,812,775,867 states generated (26,916,428 s/min), 4,203,886,040 distinct states found (3,202,225 ds/min), 286,818,487 states left on queue.
Progress(43) at 2026-07-17 00:48:48: 31,839,622,870 states generated (26,847,003 s/min), 4,207,114,354 distinct states found (3,228,314 ds/min), 287,029,313 states left on queue.
Progress(43) at 2026-07-17 00:49:48: 31,866,494,487 states generated (26,871,617 s/min), 4,210,222,473 distinct states found (3,108,119 ds/min), 287,117,063 states left on queue.
Progress(43) at 2026-07-17 00:50:48: 31,892,839,640 states generated (26,345,153 s/min), 4,213,297,109 distinct states found (3,074,636 ds/min), 287,130,414 states left on queue.
Checkpointing of run states/26-07-16-05-44-18
Checkpointing completed at (2026-07-17 00:51:51)
Progress(43) at 2026-07-17 00:51:51: 31,920,233,404 states generated (27,393,764 s/min), 4,216,393,991 distinct states found (3,096,882 ds/min), 286,861,085 states left on queue.
Progress(43) at 2026-07-17 00:52:51: 31,947,048,283 states generated (26,814,879 s/min), 4,219,426,955 distinct states found (3,032,964 ds/min), 286,371,978 states left on queue.
Progress(43) at 2026-07-17 00:53:51: 31,973,912,035 states generated (26,863,752 s/min), 4,222,913,406 distinct states found (3,486,451 ds/min), 286,427,544 states left on queue.
Progress(43) at 2026-07-17 00:54:51: 32,000,002,042 states generated (26,090,007 s/min), 4,225,953,636 distinct states found (3,040,230 ds/min), 286,136,719 states left on queue.
Progress(43) at 2026-07-17 00:55:51: 32,027,247,385 states generated (27,245,343 s/min), 4,228,894,738 distinct states found (2,941,102 ds/min), 285,657,592 states left on queue.
Progress(43) at 2026-07-17 00:56:51: 32,055,591,467 states generated (28,344,082 s/min), 4,231,969,090 distinct states found (3,074,352 ds/min), 285,350,656 states left on queue.
Progress(43) at 2026-07-17 00:57:51: 32,082,244,326 states generated (26,652,859 s/min), 4,234,812,024 distinct states found (2,842,934 ds/min), 284,959,123 states left on queue.
Progress(43) at 2026-07-17 00:58:51: 32,109,593,570 states generated (27,349,244 s/min), 4,237,892,497 distinct states found (3,080,473 ds/min), 284,852,509 states left on queue.
Progress(43) at 2026-07-17 00:59:51: 32,136,289,961 states generated (26,696,391 s/min), 4,240,817,263 distinct states found (2,924,766 ds/min), 284,346,500 states left on queue.
Progress(43) at 2026-07-17 01:00:51: 32,166,080,137 states generated (29,790,176 s/min), 4,244,039,014 distinct states found (3,221,751 ds/min), 284,100,144 states left on queue.
Progress(43) at 2026-07-17 01:01:51: 32,195,981,349 states generated (29,901,212 s/min), 4,247,347,233 distinct states found (3,308,219 ds/min), 283,817,892 states left on queue.
Progress(43) at 2026-07-17 01:02:51: 32,222,799,954 states generated (26,818,605 s/min), 4,250,387,222 distinct states found (3,039,989 ds/min), 283,318,598 states left on queue.
Progress(43) at 2026-07-17 01:03:51: 32,251,710,840 states generated (28,910,886 s/min), 4,253,409,334 distinct states found (3,022,112 ds/min), 282,753,161 states left on queue.
Progress(43) at 2026-07-17 01:04:51: 32,281,334,163 states generated (29,623,323 s/min), 4,256,555,305 distinct states found (3,145,971 ds/min), 282,502,041 states left on queue.
Progress(43) at 2026-07-17 01:05:51: 32,308,439,272 states generated (27,105,109 s/min), 4,259,462,957 distinct states found (2,907,652 ds/min), 282,050,917 states left on queue.
Progress(43) at 2026-07-17 01:06:51: 32,335,835,926 states generated (27,396,654 s/min), 4,262,347,078 distinct states found (2,884,121 ds/min), 281,627,190 states left on queue.
Progress(43) at 2026-07-17 01:07:51: 32,363,302,350 states generated (27,466,424 s/min), 4,265,151,700 distinct states found (2,804,622 ds/min), 280,971,406 states left on queue.
Progress(43) at 2026-07-17 01:08:51: 32,390,503,336 states generated (27,200,986 s/min), 4,267,825,824 distinct states found (2,674,124 ds/min), 280,316,205 states left on queue.
Progress(43) at 2026-07-17 01:09:51: 32,419,596,749 states generated (29,093,413 s/min), 4,270,996,805 distinct states found (3,170,981 ds/min), 279,832,283 states left on queue.
Progress(43) at 2026-07-17 01:10:51: 32,448,912,620 states generated (29,315,871 s/min), 4,274,094,597 distinct states found (3,097,792 ds/min), 279,476,643 states left on queue.
Progress(43) at 2026-07-17 01:11:51: 32,478,043,273 states generated (29,130,653 s/min), 4,277,110,944 distinct states found (3,016,347 ds/min), 279,166,121 states left on queue.
Progress(43) at 2026-07-17 01:12:51: 32,506,971,800 states generated (28,928,527 s/min), 4,280,370,018 distinct states found (3,259,074 ds/min), 278,875,686 states left on queue.
Progress(43) at 2026-07-17 01:13:51: 32,535,320,654 states generated (28,348,854 s/min), 4,283,265,010 distinct states found (2,894,992 ds/min), 278,373,430 states left on queue.
Progress(43) at 2026-07-17 01:14:51: 32,563,180,284 states generated (27,859,630 s/min), 4,286,279,811 distinct states found (3,014,801 ds/min), 278,218,855 states left on queue.
Progress(43) at 2026-07-17 01:15:51: 32,591,609,643 states generated (28,429,359 s/min), 4,289,511,066 distinct states found (3,231,255 ds/min), 278,354,393 states left on queue.
Progress(43) at 2026-07-17 01:16:51: 32,597,710,474 states generated (6,100,831 s/min), 4,290,160,280 distinct states found (649,214 ds/min), 278,357,087 states left on queue.
Progress(43) at 2026-07-17 01:17:51: 32,626,184,575 states generated (28,474,101 s/min), 4,293,191,581 distinct states found (3,031,301 ds/min), 278,210,268 states left on queue.
Progress(43) at 2026-07-17 01:18:51: 32,640,926,388 states generated (14,741,813 s/min), 4,294,902,451 distinct states found (1,710,870 ds/min), 278,289,321 states left on queue.
Progress(43) at 2026-07-17 01:19:51: 32,640,926,388 states generated (0 s/min), 4,294,902,451 distinct states found (0 ds/min), 278,289,321 states left on queue.
Progress(43) at 2026-07-17 01:20:51: 32,640,926,388 states generated (0 s/min), 4,294,902,451 distinct states found (0 ds/min), 278,289,321 states left on queue.
Checkpointing of run states/26-07-16-05-44-18
Checkpointing completed at (2026-07-17 01:23:33)
Progress(43) at 2026-07-17 01:23:33: 32,642,827,726 states generated (1,901,338 s/min), 4,295,090,959 distinct states found (188,508 ds/min), 278,256,689 states left on queue.
Progress(43) at 2026-07-17 01:24:33: 32,671,099,872 states generated (28,272,146 s/min), 4,298,265,623 distinct states found (3,174,664 ds/min), 278,116,606 states left on queue.
Progress(43) at 2026-07-17 01:25:33: 32,698,503,471 states generated (27,403,599 s/min), 4,301,304,887 distinct states found (3,039,264 ds/min), 277,939,103 states left on queue.
Progress(43) at 2026-07-17 01:26:33: 32,726,104,835 states generated (27,601,364 s/min), 4,304,236,380 distinct states found (2,931,493 ds/min), 277,604,446 states left on queue.
Progress(43) at 2026-07-17 01:27:33: 32,754,046,708 states generated (27,941,873 s/min), 4,307,356,628 distinct states found (3,120,248 ds/min), 277,237,515 states left on queue.
Progress(43) at 2026-07-17 01:28:33: 32,784,491,071 states generated (30,444,363 s/min), 4,310,639,622 distinct states found (3,282,994 ds/min), 276,899,206 states left on queue.
Progress(43) at 2026-07-17 01:29:33: 32,814,196,942 states generated (29,705,871 s/min), 4,313,864,367 distinct states found (3,224,745 ds/min), 276,577,418 states left on queue.
Progress(43) at 2026-07-17 01:30:33: 32,844,192,280 states generated (29,995,338 s/min), 4,317,396,198 distinct states found (3,531,831 ds/min), 276,629,975 states left on queue.
Progress(43) at 2026-07-17 01:31:33: 32,874,085,400 states generated (29,893,120 s/min), 4,320,633,193 distinct states found (3,236,995 ds/min), 276,318,434 states left on queue.
Progress(43) at 2026-07-17 01:32:33: 32,901,983,734 states generated (27,898,334 s/min), 4,323,273,364 distinct states found (2,640,171 ds/min), 275,715,475 states left on queue.
Progress(43) at 2026-07-17 01:33:33: 32,930,283,630 states generated (28,299,896 s/min), 4,326,210,364 distinct states found (2,937,000 ds/min), 275,424,529 states left on queue.
Progress(43) at 2026-07-17 01:34:33: 32,959,030,880 states generated (28,747,250 s/min), 4,329,389,824 distinct states found (3,179,460 ds/min), 275,307,721 states left on queue.
Progress(43) at 2026-07-17 01:35:33: 32,987,700,086 states generated (28,669,206 s/min), 4,332,867,266 distinct states found (3,477,442 ds/min), 275,416,284 states left on queue.
Progress(43) at 2026-07-17 01:36:33: 33,015,342,212 states generated (27,642,126 s/min), 4,335,858,219 distinct states found (2,990,953 ds/min), 275,085,212 states left on queue.
Progress(43) at 2026-07-17 01:37:33: 33,042,042,211 states generated (26,699,999 s/min), 4,338,992,667 distinct states found (3,134,448 ds/min), 274,863,735 states left on queue.
Progress(43) at 2026-07-17 01:38:33: 33,069,212,274 states generated (27,170,063 s/min), 4,341,918,352 distinct states found (2,925,685 ds/min), 274,263,694 states left on queue.
Progress(43) at 2026-07-17 01:39:33: 33,098,262,616 states generated (29,050,342 s/min), 4,345,109,923 distinct states found (3,191,571 ds/min), 273,882,250 states left on queue.
Progress(43) at 2026-07-17 01:40:33: 33,125,990,383 states generated (27,727,767 s/min), 4,348,034,257 distinct states found (2,924,334 ds/min), 273,300,995 states left on queue.
Progress(43) at 2026-07-17 01:41:33: 33,153,825,862 states generated (27,835,479 s/min), 4,351,020,415 distinct states found (2,986,158 ds/min), 272,806,393 states left on queue.
Progress(43) at 2026-07-17 01:42:33: 33,183,371,202 states generated (29,545,340 s/min), 4,354,306,869 distinct states found (3,286,454 ds/min), 272,420,181 states left on queue.
Progress(43) at 2026-07-17 01:43:34: 33,214,149,887 states generated (30,778,685 s/min), 4,357,747,062 distinct states found (3,440,193 ds/min), 272,325,673 states left on queue.
Progress(43) at 2026-07-17 01:44:34: 33,242,995,068 states generated (28,845,181 s/min), 4,361,082,451 distinct states found (3,335,389 ds/min), 271,975,570 states left on queue.
Progress(43) at 2026-07-17 01:45:34: 33,271,513,631 states generated (28,518,563 s/min), 4,364,404,262 distinct states found (3,321,811 ds/min), 271,755,741 states left on queue.
Progress(43) at 2026-07-17 01:46:34: 33,300,019,101 states generated (28,505,470 s/min), 4,367,506,821 distinct states found (3,102,559 ds/min), 271,235,972 states left on queue.
Progress(43) at 2026-07-17 01:47:34: 33,328,671,578 states generated (28,652,477 s/min), 4,370,812,413 distinct states found (3,305,592 ds/min), 270,850,256 states left on queue.
Progress(43) at 2026-07-17 01:48:34: 33,357,432,962 states generated (28,761,384 s/min), 4,373,839,303 distinct states found (3,026,890 ds/min), 270,248,727 states left on queue.
Progress(43) at 2026-07-17 01:49:34: 33,385,612,998 states generated (28,180,036 s/min), 4,376,631,786 distinct states found (2,792,483 ds/min), 269,585,121 states left on queue.
Progress(43) at 2026-07-17 01:50:34: 33,412,600,964 states generated (26,987,966 s/min), 4,379,724,170 distinct states found (3,092,384 ds/min), 269,396,946 states left on queue.
Progress(43) at 2026-07-17 01:51:34: 33,440,020,878 states generated (27,419,914 s/min), 4,382,845,135 distinct states found (3,120,965 ds/min), 269,394,057 states left on queue.
Checkpointing of run states/26-07-16-05-44-18
Checkpointing completed at (2026-07-17 01:52:36)
Progress(43) at 2026-07-17 01:52:36: 33,468,150,095 states generated (28,129,217 s/min), 4,386,085,535 distinct states found (3,240,400 ds/min), 269,476,588 states left on queue.
Progress(43) at 2026-07-17 01:53:36: 33,495,331,687 states generated (27,181,592 s/min), 4,389,093,870 distinct states found (3,008,335 ds/min), 269,437,556 states left on queue.
Progress(43) at 2026-07-17 01:54:36: 33,522,945,287 states generated (27,613,600 s/min), 4,392,033,011 distinct states found (2,939,141 ds/min), 268,924,049 states left on queue.
Progress(43) at 2026-07-17 01:55:36: 33,551,384,903 states generated (28,439,616 s/min), 4,395,189,626 distinct states found (3,156,615 ds/min), 268,806,586 states left on queue.
Progress(43) at 2026-07-17 01:56:36: 33,578,626,473 states generated (27,241,570 s/min), 4,397,896,527 distinct states found (2,706,901 ds/min), 268,263,671 states left on queue.
Progress(43) at 2026-07-17 01:57:36: 33,605,566,043 states generated (26,939,570 s/min), 4,401,174,129 distinct states found (3,277,602 ds/min), 268,044,977 states left on queue.
Progress(43) at 2026-07-17 01:58:36: 33,632,121,422 states generated (26,555,379 s/min), 4,404,182,389 distinct states found (3,008,260 ds/min), 267,695,616 states left on queue.
Progress(43) at 2026-07-17 01:59:36: 33,658,600,968 states generated (26,479,546 s/min), 4,406,994,991 distinct states found (2,812,602 ds/min), 267,116,127 states left on queue.
Progress(43) at 2026-07-17 02:00:36: 33,685,853,932 states generated (27,252,964 s/min), 4,409,847,018 distinct states found (2,852,027 ds/min), 266,434,721 states left on queue.
Progress(43) at 2026-07-17 02:01:36: 33,713,347,019 states generated (27,493,087 s/min), 4,413,035,408 distinct states found (3,188,390 ds/min), 266,288,938 states left on queue.
Progress(43) at 2026-07-17 02:02:36: 33,741,429,851 states generated (28,082,832 s/min), 4,415,944,262 distinct states found (2,908,854 ds/min), 265,696,085 states left on queue.
Progress(43) at 2026-07-17 02:03:36: 33,768,762,165 states generated (27,332,314 s/min), 4,418,724,849 distinct states found (2,780,587 ds/min), 265,043,864 states left on queue.
Progress(44) at 2026-07-17 02:04:36: 33,795,611,870 states generated (26,849,705 s/min), 4,421,400,724 distinct states found (2,675,875 ds/min), 264,248,881 states left on queue.
Progress(44) at 2026-07-17 02:05:36: 33,823,090,447 states generated (27,478,577 s/min), 4,424,184,399 distinct states found (2,783,675 ds/min), 263,567,565 states left on queue.
Progress(44) at 2026-07-17 02:06:36: 33,850,142,502 states generated (27,052,055 s/min), 4,427,532,616 distinct states found (3,348,217 ds/min), 263,671,657 states left on queue.
Progress(44) at 2026-07-17 02:07:36: 33,877,760,648 states generated (27,618,146 s/min), 4,430,477,661 distinct states found (2,945,045 ds/min), 263,031,220 states left on queue.
Progress(44) at 2026-07-17 02:08:36: 33,906,546,289 states generated (28,785,641 s/min), 4,433,979,779 distinct states found (3,502,118 ds/min), 263,114,703 states left on queue.
Progress(44) at 2026-07-17 02:09:36: 33,935,153,667 states generated (28,607,378 s/min), 4,437,318,264 distinct states found (3,338,485 ds/min), 263,090,672 states left on queue.
Progress(44) at 2026-07-17 02:10:36: 33,963,759,204 states generated (28,605,537 s/min), 4,440,641,068 distinct states found (3,322,804 ds/min), 263,002,006 states left on queue.
Progress(44) at 2026-07-17 02:11:36: 33,991,752,776 states generated (27,993,572 s/min), 4,443,825,934 distinct states found (3,184,866 ds/min), 262,783,154 states left on queue.
Progress(44) at 2026-07-17 02:12:36: 34,020,369,401 states generated (28,616,625 s/min), 4,446,998,057 distinct states found (3,172,123 ds/min), 262,561,705 states left on queue.
Progress(44) at 2026-07-17 02:13:36: 34,047,462,209 states generated (27,092,808 s/min), 4,450,175,569 distinct states found (3,177,512 ds/min), 262,462,452 states left on queue.
Progress(44) at 2026-07-17 02:14:36: 34,074,099,642 states generated (26,637,433 s/min), 4,453,053,300 distinct states found (2,877,731 ds/min), 262,110,427 states left on queue.
Progress(44) at 2026-07-17 02:15:36: 34,101,881,661 states generated (27,782,019 s/min), 4,456,271,540 distinct states found (3,218,240 ds/min), 262,205,005 states left on queue.
Progress(44) at 2026-07-17 02:16:36: 34,129,162,614 states generated (27,280,953 s/min), 4,459,328,146 distinct states found (3,056,606 ds/min), 262,098,362 states left on queue.
Progress(44) at 2026-07-17 02:17:51: 34,133,729,796 states generated (4,567,182 s/min), 4,459,926,534 distinct states found (598,388 ds/min), 262,151,042 states left on queue.
Progress(44) at 2026-07-17 02:18:51: 34,161,386,805 states generated (27,657,009 s/min), 4,463,089,709 distinct states found (3,163,175 ds/min), 262,019,045 states left on queue.
Progress(44) at 2026-07-17 02:19:51: 34,189,987,672 states generated (28,600,867 s/min), 4,466,478,642 distinct states found (3,388,933 ds/min), 262,037,686 states left on queue.
Progress(44) at 2026-07-17 02:20:51: 34,217,861,189 states generated (27,873,517 s/min), 4,469,718,597 distinct states found (3,239,955 ds/min), 262,133,434 states left on queue.
Progress(44) at 2026-07-17 02:21:51: 34,245,714,859 states generated (27,853,670 s/min), 4,472,808,581 distinct states found (3,089,984 ds/min), 262,068,377 states left on queue.
Checkpointing of run states/26-07-16-05-44-18
Checkpointing completed at (2026-07-17 02:22:53)
Progress(44) at 2026-07-17 02:22:53: 34,274,276,575 states generated (28,561,716 s/min), 4,476,019,911 distinct states found (3,211,330 ds/min), 261,950,888 states left on queue.
Progress(44) at 2026-07-17 02:23:53: 34,302,101,087 states generated (27,824,512 s/min), 4,479,199,737 distinct states found (3,179,826 ds/min), 261,608,095 states left on queue.
Progress(44) at 2026-07-17 02:24:53: 34,330,443,823 states generated (28,342,736 s/min), 4,482,469,120 distinct states found (3,269,383 ds/min), 261,225,956 states left on queue.
Progress(44) at 2026-07-17 02:25:53: 34,358,316,168 states generated (27,872,345 s/min), 4,485,796,998 distinct states found (3,327,878 ds/min), 260,966,819 states left on queue.
Progress(44) at 2026-07-17 02:26:53: 34,386,546,940 states generated (28,230,772 s/min), 4,488,839,340 distinct states found (3,042,342 ds/min), 260,483,691 states left on queue.
Progress(44) at 2026-07-17 02:27:53: 34,416,330,547 states generated (29,783,607 s/min), 4,491,995,865 distinct states found (3,156,525 ds/min), 260,065,226 states left on queue.
Progress(44) at 2026-07-17 02:28:53: 34,444,568,703 states generated (28,238,156 s/min), 4,495,017,385 distinct states found (3,021,520 ds/min), 259,693,095 states left on queue.
Progress(44) at 2026-07-17 02:29:53: 34,473,292,681 states generated (28,723,978 s/min), 4,498,079,176 distinct states found (3,061,791 ds/min), 259,368,036 states left on queue.
Progress(44) at 2026-07-17 02:30:53: 34,502,217,331 states generated (28,924,650 s/min), 4,501,139,799 distinct states found (3,060,623 ds/min), 258,743,797 states left on queue.
Progress(44) at 2026-07-17 02:31:53: 34,533,774,577 states generated (31,557,246 s/min), 4,504,524,734 distinct states found (3,384,935 ds/min), 258,532,525 states left on queue.
Progress(44) at 2026-07-17 02:32:53: 34,563,388,075 states generated (29,613,498 s/min), 4,507,759,598 distinct states found (3,234,864 ds/min), 257,975,993 states left on queue.
Progress(44) at 2026-07-17 02:33:53: 34,593,226,772 states generated (29,838,697 s/min), 4,510,855,297 distinct states found (3,095,699 ds/min), 257,350,034 states left on queue.
Progress(44) at 2026-07-17 02:34:53: 34,624,388,338 states generated (31,161,566 s/min), 4,514,051,609 distinct states found (3,196,312 ds/min), 256,950,352 states left on queue.
Progress(44) at 2026-07-17 02:35:53: 34,652,407,907 states generated (28,019,569 s/min), 4,516,925,540 distinct states found (2,873,931 ds/min), 256,369,642 states left on queue.
Progress(44) at 2026-07-17 02:36:53: 34,681,550,681 states generated (29,142,774 s/min), 4,519,915,711 distinct states found (2,990,171 ds/min), 255,782,662 states left on queue.
Progress(44) at 2026-07-17 02:37:53: 34,710,306,365 states generated (28,755,684 s/min), 4,522,669,695 distinct states found (2,753,984 ds/min), 255,020,478 states left on queue.
Progress(44) at 2026-07-17 02:38:53: 34,740,425,609 states generated (30,119,244 s/min), 4,525,902,497 distinct states found (3,232,802 ds/min), 254,470,192 states left on queue.
Progress(44) at 2026-07-17 02:39:53: 34,771,254,277 states generated (30,828,668 s/min), 4,529,046,648 distinct states found (3,144,151 ds/min), 254,034,261 states left on queue.
Progress(44) at 2026-07-17 02:40:53: 34,801,627,114 states generated (30,372,837 s/min), 4,532,233,220 distinct states found (3,186,572 ds/min), 253,637,398 states left on queue.
Progress(44) at 2026-07-17 02:41:53: 34,831,441,107 states generated (29,813,993 s/min), 4,535,301,229 distinct states found (3,068,009 ds/min), 253,061,104 states left on queue.
Progress(44) at 2026-07-17 02:42:53: 34,860,709,373 states generated (29,268,266 s/min), 4,538,397,315 distinct states found (3,096,086 ds/min), 252,782,580 states left on queue.
Progress(44) at 2026-07-17 02:43:53: 34,890,690,125 states generated (29,980,752 s/min), 4,541,721,980 distinct states found (3,324,665 ds/min), 252,844,864 states left on queue.
Progress(44) at 2026-07-17 02:44:53: 34,920,570,092 states generated (29,879,967 s/min), 4,544,909,683 distinct states found (3,187,703 ds/min), 252,736,700 states left on queue.
Progress(44) at 2026-07-17 02:45:53: 34,950,242,382 states generated (29,672,290 s/min), 4,548,038,638 distinct states found (3,128,955 ds/min), 252,525,011 states left on queue.
Progress(44) at 2026-07-17 02:46:53: 34,979,984,760 states generated (29,742,378 s/min), 4,551,454,729 distinct states found (3,416,091 ds/min), 252,439,435 states left on queue.
Progress(44) at 2026-07-17 02:47:53: 35,009,007,251 states generated (29,022,491 s/min), 4,554,434,882 distinct states found (2,980,153 ds/min), 252,012,257 states left on queue.
Progress(44) at 2026-07-17 02:48:53: 35,037,270,784 states generated (28,263,533 s/min), 4,557,385,168 distinct states found (2,950,286 ds/min), 251,452,500 states left on queue.
Progress(44) at 2026-07-17 02:49:53: 35,069,734,867 states generated (32,464,083 s/min), 4,561,018,316 distinct states found (3,633,148 ds/min), 251,254,324 states left on queue.
Progress(44) at 2026-07-17 02:50:53: 35,100,345,002 states generated (30,610,135 s/min), 4,564,264,894 distinct states found (3,246,578 ds/min), 250,799,959 states left on queue.
Progress(44) at 2026-07-17 02:51:53: 35,131,673,502 states generated (31,328,500 s/min), 4,567,806,916 distinct states found (3,542,022 ds/min), 250,666,644 states left on queue.
Checkpointing of run states/26-07-16-05-44-18
Checkpointing completed at (2026-07-17 02:52:56)
Progress(44) at 2026-07-17 02:52:56: 35,164,044,617 states generated (32,371,115 s/min), 4,571,231,042 distinct states found (3,424,126 ds/min), 250,238,621 states left on queue.
Progress(44) at 2026-07-17 02:53:56: 35,193,507,906 states generated (29,463,289 s/min), 4,574,053,771 distinct states found (2,822,729 ds/min), 249,690,348 states left on queue.
Progress(44) at 2026-07-17 02:54:56: 35,223,827,151 states generated (30,319,245 s/min), 4,577,187,414 distinct states found (3,133,643 ds/min), 249,382,715 states left on queue.
Progress(44) at 2026-07-17 02:55:56: 35,253,933,380 states generated (30,106,229 s/min), 4,580,641,607 distinct states found (3,454,193 ds/min), 249,287,027 states left on queue.
Progress(44) at 2026-07-17 02:56:56: 35,283,204,667 states generated (29,271,287 s/min), 4,583,904,568 distinct states found (3,262,961 ds/min), 249,060,869 states left on queue.
Progress(44) at 2026-07-17 02:57:56: 35,311,361,353 states generated (28,156,686 s/min), 4,587,052,375 distinct states found (3,147,807 ds/min), 248,697,715 states left on queue.
Progress(44) at 2026-07-17 02:58:56: 35,339,793,887 states generated (28,432,534 s/min), 4,590,069,020 distinct states found (3,016,645 ds/min), 248,063,867 states left on queue.
Progress(44) at 2026-07-17 02:59:56: 35,370,105,865 states generated (30,311,978 s/min), 4,593,288,000 distinct states found (3,218,980 ds/min), 247,550,865 states left on queue.
Progress(44) at 2026-07-17 03:00:56: 35,399,650,591 states generated (29,544,726 s/min), 4,596,362,871 distinct states found (3,074,871 ds/min), 246,878,844 states left on queue.
Progress(44) at 2026-07-17 03:01:56: 35,429,421,769 states generated (29,771,178 s/min), 4,599,549,581 distinct states found (3,186,710 ds/min), 246,316,465 states left on queue.
Progress(44) at 2026-07-17 03:02:56: 35,461,619,299 states generated (32,197,530 s/min), 4,603,137,292 distinct states found (3,587,711 ds/min), 246,186,162 states left on queue.
Progress(44) at 2026-07-17 03:03:56: 35,491,725,690 states generated (30,106,391 s/min), 4,606,491,168 distinct states found (3,353,876 ds/min), 245,777,327 states left on queue.
Progress(44) at 2026-07-17 03:04:56: 35,521,606,330 states generated (29,880,640 s/min), 4,609,865,476 distinct states found (3,374,308 ds/min), 245,434,726 states left on queue.
Progress(44) at 2026-07-17 03:05:56: 35,551,441,423 states generated (29,835,093 s/min), 4,613,068,886 distinct states found (3,203,410 ds/min), 244,839,244 states left on queue.
Progress(44) at 2026-07-17 03:06:56: 35,580,812,761 states generated (29,371,338 s/min), 4,616,354,892 distinct states found (3,286,006 ds/min), 244,322,891 states left on queue.
Progress(44) at 2026-07-17 03:07:56: 35,610,817,595 states generated (30,004,834 s/min), 4,619,235,971 distinct states found (2,881,079 ds/min), 243,549,536 states left on queue.
Progress(44) at 2026-07-17 03:08:56: 35,639,624,643 states generated (28,807,048 s/min), 4,622,474,458 distinct states found (3,238,487 ds/min), 243,252,646 states left on queue.
Progress(44) at 2026-07-17 03:09:56: 35,668,213,543 states generated (28,588,900 s/min), 4,625,621,601 distinct states found (3,147,143 ds/min), 243,136,299 states left on queue.
Progress(44) at 2026-07-17 03:10:56: 35,696,848,867 states generated (28,635,324 s/min), 4,628,829,500 distinct states found (3,207,899 ds/min), 243,069,322 states left on queue.
Progress(44) at 2026-07-17 03:11:56: 35,725,521,608 states generated (28,672,741 s/min), 4,631,951,379 distinct states found (3,121,879 ds/min), 243,008,151 states left on queue.
Progress(44) at 2026-07-17 03:12:56: 35,754,491,184 states generated (28,969,576 s/min), 4,634,944,363 distinct states found (2,992,984 ds/min), 242,384,449 states left on queue.
Progress(44) at 2026-07-17 03:13:56: 35,784,478,726 states generated (29,987,542 s/min), 4,638,170,538 distinct states found (3,226,175 ds/min), 242,197,443 states left on queue.
Progress(44) at 2026-07-17 03:14:56: 35,812,714,317 states generated (28,235,591 s/min), 4,641,100,507 distinct states found (2,929,969 ds/min), 241,619,215 states left on queue.
Progress(44) at 2026-07-17 03:15:56: 35,840,578,818 states generated (27,864,501 s/min), 4,644,299,363 distinct states found (3,198,856 ds/min), 241,282,754 states left on queue.
Progress(44) at 2026-07-17 03:16:56: 35,868,206,340 states generated (27,627,522 s/min), 4,647,185,014 distinct states found (2,885,651 ds/min), 240,639,732 states left on queue.
Progress(44) at 2026-07-17 03:18:02: 35,894,704,885 states generated (26,498,545 s/min), 4,649,909,278 distinct states found (2,724,264 ds/min), 239,938,198 states left on queue.
Progress(44) at 2026-07-17 03:19:02: 35,923,425,917 states generated (28,721,032 s/min), 4,653,127,348 distinct states found (3,218,070 ds/min), 239,680,864 states left on queue.
Progress(44) at 2026-07-17 03:20:02: 35,953,161,515 states generated (29,735,598 s/min), 4,656,116,706 distinct states found (2,989,358 ds/min), 238,935,460 states left on queue.
Progress(44) at 2026-07-17 03:21:02: 35,981,003,612 states generated (27,842,097 s/min), 4,658,823,863 distinct states found (2,707,157 ds/min), 238,109,963 states left on queue.
Progress(45) at 2026-07-17 03:22:02: 36,009,807,391 states generated (28,803,779 s/min), 4,661,607,274 distinct states found (2,783,411 ds/min), 237,266,675 states left on queue.
Checkpointing of run states/26-07-16-05-44-18
Checkpointing completed at (2026-07-17 03:23:04)
Progress(45) at 2026-07-17 03:23:04: 36,039,355,882 states generated (29,548,491 s/min), 4,665,244,245 distinct states found (3,636,971 ds/min), 237,357,098 states left on queue.
Progress(45) at 2026-07-17 03:24:04: 36,068,555,563 states generated (29,199,681 s/min), 4,668,240,700 distinct states found (2,996,455 ds/min), 236,595,282 states left on queue.
Progress(45) at 2026-07-17 03:25:04: 36,098,889,514 states generated (30,333,951 s/min), 4,672,045,066 distinct states found (3,804,366 ds/min), 236,836,044 states left on queue.
Progress(45) at 2026-07-17 03:26:04: 36,128,838,398 states generated (29,948,884 s/min), 4,675,375,461 distinct states found (3,330,395 ds/min), 236,640,130 states left on queue.
Progress(45) at 2026-07-17 03:27:04: 36,157,984,694 states generated (29,146,296 s/min), 4,678,525,708 distinct states found (3,150,247 ds/min), 236,279,405 states left on queue.
Progress(45) at 2026-07-17 03:28:04: 36,187,708,906 states generated (29,724,212 s/min), 4,681,863,201 distinct states found (3,337,493 ds/min), 235,952,135 states left on queue.
Progress(45) at 2026-07-17 03:29:04: 36,217,087,803 states generated (29,378,897 s/min), 4,685,200,223 distinct states found (3,337,022 ds/min), 235,841,688 states left on queue.
Progress(45) at 2026-07-17 03:30:04: 36,245,154,134 states generated (28,066,331 s/min), 4,688,166,619 distinct states found (2,966,396 ds/min), 235,402,489 states left on queue.
Progress(45) at 2026-07-17 03:31:04: 36,274,265,007 states generated (29,110,873 s/min), 4,691,438,321 distinct states found (3,271,702 ds/min), 235,371,963 states left on queue.
Progress(45) at 2026-07-17 03:32:04: 36,302,950,422 states generated (28,685,415 s/min), 4,694,583,890 distinct states found (3,145,569 ds/min), 235,187,804 states left on queue.
Progress(45) at 2026-07-17 03:33:05: 36,330,719,399 states generated (27,768,977 s/min), 4,697,772,137 distinct states found (3,188,247 ds/min), 235,062,467 states left on queue.
Progress(45) at 2026-07-17 03:34:05: 36,359,438,580 states generated (28,719,181 s/min), 4,701,072,096 distinct states found (3,299,959 ds/min), 234,958,338 states left on queue.
Progress(45) at 2026-07-17 03:35:05: 36,387,210,533 states generated (27,771,953 s/min), 4,704,232,394 distinct states found (3,160,298 ds/min), 234,983,540 states left on queue.
Progress(45) at 2026-07-17 03:36:05: 36,415,591,381 states generated (28,380,848 s/min), 4,707,327,445 distinct states found (3,095,051 ds/min), 234,869,895 states left on queue.
Progress(45) at 2026-07-17 03:37:05: 36,443,377,327 states generated (27,785,946 s/min), 4,710,394,919 distinct states found (3,067,474 ds/min), 234,702,541 states left on queue.
Progress(45) at 2026-07-17 03:38:05: 36,470,986,716 states generated (27,609,389 s/min), 4,713,412,206 distinct states found (3,017,287 ds/min), 234,246,641 states left on queue.
Progress(45) at 2026-07-17 03:39:05: 36,499,228,970 states generated (28,242,254 s/min), 4,716,615,353 distinct states found (3,203,147 ds/min), 233,826,259 states left on queue.
Progress(45) at 2026-07-17 03:40:05: 36,526,993,804 states generated (27,764,834 s/min), 4,719,759,134 distinct states found (3,143,781 ds/min), 233,416,761 states left on queue.
Progress(45) at 2026-07-17 03:41:05: 36,555,468,552 states generated (28,474,748 s/min), 4,722,761,787 distinct states found (3,002,653 ds/min), 232,896,171 states left on queue.
Progress(45) at 2026-07-17 03:42:05: 36,584,753,300 states generated (29,284,748 s/min), 4,725,816,592 distinct states found (3,054,805 ds/min), 232,448,249 states left on queue.
Progress(45) at 2026-07-17 03:43:05: 36,613,143,614 states generated (28,390,314 s/min), 4,728,829,791 distinct states found (3,013,199 ds/min), 232,148,437 states left on queue.
Progress(45) at 2026-07-17 03:44:05: 36,641,402,694 states generated (28,259,080 s/min), 4,731,697,032 distinct states found (2,867,241 ds/min), 231,447,663 states left on queue.
Progress(45) at 2026-07-17 03:45:05: 36,673,233,033 states generated (31,830,339 s/min), 4,735,016,312 distinct states found (3,319,280 ds/min), 231,100,415 states left on queue.
Progress(45) at 2026-07-17 03:46:05: 36,703,064,469 states generated (29,831,436 s/min), 4,738,157,284 distinct states found (3,140,972 ds/min), 230,491,955 states left on queue.
Progress(45) at 2026-07-17 03:47:05: 36,732,993,410 states generated (29,928,941 s/min), 4,741,227,919 distinct states found (3,070,635 ds/min), 229,894,508 states left on queue.
Progress(45) at 2026-07-17 03:48:05: 36,763,055,725 states generated (30,062,315 s/min), 4,744,201,504 distinct states found (2,973,585 ds/min), 229,381,833 states left on queue.
Progress(45) at 2026-07-17 03:49:05: 36,791,768,559 states generated (28,712,834 s/min), 4,747,095,460 distinct states found (2,893,956 ds/min), 228,762,022 states left on queue.
Progress(45) at 2026-07-17 03:50:05: 36,820,139,085 states generated (28,370,526 s/min), 4,749,815,644 distinct states found (2,720,184 ds/min), 227,907,643 states left on queue.
Progress(45) at 2026-07-17 03:51:05: 36,850,567,424 states generated (30,428,339 s/min), 4,752,922,877 distinct states found (3,107,233 ds/min), 227,265,550 states left on queue.
Progress(45) at 2026-07-17 03:52:05: 36,881,300,491 states generated (30,733,067 s/min), 4,755,965,270 distinct states found (3,042,393 ds/min), 226,734,726 states left on queue.
Checkpointing of run states/26-07-16-05-44-18
Checkpointing completed at (2026-07-17 03:53:07)
Progress(45) at 2026-07-17 03:53:07: 36,912,565,002 states generated (31,264,511 s/min), 4,759,178,137 distinct states found (3,212,867 ds/min), 226,207,499 states left on queue.
Progress(45) at 2026-07-17 03:54:07: 36,942,183,630 states generated (29,618,628 s/min), 4,762,170,262 distinct states found (2,992,125 ds/min), 225,623,716 states left on queue.
Progress(45) at 2026-07-17 03:55:07: 36,971,028,779 states generated (28,845,149 s/min), 4,765,141,013 distinct states found (2,970,751 ds/min), 225,371,749 states left on queue.
Progress(45) at 2026-07-17 03:56:07: 37,001,290,825 states generated (30,262,046 s/min), 4,768,460,110 distinct states found (3,319,097 ds/min), 225,391,186 states left on queue.
Progress(45) at 2026-07-17 03:57:07: 37,031,073,366 states generated (29,782,541 s/min), 4,771,568,472 distinct states found (3,108,362 ds/min), 225,152,212 states left on queue.
Progress(45) at 2026-07-17 03:58:07: 37,060,866,864 states generated (29,793,498 s/min), 4,774,765,289 distinct states found (3,196,817 ds/min), 224,922,380 states left on queue.
Progress(45) at 2026-07-17 03:59:07: 37,089,753,369 states generated (28,886,505 s/min), 4,777,877,778 distinct states found (3,112,489 ds/min), 224,620,036 states left on queue.
Progress(45) at 2026-07-17 04:00:07: 37,118,502,253 states generated (28,748,884 s/min), 4,780,755,414 distinct states found (2,877,636 ds/min), 224,055,448 states left on queue.
Progress(45) at 2026-07-17 04:01:07: 37,149,831,760 states generated (31,329,507 s/min), 4,784,161,549 distinct states found (3,406,135 ds/min), 223,685,474 states left on queue.
Progress(45) at 2026-07-17 04:02:07: 37,180,489,715 states generated (30,657,955 s/min), 4,787,361,547 distinct states found (3,199,998 ds/min), 223,181,872 states left on queue.
Progress(45) at 2026-07-17 04:03:07: 37,211,725,363 states generated (31,235,648 s/min), 4,790,829,291 distinct states found (3,467,744 ds/min), 222,975,106 states left on queue.
Progress(45) at 2026-07-17 04:04:07: 37,242,605,449 states generated (30,880,086 s/min), 4,794,002,335 distinct states found (3,173,044 ds/min), 222,474,090 states left on queue.
Progress(45) at 2026-07-17 04:05:07: 37,272,138,782 states generated (29,533,333 s/min), 4,796,819,395 distinct states found (2,817,060 ds/min), 221,913,988 states left on queue.
Progress(45) at 2026-07-17 04:06:07: 37,302,340,091 states generated (30,201,309 s/min), 4,799,965,094 distinct states found (3,145,699 ds/min), 221,589,182 states left on queue.
Progress(45) at 2026-07-17 04:07:07: 37,332,323,363 states generated (29,983,272 s/min), 4,803,428,450 distinct states found (3,463,356 ds/min), 221,517,987 states left on queue.
Progress(45) at 2026-07-17 04:08:07: 37,361,267,519 states generated (28,944,156 s/min), 4,806,427,890 distinct states found (2,999,440 ds/min), 220,994,417 states left on queue.
Progress(45) at 2026-07-17 04:09:07: 37,388,822,725 states generated (27,555,206 s/min), 4,809,468,151 distinct states found (3,040,261 ds/min), 220,446,602 states left on queue.
Progress(45) at 2026-07-17 04:10:07: 37,419,036,500 states generated (30,213,775 s/min), 4,812,588,207 distinct states found (3,120,056 ds/min), 219,862,091 states left on queue.
Progress(45) at 2026-07-17 04:11:07: 37,448,517,813 states generated (29,481,313 s/min), 4,815,569,995 distinct states found (2,981,788 ds/min), 219,121,319 states left on queue.
Progress(45) at 2026-07-17 04:12:07: 37,478,582,336 states generated (30,064,523 s/min), 4,818,742,180 distinct states found (3,172,185 ds/min), 218,575,046 states left on queue.
Progress(45) at 2026-07-17 04:13:07: 37,510,563,749 states generated (31,981,413 s/min), 4,822,160,399 distinct states found (3,418,219 ds/min), 218,306,116 states left on queue.
Progress(45) at 2026-07-17 04:14:07: 37,540,686,455 states generated (30,122,706 s/min), 4,825,545,020 distinct states found (3,384,621 ds/min), 217,857,706 states left on queue.
Progress(45) at 2026-07-17 04:15:07: 37,570,137,510 states generated (29,451,055 s/min), 4,828,734,444 distinct states found (3,189,424 ds/min), 217,369,131 states left on queue.
Progress(45) at 2026-07-17 04:16:07: 37,599,860,533 states generated (29,723,023 s/min), 4,831,981,294 distinct states found (3,246,850 ds/min), 216,783,581 states left on queue.
Progress(45) at 2026-07-17 04:17:07: 37,629,679,128 states generated (29,818,595 s/min), 4,834,873,716 distinct states found (2,892,422 ds/min), 215,989,037 states left on queue.
Progress(45) at 2026-07-17 04:18:13: 37,656,304,736 states generated (26,625,608 s/min), 4,837,761,235 distinct states found (2,887,519 ds/min), 215,608,330 states left on queue.
Progress(45) at 2026-07-17 04:19:13: 37,684,447,600 states generated (28,142,864 s/min), 4,840,787,430 distinct states found (3,026,195 ds/min), 215,408,751 states left on queue.
Progress(45) at 2026-07-17 04:20:13: 37,713,157,113 states generated (28,709,513 s/min), 4,843,953,359 distinct states found (3,165,929 ds/min), 215,281,750 states left on queue.
Progress(45) at 2026-07-17 04:21:13: 37,741,852,985 states generated (28,695,872 s/min), 4,847,010,639 distinct states found (3,057,280 ds/min), 215,159,940 states left on queue.
Progress(45) at 2026-07-17 04:22:13: 37,770,917,239 states generated (29,064,254 s/min), 4,849,956,298 distinct states found (2,945,659 ds/min), 214,536,589 states left on queue.
Checkpointing of run states/26-07-16-05-44-18
Checkpointing completed at (2026-07-17 04:23:15)
Progress(45) at 2026-07-17 04:23:15: 37,801,134,172 states generated (30,216,933 s/min), 4,853,039,356 distinct states found (3,083,058 ds/min), 214,122,419 states left on queue.
Progress(45) at 2026-07-17 04:24:15: 37,829,446,795 states generated (28,312,623 s/min), 4,856,106,458 distinct states found (3,067,102 ds/min), 213,608,144 states left on queue.
Progress(45) at 2026-07-17 04:25:15: 37,857,208,389 states generated (27,761,594 s/min), 4,859,007,368 distinct states found (2,900,910 ds/min), 213,025,416 states left on queue.
Progress(45) at 2026-07-17 04:26:15: 37,885,620,251 states generated (28,411,862 s/min), 4,861,879,597 distinct states found (2,872,229 ds/min), 212,246,285 states left on queue.
Progress(45) at 2026-07-17 04:27:15: 37,914,287,204 states generated (28,666,953 s/min), 4,865,006,849 distinct states found (3,127,252 ds/min), 211,884,302 states left on queue.
Progress(45) at 2026-07-17 04:28:15: 37,943,810,277 states generated (29,523,073 s/min), 4,867,873,552 distinct states found (2,866,703 ds/min), 211,055,262 states left on queue.
Progress(46) at 2026-07-17 04:29:15: 37,971,648,273 states generated (27,837,996 s/min), 4,870,494,711 distinct states found (2,621,159 ds/min), 210,156,246 states left on queue.
Progress(46) at 2026-07-17 04:30:15: 38,000,152,242 states generated (28,503,969 s/min), 4,873,742,788 distinct states found (3,248,077 ds/min), 209,895,740 states left on queue.
Progress(46) at 2026-07-17 04:31:15: 38,028,797,171 states generated (28,644,929 s/min), 4,876,725,072 distinct states found (2,982,284 ds/min), 209,285,499 states left on queue.
Progress(46) at 2026-07-17 04:32:15: 38,058,867,877 states generated (30,070,706 s/min), 4,880,313,635 distinct states found (3,588,563 ds/min), 209,311,198 states left on queue.
Progress(46) at 2026-07-17 04:33:15: 38,088,548,140 states generated (29,680,263 s/min), 4,883,612,381 distinct states found (3,298,746 ds/min), 209,083,089 states left on queue.
Progress(46) at 2026-07-17 04:34:15: 38,117,901,909 states generated (29,353,769 s/min), 4,886,760,900 distinct states found (3,148,519 ds/min), 208,710,153 states left on queue.
Progress(46) at 2026-07-17 04:35:15: 38,147,388,017 states generated (29,486,108 s/min), 4,889,952,528 distinct states found (3,191,628 ds/min), 208,253,885 states left on queue.
Progress(46) at 2026-07-17 04:36:15: 38,176,674,020 states generated (29,286,003 s/min), 4,893,166,563 distinct states found (3,214,035 ds/min), 208,021,840 states left on queue.
Progress(46) at 2026-07-17 04:37:15: 38,204,677,040 states generated (28,003,020 s/min), 4,895,999,437 distinct states found (2,832,874 ds/min), 207,447,346 states left on queue.
Progress(46) at 2026-07-17 04:38:15: 38,233,840,295 states generated (29,163,255 s/min), 4,899,262,342 distinct states found (3,262,905 ds/min), 207,461,058 states left on queue.
Progress(46) at 2026-07-17 04:39:15: 38,262,382,423 states generated (28,542,128 s/min), 4,902,417,440 distinct states found (3,155,098 ds/min), 207,252,590 states left on queue.
Progress(46) at 2026-07-17 04:40:15: 38,289,862,569 states generated (27,480,146 s/min), 4,905,419,800 distinct states found (3,002,360 ds/min), 206,961,707 states left on queue.
Progress(46) at 2026-07-17 04:41:15: 38,319,038,182 states generated (29,175,613 s/min), 4,908,733,621 distinct states found (3,313,821 ds/min), 206,861,081 states left on queue.
Progress(46) at 2026-07-17 04:42:15: 38,347,119,794 states generated (28,081,612 s/min), 4,911,828,256 distinct states found (3,094,635 ds/min), 206,781,214 states left on queue.
Progress(46) at 2026-07-17 04:43:15: 38,375,413,565 states generated (28,293,771 s/min), 4,914,812,821 distinct states found (2,984,565 ds/min), 206,563,811 states left on queue.
Progress(46) at 2026-07-17 04:44:15: 38,402,940,244 states generated (27,526,679 s/min), 4,917,719,079 distinct states found (2,906,258 ds/min), 206,202,951 states left on queue.
Progress(46) at 2026-07-17 04:45:15: 38,430,365,949 states generated (27,425,705 s/min), 4,920,593,753 distinct states found (2,874,674 ds/min), 205,552,732 states left on queue.
Progress(46) at 2026-07-17 04:46:16: 38,458,475,621 states generated (28,109,672 s/min), 4,923,905,146 distinct states found (3,311,393 ds/min), 205,255,952 states left on queue.
Progress(46) at 2026-07-17 04:47:16: 38,486,373,858 states generated (27,898,237 s/min), 4,926,759,834 distinct states found (2,854,688 ds/min), 204,631,980 states left on queue.
Progress(46) at 2026-07-17 04:48:16: 38,515,559,941 states generated (29,186,083 s/min), 4,929,754,805 distinct states found (2,994,971 ds/min), 204,145,260 states left on queue.
Progress(46) at 2026-07-17 04:49:16: 38,543,834,581 states generated (28,274,640 s/min), 4,932,681,891 distinct states found (2,927,086 ds/min), 203,784,492 states left on queue.
Progress(46) at 2026-07-17 04:50:16: 38,572,715,254 states generated (28,880,673 s/min), 4,935,548,653 distinct states found (2,866,762 ds/min), 203,044,839 states left on queue.
Progress(46) at 2026-07-17 04:51:16: 38,604,366,399 states generated (31,651,145 s/min), 4,938,752,010 distinct states found (3,203,357 ds/min), 202,571,854 states left on queue.
Progress(46) at 2026-07-17 04:52:16: 38,633,567,918 states generated (29,201,519 s/min), 4,941,722,613 distinct states found (2,970,603 ds/min), 201,821,428 states left on queue.
Checkpointing of run states/26-07-16-05-44-18
Checkpointing completed at (2026-07-17 04:53:18)
Progress(46) at 2026-07-17 04:53:18: 38,665,805,830 states generated (32,237,912 s/min), 4,944,887,225 distinct states found (3,164,612 ds/min), 201,258,821 states left on queue.
Progress(46) at 2026-07-17 04:54:18: 38,694,274,016 states generated (28,468,186 s/min), 4,947,660,414 distinct states found (2,773,189 ds/min), 200,592,958 states left on queue.
Progress(46) at 2026-07-17 04:55:18: 38,722,768,596 states generated (28,494,580 s/min), 4,950,276,214 distinct states found (2,615,800 ds/min), 199,665,295 states left on queue.
Progress(46) at 2026-07-17 04:56:18: 38,753,632,062 states generated (30,863,466 s/min), 4,953,413,142 distinct states found (3,136,928 ds/min), 199,011,720 states left on queue.
Progress(46) at 2026-07-17 04:57:18: 38,784,003,796 states generated (30,371,734 s/min), 4,956,379,077 distinct states found (2,965,935 ds/min), 198,464,704 states left on queue.
Progress(46) at 2026-07-17 04:58:18: 38,813,772,165 states generated (29,768,369 s/min), 4,959,352,536 distinct states found (2,973,459 ds/min), 197,792,553 states left on queue.
Progress(46) at 2026-07-17 04:59:18: 38,842,952,124 states generated (29,179,959 s/min), 4,962,264,597 distinct states found (2,912,061 ds/min), 197,397,987 states left on queue.
Progress(46) at 2026-07-17 05:00:18: 38,873,203,808 states generated (30,251,684 s/min), 4,965,564,578 distinct states found (3,299,981 ds/min), 197,385,639 states left on queue.
Progress(46) at 2026-07-17 05:01:18: 38,902,949,660 states generated (29,745,852 s/min), 4,968,585,340 distinct states found (3,020,762 ds/min), 197,063,916 states left on queue.
Progress(46) at 2026-07-17 05:02:18: 38,932,749,266 states generated (29,799,606 s/min), 4,971,737,336 distinct states found (3,151,996 ds/min), 196,778,681 states left on queue.
Progress(46) at 2026-07-17 05:03:18: 38,961,603,492 states generated (28,854,226 s/min), 4,974,728,210 distinct states found (2,990,874 ds/min), 196,374,445 states left on queue.
Progress(46) at 2026-07-17 05:04:18: 38,990,267,567 states generated (28,664,075 s/min), 4,977,554,941 distinct states found (2,826,731 ds/min), 195,697,216 states left on queue.
Progress(46) at 2026-07-17 05:05:18: 39,021,993,421 states generated (31,725,854 s/min), 4,980,964,672 distinct states found (3,409,731 ds/min), 195,293,593 states left on queue.
Progress(46) at 2026-07-17 05:06:18: 39,053,276,258 states generated (31,282,837 s/min), 4,984,243,180 distinct states found (3,278,508 ds/min), 194,833,887 states left on queue.
Progress(46) at 2026-07-17 05:07:18: 39,084,413,594 states generated (31,137,336 s/min), 4,987,638,982 distinct states found (3,395,802 ds/min), 194,547,337 states left on queue.
Progress(46) at 2026-07-17 05:08:18: 39,113,845,095 states generated (29,431,501 s/min), 4,990,290,523 distinct states found (2,651,541 ds/min), 193,799,880 states left on queue.
Progress(46) at 2026-07-17 05:09:18: 39,143,922,768 states generated (30,077,673 s/min), 4,993,339,922 distinct states found (3,049,399 ds/min), 193,388,582 states left on queue.
Progress(46) at 2026-07-17 05:10:18: 39,173,824,060 states generated (29,901,292 s/min), 4,996,698,690 distinct states found (3,358,768 ds/min), 193,206,590 states left on queue.
Progress(46) at 2026-07-17 05:11:18: 39,202,479,168 states generated (28,655,108 s/min), 4,999,613,724 distinct states found (2,915,034 ds/min), 192,584,825 states left on queue.
Progress(46) at 2026-07-17 05:12:18: 39,230,664,160 states generated (28,184,992 s/min), 5,002,553,479 distinct states found (2,939,755 ds/min), 191,947,430 states left on queue.
Progress(46) at 2026-07-17 05:13:18: 39,260,505,676 states generated (29,841,516 s/min), 5,005,570,582 distinct states found (3,017,103 ds/min), 191,240,622 states left on queue.
Progress(46) at 2026-07-17 05:14:18: 39,290,323,805 states generated (29,818,129 s/min), 5,008,613,636 distinct states found (3,043,054 ds/min), 190,537,814 states left on queue.
Progress(46) at 2026-07-17 05:15:18: 39,322,197,120 states generated (31,873,315 s/min), 5,011,975,350 distinct states found (3,361,714 ds/min), 190,219,323 states left on queue.
Progress(46) at 2026-07-17 05:16:18: 39,352,400,962 states generated (30,203,842 s/min), 5,015,256,434 distinct states found (3,281,084 ds/min), 189,697,203 states left on queue.
Progress(46) at 2026-07-17 05:17:18: 39,381,750,761 states generated (29,349,799 s/min), 5,018,326,270 distinct states found (3,069,836 ds/min), 189,090,131 states left on queue.
Progress(46) at 2026-07-17 05:18:21: 39,408,678,659 states generated (26,927,898 s/min), 5,021,234,425 distinct states found (2,908,155 ds/min), 188,515,035 states left on queue.
Progress(46) at 2026-07-17 05:19:21: 39,438,188,672 states generated (29,510,013 s/min), 5,024,068,851 distinct states found (2,834,426 ds/min), 187,727,297 states left on queue.
Progress(46) at 2026-07-17 05:20:21: 39,466,668,292 states generated (28,479,620 s/min), 5,027,043,005 distinct states found (2,974,154 ds/min), 187,306,978 states left on queue.
Progress(46) at 2026-07-17 05:21:21: 39,495,611,128 states generated (28,942,836 s/min), 5,030,195,533 distinct states found (3,152,528 ds/min), 187,157,459 states left on queue.
Progress(46) at 2026-07-17 05:22:21: 39,524,143,067 states generated (28,531,939 s/min), 5,033,256,339 distinct states found (3,060,806 ds/min), 187,108,276 states left on queue.
Checkpointing of run states/26-07-16-05-44-18
Checkpointing completed at (2026-07-17 05:23:24)
Progress(46) at 2026-07-17 05:23:24: 39,554,215,628 states generated (30,072,561 s/min), 5,036,244,468 distinct states found (2,988,129 ds/min), 186,433,133 states left on queue.
Progress(46) at 2026-07-17 05:24:24: 39,583,370,091 states generated (29,154,463 s/min), 5,039,125,128 distinct states found (2,880,660 ds/min), 185,956,367 states left on queue.
Progress(46) at 2026-07-17 05:25:24: 39,611,378,336 states generated (28,008,245 s/min), 5,042,143,758 distinct states found (3,018,630 ds/min), 185,433,621 states left on queue.
Progress(46) at 2026-07-17 05:26:24: 39,639,201,189 states generated (27,822,853 s/min), 5,044,917,968 distinct states found (2,774,210 ds/min), 184,700,149 states left on queue.
Progress(46) at 2026-07-17 05:27:24: 39,667,847,073 states generated (28,645,884 s/min), 5,047,870,587 distinct states found (2,952,619 ds/min), 184,082,088 states left on queue.
Progress(46) at 2026-07-17 05:28:24: 39,697,148,667 states generated (29,301,594 s/min), 5,050,735,714 distinct states found (2,865,127 ds/min), 183,323,689 states left on queue.
Progress(47) at 2026-07-17 05:29:24: 39,725,035,591 states generated (27,886,924 s/min), 5,053,277,662 distinct states found (2,541,948 ds/min), 182,341,497 states left on queue.
Progress(47) at 2026-07-17 05:30:24: 39,753,356,908 states generated (28,321,317 s/min), 5,056,590,023 distinct states found (3,312,361 ds/min), 182,224,048 states left on queue.
Progress(47) at 2026-07-17 05:31:24: 39,782,357,489 states generated (29,000,581 s/min), 5,059,565,191 distinct states found (2,975,168 ds/min), 181,583,882 states left on queue.
Progress(47) at 2026-07-17 05:32:24: 39,812,247,099 states generated (29,889,610 s/min), 5,063,057,575 distinct states found (3,492,384 ds/min), 181,513,271 states left on queue.
Progress(47) at 2026-07-17 05:33:24: 39,842,043,782 states generated (29,796,683 s/min), 5,066,225,726 distinct states found (3,168,151 ds/min), 181,114,183 states left on queue.
Progress(47) at 2026-07-17 05:34:24: 39,871,070,579 states generated (29,026,797 s/min), 5,069,290,371 distinct states found (3,064,645 ds/min), 180,650,261 states left on queue.
Progress(47) at 2026-07-17 05:35:24: 39,900,182,087 states generated (29,111,508 s/min), 5,072,290,006 distinct states found (2,999,635 ds/min), 180,207,739 states left on queue.
Progress(47) at 2026-07-17 05:36:24: 39,928,206,505 states generated (28,024,418 s/min), 5,075,144,653 distinct states found (2,854,647 ds/min), 179,651,492 states left on queue.
Progress(47) at 2026-07-17 05:37:24: 39,957,162,978 states generated (28,956,473 s/min), 5,078,285,203 distinct states found (3,140,550 ds/min), 179,508,590 states left on queue.
Progress(47) at 2026-07-17 05:38:24: 39,985,636,723 states generated (28,473,745 s/min), 5,081,312,682 distinct states found (3,027,479 ds/min), 179,206,058 states left on queue.
Progress(47) at 2026-07-17 05:39:24: 40,013,176,419 states generated (27,539,696 s/min), 5,084,279,403 distinct states found (2,966,721 ds/min), 178,867,632 states left on queue.
Progress(47) at 2026-07-17 05:40:24: 40,041,902,498 states generated (28,726,079 s/min), 5,087,475,467 distinct states found (3,196,064 ds/min), 178,709,847 states left on queue.
Progress(47) at 2026-07-17 05:41:24: 40,069,968,987 states generated (28,066,489 s/min), 5,090,496,555 distinct states found (3,021,088 ds/min), 178,556,178 states left on queue.
Progress(47) at 2026-07-17 05:42:24: 40,098,205,804 states generated (28,236,817 s/min), 5,093,384,326 distinct states found (2,887,771 ds/min), 178,237,352 states left on queue.
Progress(47) at 2026-07-17 05:43:24: 40,125,603,005 states generated (27,397,201 s/min), 5,096,190,262 distinct states found (2,805,936 ds/min), 177,759,530 states left on queue.
Progress(47) at 2026-07-17 05:44:24: 40,153,264,406 states generated (27,661,401 s/min), 5,099,180,438 distinct states found (2,990,176 ds/min), 177,190,965 states left on queue.
Progress(47) at 2026-07-17 05:45:24: 40,180,630,807 states generated (27,366,401 s/min), 5,102,098,760 distinct states found (2,918,322 ds/min), 176,636,595 states left on queue.
Progress(47) at 2026-07-17 05:46:24: 40,209,845,613 states generated (29,214,806 s/min), 5,105,030,023 distinct states found (2,931,263 ds/min), 176,037,934 states left on queue.
Progress(47) at 2026-07-17 05:47:24: 40,237,938,538 states generated (28,092,925 s/min), 5,107,896,495 distinct states found (2,866,472 ds/min), 175,616,591 states left on queue.
Progress(47) at 2026-07-17 05:48:24: 40,266,980,324 states generated (29,041,786 s/min), 5,110,691,305 distinct states found (2,794,810 ds/min), 174,871,663 states left on queue.
Progress(47) at 2026-07-17 05:49:24: 40,298,137,898 states generated (31,157,574 s/min), 5,113,788,815 distinct states found (3,097,510 ds/min), 174,288,538 states left on queue.
Progress(47) at 2026-07-17 05:50:24: 40,327,215,640 states generated (29,077,742 s/min), 5,116,627,416 distinct states found (2,838,601 ds/min), 173,558,628 states left on queue.
Progress(47) at 2026-07-17 05:51:24: 40,356,391,003 states generated (29,175,363 s/min), 5,119,343,594 distinct states found (2,716,178 ds/min), 172,808,154 states left on queue.
Progress(47) at 2026-07-17 05:52:24: 40,385,084,320 states generated (28,693,317 s/min), 5,121,993,572 distinct states found (2,649,978 ds/min), 171,957,842 states left on queue.
Checkpointing of run states/26-07-16-05-44-18
Checkpointing completed at (2026-07-17 05:53:27)
Progress(47) at 2026-07-17 05:53:27: 40,417,383,534 states generated (32,299,214 s/min), 5,125,179,476 distinct states found (3,185,904 ds/min), 171,212,438 states left on queue.
Progress(47) at 2026-07-17 05:54:27: 40,447,387,020 states generated (30,003,486 s/min), 5,128,089,094 distinct states found (2,909,618 ds/min), 170,536,809 states left on queue.
Progress(47) at 2026-07-17 05:55:27: 40,476,850,290 states generated (29,463,270 s/min), 5,130,953,461 distinct states found (2,864,367 ds/min), 169,930,412 states left on queue.
Progress(47) at 2026-07-17 05:56:27: 40,506,720,619 states generated (29,870,329 s/min), 5,134,090,402 distinct states found (3,136,941 ds/min), 169,772,917 states left on queue.
Progress(47) at 2026-07-17 05:57:27: 40,536,392,665 states generated (29,672,046 s/min), 5,137,061,353 distinct states found (2,970,951 ds/min), 169,437,073 states left on queue.
Progress(47) at 2026-07-17 05:58:27: 40,565,929,589 states generated (29,536,924 s/min), 5,140,041,777 distinct states found (2,980,424 ds/min), 169,032,841 states left on queue.
Progress(47) at 2026-07-17 05:59:27: 40,594,876,233 states generated (28,946,644 s/min), 5,143,055,683 distinct states found (3,013,906 ds/min), 168,623,276 states left on queue.
Progress(47) at 2026-07-17 06:00:27: 40,623,924,700 states generated (29,048,467 s/min), 5,145,926,402 distinct states found (2,870,719 ds/min), 167,973,350 states left on queue.
Progress(47) at 2026-07-17 06:01:27: 40,654,942,676 states generated (31,017,976 s/min), 5,149,099,015 distinct states found (3,172,613 ds/min), 167,394,728 states left on queue.
Progress(47) at 2026-07-17 06:02:27: 40,685,635,081 states generated (30,692,405 s/min), 5,152,298,699 distinct states found (3,199,684 ds/min), 166,958,650 states left on queue.
Progress(47) at 2026-07-17 06:03:27: 40,716,213,814 states generated (30,578,733 s/min), 5,155,317,862 distinct states found (3,019,163 ds/min), 166,358,584 states left on queue.
Progress(47) at 2026-07-17 06:04:27: 40,745,482,247 states generated (29,268,433 s/min), 5,158,102,578 distinct states found (2,784,716 ds/min), 165,793,306 states left on queue.
Progress(47) at 2026-07-17 06:05:27: 40,774,699,218 states generated (29,216,971 s/min), 5,161,266,150 distinct states found (3,163,572 ds/min), 165,488,301 states left on queue.
Progress(47) at 2026-07-17 06:06:27: 40,803,605,156 states generated (28,905,938 s/min), 5,164,168,641 distinct states found (2,902,491 ds/min), 164,865,619 states left on queue.
Progress(47) at 2026-07-17 06:07:27: 40,831,895,360 states generated (28,290,204 s/min), 5,167,138,180 distinct states found (2,969,539 ds/min), 164,239,872 states left on queue.
Progress(47) at 2026-07-17 06:08:27: 40,861,610,140 states generated (29,714,780 s/min), 5,170,007,663 distinct states found (2,869,483 ds/min), 163,395,983 states left on queue.
Progress(47) at 2026-07-17 06:09:27: 40,892,136,835 states generated (30,526,695 s/min), 5,173,124,420 distinct states found (3,116,757 ds/min), 162,802,972 states left on queue.
Progress(47) at 2026-07-17 06:10:27: 40,923,139,214 states generated (31,002,379 s/min), 5,176,401,842 distinct states found (3,277,422 ds/min), 162,346,928 states left on queue.
Progress(47) at 2026-07-17 06:11:27: 40,952,743,397 states generated (29,604,183 s/min), 5,179,466,733 distinct states found (3,064,891 ds/min), 161,727,911 states left on queue.
Progress(47) at 2026-07-17 06:12:27: 40,981,747,610 states generated (29,004,213 s/min), 5,182,475,627 distinct states found (3,008,894 ds/min), 160,991,771 states left on queue.
Progress(47) at 2026-07-17 06:13:27: 41,010,950,786 states generated (29,203,176 s/min), 5,185,313,551 distinct states found (2,837,924 ds/min), 160,254,234 states left on queue.
Progress(47) at 2026-07-17 06:14:27: 41,039,044,969 states generated (28,094,183 s/min), 5,188,273,891 distinct states found (2,960,340 ds/min), 160,014,751 states left on queue.
Progress(47) at 2026-07-17 06:15:27: 41,067,136,621 states generated (28,091,652 s/min), 5,191,248,393 distinct states found (2,974,502 ds/min), 159,778,192 states left on queue.
Progress(47) at 2026-07-17 06:16:27: 41,095,760,710 states generated (28,624,089 s/min), 5,194,129,541 distinct states found (2,881,148 ds/min), 159,363,199 states left on queue.
Progress(47) at 2026-07-17 06:17:27: 41,124,903,141 states generated (29,142,431 s/min), 5,196,984,269 distinct states found (2,854,728 ds/min), 158,814,945 states left on queue.
Progress(47) at 2026-07-17 06:18:41: 41,150,224,452 states generated (25,321,311 s/min), 5,199,468,841 distinct states found (2,484,572 ds/min), 158,169,451 states left on queue.
Progress(47) at 2026-07-17 06:19:41: 41,177,618,157 states generated (27,393,705 s/min), 5,202,207,683 distinct states found (2,738,842 ds/min), 157,458,267 states left on queue.
Progress(47) at 2026-07-17 06:20:41: 41,206,417,465 states generated (28,799,308 s/min), 5,205,137,347 distinct states found (2,929,664 ds/min), 156,821,468 states left on queue.
Progress(47) at 2026-07-17 06:21:41: 41,234,613,899 states generated (28,196,434 s/min), 5,207,724,524 distinct states found (2,587,177 ds/min), 155,904,691 states left on queue.
Progress(48) at 2026-07-17 06:22:41: 41,262,876,225 states generated (28,262,326 s/min), 5,210,641,565 distinct states found (2,917,041 ds/min), 155,310,170 states left on queue.
Checkpointing of run states/26-07-16-05-44-18
Checkpointing completed at (2026-07-17 06:23:45)
Progress(48) at 2026-07-17 06:23:45: 41,292,936,126 states generated (30,059,901 s/min), 5,213,768,698 distinct states found (3,127,133 ds/min), 154,724,981 states left on queue.
Progress(48) at 2026-07-17 06:24:45: 41,322,424,108 states generated (29,487,982 s/min), 5,217,179,837 distinct states found (3,411,139 ds/min), 154,640,337 states left on queue.
Progress(48) at 2026-07-17 06:25:45: 41,351,665,240 states generated (29,241,132 s/min), 5,220,218,524 distinct states found (3,038,687 ds/min), 154,153,467 states left on queue.
Progress(48) at 2026-07-17 06:26:45: 41,380,458,561 states generated (28,793,321 s/min), 5,223,157,058 distinct states found (2,938,534 ds/min), 153,570,517 states left on queue.
Progress(48) at 2026-07-17 06:27:45: 41,408,961,160 states generated (28,502,599 s/min), 5,226,043,849 distinct states found (2,886,791 ds/min), 153,075,572 states left on queue.
Progress(48) at 2026-07-17 06:28:45: 41,436,870,919 states generated (27,909,759 s/min), 5,228,804,394 distinct states found (2,760,545 ds/min), 152,487,990 states left on queue.
Progress(48) at 2026-07-17 06:29:45: 41,465,482,696 states generated (28,611,777 s/min), 5,231,800,008 distinct states found (2,995,614 ds/min), 152,298,344 states left on queue.
Progress(48) at 2026-07-17 06:30:45: 41,493,263,884 states generated (27,781,188 s/min), 5,234,833,288 distinct states found (3,033,280 ds/min), 151,989,758 states left on queue.
Progress(48) at 2026-07-17 06:31:45: 41,521,388,607 states generated (28,124,723 s/min), 5,237,721,695 distinct states found (2,888,407 ds/min), 151,530,755 states left on queue.
Progress(48) at 2026-07-17 06:32:45: 41,549,584,417 states generated (28,195,810 s/min), 5,240,758,885 distinct states found (3,037,190 ds/min), 151,364,379 states left on queue.
Progress(48) at 2026-07-17 06:33:45: 41,577,495,316 states generated (27,910,899 s/min), 5,243,548,024 distinct states found (2,789,139 ds/min), 150,979,542 states left on queue.
Progress(48) at 2026-07-17 06:34:45: 41,604,804,630 states generated (27,309,314 s/min), 5,246,298,462 distinct states found (2,750,438 ds/min), 150,523,316 states left on queue.
Progress(48) at 2026-07-17 06:35:45: 41,632,689,400 states generated (27,884,770 s/min), 5,249,200,332 distinct states found (2,901,870 ds/min), 149,865,453 states left on queue.
Progress(48) at 2026-07-17 06:36:45: 41,659,645,810 states generated (26,956,410 s/min), 5,251,969,217 distinct states found (2,768,885 ds/min), 149,214,626 states left on queue.
Progress(48) at 2026-07-17 06:37:45: 41,688,543,998 states generated (28,898,188 s/min), 5,254,812,531 distinct states found (2,843,314 ds/min), 148,634,942 states left on queue.
Progress(48) at 2026-07-17 06:38:45: 41,716,501,750 states generated (27,957,752 s/min), 5,257,503,465 distinct states found (2,690,934 ds/min), 148,017,269 states left on queue.
Progress(48) at 2026-07-17 06:39:45: 41,747,229,387 states generated (30,727,637 s/min), 5,260,461,543 distinct states found (2,958,078 ds/min), 147,337,378 states left on queue.
Progress(48) at 2026-07-17 06:40:45: 41,776,348,359 states generated (29,118,972 s/min), 5,263,260,527 distinct states found (2,798,984 ds/min), 146,574,992 states left on queue.
Progress(48) at 2026-07-17 06:41:45: 41,805,276,466 states generated (28,928,107 s/min), 5,265,907,748 distinct states found (2,647,221 ds/min), 145,804,604 states left on queue.
Progress(48) at 2026-07-17 06:42:45: 41,834,840,798 states generated (29,564,332 s/min), 5,268,667,518 distinct states found (2,759,770 ds/min), 144,868,428 states left on queue.
Progress(48) at 2026-07-17 06:43:45: 41,864,492,496 states generated (29,651,698 s/min), 5,271,437,481 distinct states found (2,769,963 ds/min), 144,157,433 states left on queue.
Progress(48) at 2026-07-17 06:44:45: 41,893,342,601 states generated (28,850,105 s/min), 5,274,174,947 distinct states found (2,737,466 ds/min), 143,438,104 states left on queue.
Progress(48) at 2026-07-17 06:45:45: 41,922,653,980 states generated (29,311,379 s/min), 5,277,202,249 distinct states found (3,027,302 ds/min), 143,221,191 states left on queue.
Progress(48) at 2026-07-17 06:46:45: 41,952,106,156 states generated (29,452,176 s/min), 5,280,081,009 distinct states found (2,878,760 ds/min), 142,794,233 states left on queue.
Progress(48) at 2026-07-17 06:47:45: 41,981,238,471 states generated (29,132,315 s/min), 5,283,033,234 distinct states found (2,952,225 ds/min), 142,393,817 states left on queue.
Progress(48) at 2026-07-17 06:48:45: 42,010,022,509 states generated (28,784,038 s/min), 5,285,822,416 distinct states found (2,789,182 ds/min), 141,779,086 states left on queue.
Progress(48) at 2026-07-17 06:49:45: 42,040,060,628 states generated (30,038,119 s/min), 5,288,837,898 distinct states found (3,015,482 ds/min), 141,158,350 states left on queue.
Progress(48) at 2026-07-17 06:50:45: 42,070,429,042 states generated (30,368,414 s/min), 5,291,937,458 distinct states found (3,099,560 ds/min), 140,578,817 states left on queue.
Progress(48) at 2026-07-17 06:51:45: 42,100,425,654 states generated (29,996,612 s/min), 5,294,974,049 distinct states found (3,036,591 ds/min), 140,041,910 states left on queue.
Progress(48) at 2026-07-17 06:52:45: 42,129,769,978 states generated (29,344,324 s/min), 5,297,651,088 distinct states found (2,677,039 ds/min), 139,368,138 states left on queue.
Checkpointing of run states/26-07-16-05-44-18
Checkpointing completed at (2026-07-17 06:53:48)
Progress(48) at 2026-07-17 06:53:48: 42,160,354,742 states generated (30,584,764 s/min), 5,300,944,451 distinct states found (3,293,363 ds/min), 139,005,020 states left on queue.
Progress(48) at 2026-07-17 06:54:48: 42,188,345,905 states generated (27,991,163 s/min), 5,303,734,226 distinct states found (2,789,775 ds/min), 138,290,263 states left on queue.
Progress(48) at 2026-07-17 06:55:48: 42,216,874,086 states generated (28,528,181 s/min), 5,306,442,339 distinct states found (2,708,113 ds/min), 137,449,211 states left on queue.
Progress(48) at 2026-07-17 06:56:48: 42,246,618,150 states generated (29,744,064 s/min), 5,309,385,785 distinct states found (2,943,446 ds/min), 136,736,134 states left on queue.
Progress(48) at 2026-07-17 06:57:48: 42,277,235,904 states generated (30,617,754 s/min), 5,312,567,690 distinct states found (3,181,905 ds/min), 136,229,081 states left on queue.
Progress(48) at 2026-07-17 06:58:48: 42,305,993,076 states generated (28,757,172 s/min), 5,315,465,404 distinct states found (2,897,714 ds/min), 135,535,799 states left on queue.
Progress(48) at 2026-07-17 06:59:48: 42,335,003,918 states generated (29,010,842 s/min), 5,318,289,879 distinct states found (2,824,475 ds/min), 134,682,336 states left on queue.
Progress(48) at 2026-07-17 07:00:48: 42,363,024,889 states generated (28,020,971 s/min), 5,321,117,462 distinct states found (2,827,583 ds/min), 134,134,261 states left on queue.
Progress(48) at 2026-07-17 07:01:48: 42,391,448,031 states generated (28,423,142 s/min), 5,324,097,579 distinct states found (2,980,117 ds/min), 133,865,252 states left on queue.
Progress(48) at 2026-07-17 07:02:48: 42,419,523,019 states generated (28,074,988 s/min), 5,326,963,697 distinct states found (2,866,118 ds/min), 133,632,059 states left on queue.
Progress(48) at 2026-07-17 07:03:48: 42,448,537,985 states generated (29,014,966 s/min), 5,329,751,434 distinct states found (2,787,737 ds/min), 132,971,715 states left on queue.
Progress(48) at 2026-07-17 07:04:48: 42,476,431,345 states generated (27,893,360 s/min), 5,332,467,825 distinct states found (2,716,391 ds/min), 132,254,911 states left on queue.
Progress(48) at 2026-07-17 07:05:48: 42,503,877,405 states generated (27,446,060 s/min), 5,335,060,311 distinct states found (2,592,486 ds/min), 131,374,148 states left on queue.
Progress(48) at 2026-07-17 07:06:48: 42,532,713,200 states generated (28,835,795 s/min), 5,337,827,811 distinct states found (2,767,500 ds/min), 130,631,825 states left on queue.
Progress(49) at 2026-07-17 07:07:48: 42,560,278,686 states generated (27,565,486 s/min), 5,340,594,570 distinct states found (2,766,759 ds/min), 129,979,772 states left on queue.
Progress(49) at 2026-07-17 07:08:48: 42,588,140,018 states generated (27,861,332 s/min), 5,343,485,454 distinct states found (2,890,884 ds/min), 129,448,525 states left on queue.
Progress(49) at 2026-07-17 07:09:48: 42,617,328,304 states generated (29,188,286 s/min), 5,346,710,843 distinct states found (3,225,389 ds/min), 129,180,344 states left on queue.
Progress(49) at 2026-07-17 07:10:48: 42,645,978,551 states generated (28,650,247 s/min), 5,349,590,643 distinct states found (2,879,800 ds/min), 128,605,146 states left on queue.
Progress(49) at 2026-07-17 07:11:48: 42,674,676,306 states generated (28,697,755 s/min), 5,352,437,734 distinct states found (2,847,091 ds/min), 127,966,160 states left on queue.
Progress(49) at 2026-07-17 07:12:48: 42,702,514,441 states generated (27,838,135 s/min), 5,355,080,284 distinct states found (2,642,550 ds/min), 127,259,864 states left on queue.
Progress(49) at 2026-07-17 07:13:48: 42,730,669,476 states generated (28,155,035 s/min), 5,358,007,304 distinct states found (2,927,020 ds/min), 127,015,732 states left on queue.
Progress(49) at 2026-07-17 07:14:48: 42,758,155,144 states generated (27,485,668 s/min), 5,360,860,377 distinct states found (2,853,073 ds/min), 126,598,363 states left on queue.
Progress(49) at 2026-07-17 07:15:48: 42,785,918,960 states generated (27,763,816 s/min), 5,363,667,146 distinct states found (2,806,769 ds/min), 126,098,722 states left on queue.
Progress(49) at 2026-07-17 07:16:48: 42,814,275,512 states generated (28,356,552 s/min), 5,366,654,005 distinct states found (2,986,859 ds/min), 125,863,452 states left on queue.
Progress(49) at 2026-07-17 07:17:48: 42,841,497,481 states generated (27,221,969 s/min), 5,369,325,805 distinct states found (2,671,800 ds/min), 125,433,447 states left on queue.
Progress(49) at 2026-07-17 07:19:01: 42,865,402,119 states generated (23,904,638 s/min), 5,371,635,936 distinct states found (2,310,131 ds/min), 124,898,489 states left on queue.
Progress(49) at 2026-07-17 07:20:01: 42,893,001,771 states generated (27,599,652 s/min), 5,374,496,987 distinct states found (2,861,051 ds/min), 124,241,014 states left on queue.
Progress(49) at 2026-07-17 07:21:01: 42,920,802,534 states generated (27,800,763 s/min), 5,377,192,827 distinct states found (2,695,840 ds/min), 123,540,694 states left on queue.
Progress(49) at 2026-07-17 07:22:01: 42,948,493,682 states generated (27,691,148 s/min), 5,379,827,434 distinct states found (2,634,607 ds/min), 122,957,652 states left on queue.
Progress(49) at 2026-07-17 07:23:01: 42,978,180,311 states generated (29,686,629 s/min), 5,382,589,689 distinct states found (2,762,255 ds/min), 122,168,399 states left on queue.
Checkpointing of run states/26-07-16-05-44-18
Checkpointing completed at (2026-07-17 07:24:05)
Progress(49) at 2026-07-17 07:24:05: 43,009,064,409 states generated (30,884,098 s/min), 5,385,429,573 distinct states found (2,839,884 ds/min), 121,289,790 states left on queue.
Progress(49) at 2026-07-17 07:25:05: 43,036,648,421 states generated (27,584,012 s/min), 5,387,829,137 distinct states found (2,399,564 ds/min), 120,335,975 states left on queue.
Progress(49) at 2026-07-17 07:26:05: 43,066,674,615 states generated (30,026,194 s/min), 5,390,664,612 distinct states found (2,835,475 ds/min), 119,579,153 states left on queue.
Progress(49) at 2026-07-17 07:27:05: 43,095,691,770 states generated (29,017,155 s/min), 5,393,377,474 distinct states found (2,712,862 ds/min), 118,831,131 states left on queue.
Progress(49) at 2026-07-17 07:28:05: 43,125,112,761 states generated (29,420,991 s/min), 5,396,355,571 distinct states found (2,978,097 ds/min), 118,551,643 states left on queue.
Progress(49) at 2026-07-17 07:29:05: 43,154,018,732 states generated (28,905,971 s/min), 5,399,143,160 distinct states found (2,787,589 ds/min), 118,058,312 states left on queue.
Progress(49) at 2026-07-17 07:30:05: 43,182,603,279 states generated (28,584,547 s/min), 5,401,977,896 distinct states found (2,834,736 ds/min), 117,545,013 states left on queue.
Progress(49) at 2026-07-17 07:31:05: 43,211,143,930 states generated (28,540,651 s/min), 5,404,701,775 distinct states found (2,723,879 ds/min), 116,831,038 states left on queue.
Progress(49) at 2026-07-17 07:32:05: 43,241,425,372 states generated (30,281,442 s/min), 5,407,719,152 distinct states found (3,017,377 ds/min), 116,180,137 states left on queue.
Progress(49) at 2026-07-17 07:33:05: 43,271,217,558 states generated (29,792,186 s/min), 5,410,670,902 distinct states found (2,951,750 ds/min), 115,574,647 states left on queue.
Progress(49) at 2026-07-17 07:34:05: 43,299,717,199 states generated (28,499,641 s/min), 5,413,303,560 distinct states found (2,632,658 ds/min), 114,911,373 states left on queue.
Progress(49) at 2026-07-17 07:35:05: 43,328,361,856 states generated (28,644,657 s/min), 5,416,218,950 distinct states found (2,915,390 ds/min), 114,368,303 states left on queue.
Progress(49) at 2026-07-17 07:36:05: 43,356,169,584 states generated (27,807,728 s/min), 5,418,959,979 distinct states found (2,741,029 ds/min), 113,604,708 states left on queue.
Progress(49) at 2026-07-17 07:37:05: 43,384,959,110 states generated (28,789,526 s/min), 5,421,669,629 distinct states found (2,709,650 ds/min), 112,756,748 states left on queue.
Progress(49) at 2026-07-17 07:38:05: 43,415,152,933 states generated (30,193,823 s/min), 5,424,719,207 distinct states found (3,049,578 ds/min), 112,186,942 states left on queue.
Progress(49) at 2026-07-17 07:39:05: 43,443,357,092 states generated (28,204,159 s/min), 5,427,507,301 distinct states found (2,788,094 ds/min), 111,449,457 states left on queue.
Progress(49) at 2026-07-17 07:40:05: 43,471,356,795 states generated (27,999,703 s/min), 5,430,219,329 distinct states found (2,712,028 ds/min), 110,642,780 states left on queue.
Progress(49) at 2026-07-17 07:41:05: 43,499,309,809 states generated (27,953,014 s/min), 5,433,065,781 distinct states found (2,846,452 ds/min), 110,287,986 states left on queue.
Progress(49) at 2026-07-17 07:42:05: 43,527,148,924 states generated (27,839,115 s/min), 5,435,900,511 distinct states found (2,834,730 ds/min), 109,993,062 states left on queue.
Progress(49) at 2026-07-17 07:43:05: 43,555,113,703 states generated (27,964,779 s/min), 5,438,532,705 distinct states found (2,632,194 ds/min), 109,307,113 states left on queue.
Progress(49) at 2026-07-17 07:44:05: 43,583,051,181 states generated (27,937,478 s/min), 5,441,184,436 distinct states found (2,651,731 ds/min), 108,579,255 states left on queue.
Progress(49) at 2026-07-17 07:45:05: 43,610,643,588 states generated (27,592,407 s/min), 5,443,802,637 distinct states found (2,618,201 ds/min), 107,769,087 states left on queue.
Progress(50) at 2026-07-17 07:46:05: 43,638,275,067 states generated (27,631,479 s/min), 5,446,273,324 distinct states found (2,470,687 ds/min), 106,808,007 states left on queue.
Progress(50) at 2026-07-17 07:47:05: 43,665,536,364 states generated (27,261,297 s/min), 5,449,133,904 distinct states found (2,860,580 ds/min), 106,335,548 states left on queue.
Progress(50) at 2026-07-17 07:48:05: 43,693,950,114 states generated (28,413,750 s/min), 5,452,226,369 distinct states found (3,092,465 ds/min), 106,024,126 states left on queue.
Progress(50) at 2026-07-17 07:49:05: 43,722,664,509 states generated (28,714,395 s/min), 5,455,060,684 distinct states found (2,834,315 ds/min), 105,372,636 states left on queue.
Progress(50) at 2026-07-17 07:50:05: 43,750,780,292 states generated (28,115,783 s/min), 5,457,747,248 distinct states found (2,686,564 ds/min), 104,669,181 states left on queue.
Progress(50) at 2026-07-17 07:51:05: 43,778,237,764 states generated (27,457,472 s/min), 5,460,391,251 distinct states found (2,644,003 ds/min), 104,048,191 states left on queue.
Progress(50) at 2026-07-17 07:52:05: 43,805,914,894 states generated (27,677,130 s/min), 5,463,134,992 distinct states found (2,743,741 ds/min), 103,620,608 states left on queue.
Progress(50) at 2026-07-17 07:53:05: 43,832,296,371 states generated (26,381,477 s/min), 5,465,743,289 distinct states found (2,608,297 ds/min), 103,050,542 states left on queue.
Checkpointing of run states/26-07-16-05-44-18
Checkpointing completed at (2026-07-17 07:54:08)
Progress(50) at 2026-07-17 07:54:08: 43,862,436,422 states generated (30,140,051 s/min), 5,468,934,077 distinct states found (3,190,788 ds/min), 102,788,665 states left on queue.
Progress(50) at 2026-07-17 07:55:08: 43,889,558,232 states generated (27,121,810 s/min), 5,471,490,556 distinct states found (2,556,479 ds/min), 102,254,907 states left on queue.
Progress(50) at 2026-07-17 07:56:08: 43,916,019,929 states generated (26,461,697 s/min), 5,473,983,291 distinct states found (2,492,735 ds/min), 101,537,144 states left on queue.
Progress(50) at 2026-07-17 07:57:08: 43,942,568,665 states generated (26,548,736 s/min), 5,476,630,574 distinct states found (2,647,283 ds/min), 100,845,048 states left on queue.
Progress(50) at 2026-07-17 07:58:08: 43,970,338,979 states generated (27,770,314 s/min), 5,479,294,048 distinct states found (2,663,474 ds/min), 100,248,465 states left on queue.
Progress(50) at 2026-07-17 07:59:08: 43,999,330,261 states generated (28,991,282 s/min), 5,481,888,088 distinct states found (2,594,040 ds/min), 99,419,383 states left on queue.
Progress(50) at 2026-07-17 08:00:08: 44,028,216,024 states generated (28,885,763 s/min), 5,484,456,509 distinct states found (2,568,421 ds/min), 98,510,456 states left on queue.
Progress(50) at 2026-07-17 08:01:08: 44,057,070,064 states generated (28,854,040 s/min), 5,487,036,014 distinct states found (2,579,505 ds/min), 97,567,805 states left on queue.
Progress(50) at 2026-07-17 08:02:08: 44,085,656,965 states generated (28,586,901 s/min), 5,489,600,008 distinct states found (2,563,994 ds/min), 96,714,735 states left on queue.
Progress(50) at 2026-07-17 08:03:08: 44,114,500,578 states generated (28,843,613 s/min), 5,492,466,415 distinct states found (2,866,407 ds/min), 96,365,655 states left on queue.
Progress(50) at 2026-07-17 08:04:08: 44,143,066,899 states generated (28,566,321 s/min), 5,495,170,145 distinct states found (2,703,730 ds/min), 95,828,332 states left on queue.
Progress(50) at 2026-07-17 08:05:08: 44,171,171,368 states generated (28,104,469 s/min), 5,497,832,202 distinct states found (2,662,057 ds/min), 95,192,547 states left on queue.
Progress(50) at 2026-07-17 08:06:08: 44,200,094,274 states generated (28,922,906 s/min), 5,500,607,406 distinct states found (2,775,204 ds/min), 94,432,856 states left on queue.
Progress(50) at 2026-07-17 08:07:08: 44,229,685,309 states generated (29,591,035 s/min), 5,503,566,830 distinct states found (2,959,424 ds/min), 93,847,544 states left on queue.
Progress(50) at 2026-07-17 08:08:09: 44,258,260,387 states generated (28,575,078 s/min), 5,506,145,174 distinct states found (2,578,344 ds/min), 93,072,071 states left on queue.
Progress(50) at 2026-07-17 08:09:09: 44,286,350,360 states generated (28,089,973 s/min), 5,508,942,762 distinct states found (2,797,588 ds/min), 92,464,359 states left on queue.
Progress(50) at 2026-07-17 08:10:09: 44,314,152,116 states generated (27,801,756 s/min), 5,511,550,285 distinct states found (2,607,523 ds/min), 91,584,488 states left on queue.
Progress(50) at 2026-07-17 08:11:09: 44,344,015,248 states generated (29,863,132 s/min), 5,514,411,217 distinct states found (2,860,932 ds/min), 90,887,046 states left on queue.
Progress(50) at 2026-07-17 08:12:09: 44,372,314,823 states generated (28,299,575 s/min), 5,517,205,244 distinct states found (2,794,027 ds/min), 90,132,164 states left on queue.
Progress(50) at 2026-07-17 08:13:09: 44,400,126,781 states generated (27,811,958 s/min), 5,519,835,992 distinct states found (2,630,748 ds/min), 89,281,481 states left on queue.
Progress(50) at 2026-07-17 08:14:09: 44,427,841,284 states generated (27,714,503 s/min), 5,522,636,940 distinct states found (2,800,948 ds/min), 88,887,701 states left on queue.
Progress(50) at 2026-07-17 08:15:09: 44,455,220,033 states generated (27,378,749 s/min), 5,525,319,867 distinct states found (2,682,927 ds/min), 88,494,295 states left on queue.
Progress(50) at 2026-07-17 08:16:09: 44,482,927,672 states generated (27,707,639 s/min), 5,527,826,046 distinct states found (2,506,179 ds/min), 87,695,874 states left on queue.
Progress(50) at 2026-07-17 08:17:09: 44,510,030,211 states generated (27,102,539 s/min), 5,530,364,130 distinct states found (2,538,084 ds/min), 86,855,492 states left on queue.
Progress(51) at 2026-07-17 08:18:09: 44,537,070,773 states generated (27,040,562 s/min), 5,532,871,494 distinct states found (2,507,364 ds/min), 86,030,100 states left on queue.
Progress(51) at 2026-07-17 08:19:23: 44,560,625,005 states generated (23,554,232 s/min), 5,535,285,392 distinct states found (2,413,898 ds/min), 85,571,843 states left on queue.
Progress(51) at 2026-07-17 08:20:23: 44,588,791,820 states generated (28,166,815 s/min), 5,538,183,149 distinct states found (2,897,757 ds/min), 85,087,532 states left on queue.
Progress(51) at 2026-07-17 08:21:23: 44,616,437,800 states generated (27,645,980 s/min), 5,540,847,407 distinct states found (2,664,258 ds/min), 84,341,145 states left on queue.
Progress(51) at 2026-07-17 08:22:23: 44,643,759,000 states generated (27,321,200 s/min), 5,543,313,584 distinct states found (2,466,177 ds/min), 83,565,202 states left on queue.
Progress(51) at 2026-07-17 08:23:24: 44,671,109,266 states generated (27,350,266 s/min), 5,545,983,203 distinct states found (2,669,619 ds/min), 83,130,155 states left on queue.
Checkpointing of run states/26-07-16-05-44-18
Checkpointing completed at (2026-07-17 08:24:27)
Progress(51) at 2026-07-17 08:24:27: 44,699,292,262 states generated (28,182,996 s/min), 5,548,738,038 distinct states found (2,754,835 ds/min), 82,495,022 states left on queue.
Progress(51) at 2026-07-17 08:25:27: 44,726,869,801 states generated (27,577,539 s/min), 5,551,519,274 distinct states found (2,781,236 ds/min), 82,138,687 states left on queue.
Progress(51) at 2026-07-17 08:26:27: 44,753,356,441 states generated (26,486,640 s/min), 5,553,982,442 distinct states found (2,463,168 ds/min), 81,564,013 states left on queue.
Progress(51) at 2026-07-17 08:27:27: 44,779,939,018 states generated (26,582,577 s/min), 5,556,509,744 distinct states found (2,527,302 ds/min), 80,768,969 states left on queue.
Progress(51) at 2026-07-17 08:28:27: 44,806,779,962 states generated (26,840,944 s/min), 5,559,001,086 distinct states found (2,491,342 ds/min), 80,040,074 states left on queue.
Progress(51) at 2026-07-17 08:29:27: 44,835,228,965 states generated (28,449,003 s/min), 5,561,510,727 distinct states found (2,509,641 ds/min), 79,186,605 states left on queue.
Progress(51) at 2026-07-17 08:30:27: 44,863,093,015 states generated (27,864,050 s/min), 5,563,871,918 distinct states found (2,361,191 ds/min), 78,200,966 states left on queue.
Progress(51) at 2026-07-17 08:31:27: 44,891,739,978 states generated (28,646,963 s/min), 5,566,412,873 distinct states found (2,540,955 ds/min), 77,248,967 states left on queue.
Progress(51) at 2026-07-17 08:32:27: 44,920,213,195 states generated (28,473,217 s/min), 5,569,174,759 distinct states found (2,761,886 ds/min), 76,815,903 states left on queue.
Progress(51) at 2026-07-17 08:33:27: 44,948,276,843 states generated (28,063,648 s/min), 5,571,763,023 distinct states found (2,588,264 ds/min), 76,201,998 states left on queue.
Progress(51) at 2026-07-17 08:34:27: 44,975,782,940 states generated (27,506,097 s/min), 5,574,302,273 distinct states found (2,539,250 ds/min), 75,465,352 states left on queue.
Progress(51) at 2026-07-17 08:35:27: 45,005,532,064 states generated (29,749,124 s/min), 5,577,200,542 distinct states found (2,898,269 ds/min), 74,776,465 states left on queue.
Progress(51) at 2026-07-17 08:36:27: 45,034,220,352 states generated (28,688,288 s/min), 5,579,810,272 distinct states found (2,609,730 ds/min), 73,974,869 states left on queue.
Progress(51) at 2026-07-17 08:37:27: 45,061,810,326 states generated (27,589,974 s/min), 5,582,490,975 distinct states found (2,680,703 ds/min), 73,294,768 states left on queue.
Progress(51) at 2026-07-17 08:38:27: 45,089,499,326 states generated (27,689,000 s/min), 5,585,057,739 distinct states found (2,566,764 ds/min), 72,409,495 states left on queue.
Progress(51) at 2026-07-17 08:39:27: 45,118,622,265 states generated (29,122,939 s/min), 5,587,860,714 distinct states found (2,802,975 ds/min), 71,690,606 states left on queue.
Progress(51) at 2026-07-17 08:40:27: 45,145,984,586 states generated (27,362,321 s/min), 5,590,409,206 distinct states found (2,548,492 ds/min), 70,799,146 states left on queue.
Progress(51) at 2026-07-17 08:41:27: 45,173,436,704 states generated (27,452,118 s/min), 5,593,102,605 distinct states found (2,693,399 ds/min), 70,305,903 states left on queue.
Progress(51) at 2026-07-17 08:42:27: 45,200,519,048 states generated (27,082,344 s/min), 5,595,676,582 distinct states found (2,573,977 ds/min), 69,783,802 states left on queue.
Progress(51) at 2026-07-17 08:43:27: 45,227,740,184 states generated (27,221,136 s/min), 5,598,119,336 distinct states found (2,442,754 ds/min), 68,954,622 states left on queue.
Progress(52) at 2026-07-17 08:44:27: 45,254,839,843 states generated (27,099,659 s/min), 5,600,545,719 distinct states found (2,426,383 ds/min), 68,019,860 states left on queue.
Progress(52) at 2026-07-17 08:45:27: 45,281,848,264 states generated (27,008,421 s/min), 5,603,285,768 distinct states found (2,740,049 ds/min), 67,500,015 states left on queue.
Progress(52) at 2026-07-17 08:46:27: 45,309,816,654 states generated (27,968,390 s/min), 5,606,070,548 distinct states found (2,784,780 ds/min), 66,878,632 states left on queue.
Progress(52) at 2026-07-17 08:47:27: 45,337,010,233 states generated (27,193,579 s/min), 5,608,491,909 distinct states found (2,421,361 ds/min), 65,985,949 states left on queue.
Progress(52) at 2026-07-17 08:48:27: 45,364,302,326 states generated (27,292,093 s/min), 5,611,086,151 distinct states found (2,594,242 ds/min), 65,478,182 states left on queue.
Progress(52) at 2026-07-17 08:49:27: 45,390,759,172 states generated (26,456,846 s/min), 5,613,571,926 distinct states found (2,485,775 ds/min), 64,785,684 states left on queue.
Progress(52) at 2026-07-17 08:50:27: 45,418,127,165 states generated (27,367,993 s/min), 5,616,235,347 distinct states found (2,663,421 ds/min), 64,329,146 states left on queue.
Progress(52) at 2026-07-17 08:51:27: 45,444,451,027 states generated (26,323,862 s/min), 5,618,577,195 distinct states found (2,341,848 ds/min), 63,565,390 states left on queue.
Progress(52) at 2026-07-17 08:52:27: 45,471,438,065 states generated (26,987,038 s/min), 5,621,098,542 distinct states found (2,521,347 ds/min), 62,770,460 states left on queue.
Progress(52) at 2026-07-17 08:53:27: 45,499,251,282 states generated (27,813,217 s/min), 5,623,505,962 distinct states found (2,407,420 ds/min), 61,898,133 states left on queue.
Checkpointing of run states/26-07-16-05-44-18
Checkpointing completed at (2026-07-17 08:54:31)
Progress(52) at 2026-07-17 08:54:31: 45,529,253,348 states generated (30,002,066 s/min), 5,626,052,775 distinct states found (2,546,813 ds/min), 60,826,758 states left on queue.
Progress(52) at 2026-07-17 08:55:31: 45,557,360,469 states generated (28,107,121 s/min), 5,628,598,814 distinct states found (2,546,039 ds/min), 60,102,856 states left on queue.
Progress(52) at 2026-07-17 08:56:31: 45,585,416,558 states generated (28,056,089 s/min), 5,631,180,277 distinct states found (2,581,463 ds/min), 59,496,385 states left on queue.
Progress(52) at 2026-07-17 08:57:31: 45,613,422,632 states generated (28,006,074 s/min), 5,633,753,282 distinct states found (2,573,005 ds/min), 58,725,125 states left on queue.
Progress(52) at 2026-07-17 08:58:31: 45,642,659,220 states generated (29,236,588 s/min), 5,636,562,411 distinct states found (2,809,129 ds/min), 57,972,428 states left on queue.
Progress(52) at 2026-07-17 08:59:31: 45,670,544,287 states generated (27,885,067 s/min), 5,639,113,862 distinct states found (2,551,451 ds/min), 57,207,638 states left on queue.
Progress(52) at 2026-07-17 09:00:31: 45,698,059,262 states generated (27,514,975 s/min), 5,641,587,754 distinct states found (2,473,892 ds/min), 56,263,982 states left on queue.
Progress(52) at 2026-07-17 09:01:31: 45,726,567,899 states generated (28,508,637 s/min), 5,644,266,810 distinct states found (2,679,056 ds/min), 55,450,997 states left on queue.
Progress(52) at 2026-07-17 09:02:31: 45,753,824,366 states generated (27,256,467 s/min), 5,646,871,099 distinct states found (2,604,289 ds/min), 54,781,081 states left on queue.
Progress(52) at 2026-07-17 09:03:31: 45,780,907,527 states generated (27,083,161 s/min), 5,649,434,996 distinct states found (2,563,897 ds/min), 54,255,978 states left on queue.
Progress(52) at 2026-07-17 09:04:31: 45,808,049,780 states generated (27,142,253 s/min), 5,651,788,246 distinct states found (2,353,250 ds/min), 53,306,111 states left on queue.
Progress(53) at 2026-07-17 09:05:31: 45,834,910,569 states generated (26,860,789 s/min), 5,654,332,402 distinct states found (2,544,156 ds/min), 52,568,856 states left on queue.
Progress(53) at 2026-07-17 09:06:31: 45,862,382,881 states generated (27,472,312 s/min), 5,656,999,818 distinct states found (2,667,416 ds/min), 51,897,251 states left on queue.
Progress(53) at 2026-07-17 09:07:31: 45,889,680,539 states generated (27,297,658 s/min), 5,659,410,530 distinct states found (2,410,712 ds/min), 50,980,271 states left on queue.
Progress(53) at 2026-07-17 09:08:31: 45,916,689,041 states generated (27,008,502 s/min), 5,661,907,092 distinct states found (2,496,562 ds/min), 50,364,177 states left on queue.
Progress(53) at 2026-07-17 09:09:31: 45,943,768,350 states generated (27,079,309 s/min), 5,664,436,216 distinct states found (2,529,124 ds/min), 49,706,054 states left on queue.
Progress(53) at 2026-07-17 09:10:31: 45,970,339,898 states generated (26,571,548 s/min), 5,666,848,496 distinct states found (2,412,280 ds/min), 49,081,085 states left on queue.
Progress(53) at 2026-07-17 09:11:31: 45,996,911,740 states generated (26,571,842 s/min), 5,669,214,249 distinct states found (2,365,753 ds/min), 48,170,389 states left on queue.
Progress(53) at 2026-07-17 09:12:31: 46,024,820,289 states generated (27,908,549 s/min), 5,671,551,980 distinct states found (2,337,731 ds/min), 47,213,365 states left on queue.
Progress(53) at 2026-07-17 09:13:31: 46,052,562,519 states generated (27,742,230 s/min), 5,673,880,972 distinct states found (2,328,992 ds/min), 46,208,064 states left on queue.
Progress(53) at 2026-07-17 09:14:31: 46,080,829,510 states generated (28,266,991 s/min), 5,676,495,635 distinct states found (2,614,663 ds/min), 45,610,027 states left on queue.
Progress(53) at 2026-07-17 09:15:31: 46,109,034,405 states generated (28,204,895 s/min), 5,679,009,756 distinct states found (2,514,121 ds/min), 44,748,721 states left on queue.
Progress(53) at 2026-07-17 09:16:31: 46,137,792,661 states generated (28,758,256 s/min), 5,681,652,066 distinct states found (2,642,310 ds/min), 43,935,952 states left on queue.
Progress(53) at 2026-07-17 09:17:31: 46,165,188,226 states generated (27,395,565 s/min), 5,684,122,592 distinct states found (2,470,526 ds/min), 43,002,372 states left on queue.
Progress(53) at 2026-07-17 09:18:31: 46,193,499,810 states generated (28,311,584 s/min), 5,686,744,842 distinct states found (2,622,250 ds/min), 42,165,696 states left on queue.
Progress(53) at 2026-07-17 09:19:41: 46,217,284,542 states generated (23,784,732 s/min), 5,688,947,855 distinct states found (2,203,013 ds/min), 41,558,255 states left on queue.
Progress(53) at 2026-07-17 09:20:41: 46,244,530,078 states generated (27,245,536 s/min), 5,691,423,113 distinct states found (2,475,258 ds/min), 40,886,197 states left on queue.
Progress(54) at 2026-07-17 09:21:41: 46,271,282,524 states generated (26,752,446 s/min), 5,693,795,310 distinct states found (2,372,197 ds/min), 39,961,732 states left on queue.
Progress(54) at 2026-07-17 09:22:41: 46,298,474,097 states generated (27,191,573 s/min), 5,696,374,720 distinct states found (2,579,410 ds/min), 39,241,893 states left on queue.
Progress(54) at 2026-07-17 09:23:41: 46,325,640,922 states generated (27,166,825 s/min), 5,698,759,153 distinct states found (2,384,433 ds/min), 38,360,659 states left on queue.
Checkpointing of run states/26-07-16-05-44-18
Checkpointing completed at (2026-07-17 09:24:44)
Progress(54) at 2026-07-17 09:24:44: 46,353,821,128 states generated (28,180,206 s/min), 5,701,281,342 distinct states found (2,522,189 ds/min), 37,580,500 states left on queue.
Progress(54) at 2026-07-17 09:25:44: 46,380,657,072 states generated (26,835,944 s/min), 5,703,696,456 distinct states found (2,415,114 ds/min), 36,919,322 states left on queue.
Progress(54) at 2026-07-17 09:26:44: 46,407,096,736 states generated (26,439,664 s/min), 5,705,965,041 distinct states found (2,268,585 ds/min), 35,989,267 states left on queue.
Progress(54) at 2026-07-17 09:27:44: 46,435,275,654 states generated (28,178,918 s/min), 5,708,240,477 distinct states found (2,275,436 ds/min), 34,855,654 states left on queue.
Progress(54) at 2026-07-17 09:28:44: 46,463,335,895 states generated (28,060,241 s/min), 5,710,751,218 distinct states found (2,510,741 ds/min), 34,162,830 states left on queue.
Progress(54) at 2026-07-17 09:29:44: 46,491,670,481 states generated (28,334,586 s/min), 5,713,273,919 distinct states found (2,522,701 ds/min), 33,285,838 states left on queue.
Progress(54) at 2026-07-17 09:30:44: 46,519,419,185 states generated (27,748,704 s/min), 5,715,766,488 distinct states found (2,492,569 ds/min), 32,378,583 states left on queue.
Progress(54) at 2026-07-17 09:31:44: 46,547,546,087 states generated (28,126,902 s/min), 5,718,274,477 distinct states found (2,507,989 ds/min), 31,418,105 states left on queue.
Progress(54) at 2026-07-17 09:32:45: 46,574,706,676 states generated (27,160,589 s/min), 5,720,791,547 distinct states found (2,517,070 ds/min), 30,769,012 states left on queue.
Progress(55) at 2026-07-17 09:33:45: 46,601,759,436 states generated (27,052,760 s/min), 5,723,066,314 distinct states found (2,274,767 ds/min), 29,780,882 states left on queue.
Progress(55) at 2026-07-17 09:34:45: 46,628,759,562 states generated (27,000,126 s/min), 5,725,586,649 distinct states found (2,520,335 ds/min), 29,021,673 states left on queue.
Progress(55) at 2026-07-17 09:35:45: 46,655,664,835 states generated (26,905,273 s/min), 5,727,885,636 distinct states found (2,298,987 ds/min), 28,142,416 states left on queue.
Progress(55) at 2026-07-17 09:36:45: 46,682,496,550 states generated (26,831,715 s/min), 5,730,254,979 distinct states found (2,369,343 ds/min), 27,381,681 states left on queue.
Progress(55) at 2026-07-17 09:37:45: 46,708,828,089 states generated (26,331,539 s/min), 5,732,446,163 distinct states found (2,191,184 ds/min), 26,423,418 states left on queue.
Progress(55) at 2026-07-17 09:38:45: 46,737,042,975 states generated (28,214,886 s/min), 5,734,769,514 distinct states found (2,323,351 ds/min), 25,394,301 states left on queue.
Progress(55) at 2026-07-17 09:39:45: 46,765,007,946 states generated (27,964,971 s/min), 5,737,175,807 distinct states found (2,406,293 ds/min), 24,496,836 states left on queue.
Progress(55) at 2026-07-17 09:40:45: 46,792,946,210 states generated (27,938,264 s/min), 5,739,653,714 distinct states found (2,477,907 ds/min), 23,550,376 states left on queue.
Progress(55) at 2026-07-17 09:41:45: 46,820,743,701 states generated (27,797,491 s/min), 5,742,157,396 distinct states found (2,503,682 ds/min), 22,679,863 states left on queue.
Progress(55) at 2026-07-17 09:42:45: 46,847,886,614 states generated (27,142,913 s/min), 5,744,492,811 distinct states found (2,335,415 ds/min), 21,814,093 states left on queue.
Progress(56) at 2026-07-17 09:43:45: 46,874,699,249 states generated (26,812,635 s/min), 5,746,859,183 distinct states found (2,366,372 ds/min), 20,899,391 states left on queue.
Progress(56) at 2026-07-17 09:44:45: 46,901,454,690 states generated (26,755,441 s/min), 5,749,103,760 distinct states found (2,244,577 ds/min), 19,999,233 states left on queue.
Progress(56) at 2026-07-17 09:45:45: 46,927,914,341 states generated (26,459,651 s/min), 5,751,310,633 distinct states found (2,206,873 ds/min), 19,078,563 states left on queue.
Progress(56) at 2026-07-17 09:46:45: 46,955,859,966 states generated (27,945,625 s/min), 5,753,593,551 distinct states found (2,282,918 ds/min), 18,063,540 states left on queue.
Progress(56) at 2026-07-17 09:47:45: 46,983,914,218 states generated (28,054,252 s/min), 5,756,006,696 distinct states found (2,413,145 ds/min), 17,087,666 states left on queue.
Progress(56) at 2026-07-17 09:48:45: 47,011,405,843 states generated (27,491,625 s/min), 5,758,408,738 distinct states found (2,402,042 ds/min), 16,133,536 states left on queue.
Progress(57) at 2026-07-17 09:49:45: 47,038,214,360 states generated (26,808,517 s/min), 5,760,678,948 distinct states found (2,270,210 ds/min), 15,202,529 states left on queue.
Progress(57) at 2026-07-17 09:50:45: 47,064,946,511 states generated (26,732,151 s/min), 5,762,897,880 distinct states found (2,218,932 ds/min), 14,217,853 states left on queue.
Progress(57) at 2026-07-17 09:51:45: 47,091,926,105 states generated (26,979,594 s/min), 5,765,075,386 distinct states found (2,177,506 ds/min), 13,207,010 states left on queue.
Progress(57) at 2026-07-17 09:52:45: 47,119,971,417 states generated (28,045,312 s/min), 5,767,407,774 distinct states found (2,332,388 ds/min), 12,198,843 states left on queue.
Progress(57) at 2026-07-17 09:53:45: 47,147,440,722 states generated (27,469,305 s/min), 5,769,756,175 distinct states found (2,348,401 ds/min), 11,187,122 states left on queue.
Checkpointing of run states/26-07-16-05-44-18
Checkpointing completed at (2026-07-17 09:54:49)
Progress(58) at 2026-07-17 09:54:49: 47,176,027,972 states generated (28,587,250 s/min), 5,772,122,408 distinct states found (2,366,233 ds/min), 10,107,979 states left on queue.
Progress(58) at 2026-07-17 09:55:49: 47,202,616,059 states generated (26,588,087 s/min), 5,774,206,095 distinct states found (2,083,687 ds/min), 9,052,737 states left on queue.
Progress(58) at 2026-07-17 09:56:49: 47,230,467,934 states generated (27,851,875 s/min), 5,776,488,761 distinct states found (2,282,666 ds/min), 7,969,913 states left on queue.
Progress(59) at 2026-07-17 09:57:49: 47,257,372,810 states generated (26,904,876 s/min), 5,778,726,952 distinct states found (2,238,191 ds/min), 6,962,587 states left on queue.
Progress(59) at 2026-07-17 09:58:49: 47,284,264,714 states generated (26,891,904 s/min), 5,780,797,466 distinct states found (2,070,514 ds/min), 5,838,615 states left on queue.
Progress(60) at 2026-07-17 09:59:49: 47,311,497,103 states generated (27,232,389 s/min), 5,783,014,819 distinct states found (2,217,353 ds/min), 4,745,542 states left on queue.
Progress(60) at 2026-07-17 10:00:49: 47,338,509,855 states generated (27,012,752 s/min), 5,785,077,415 distinct states found (2,062,596 ds/min), 3,556,472 states left on queue.
Progress(61) at 2026-07-17 10:01:49: 47,365,301,784 states generated (26,791,929 s/min), 5,787,121,180 distinct states found (2,043,765 ds/min), 2,366,130 states left on queue.
Progress(63) at 2026-07-17 10:02:49: 47,392,126,369 states generated (26,824,585 s/min), 5,789,159,271 distinct states found (2,038,091 ds/min), 1,128,575 states left on queue.
Model checking completed. No error has been found.
  Estimates of the probability that TLC did not check all reachable states
  because two distinct states had the same fingerprint:
  calculated (optimistic):  val = 13
  based on the actual fingerprints:  val = 1.0
47413272901 states generated, 5790643586 distinct states found, 0 states left on queue.
The depth of the complete state graph search is 76.
The average outdegree of the complete state graph is 1 (minimum is 0, the maximum 10 and the 95th percentile is 1).
Finished in 1d 04h at (2026-07-17 10:07:19)
