TLC2 Version 2.19 of 08 August 2024 (rev: 5a47802)
Running breadth-first search Model-Checking with fp 32 and seed 4163142440447058310 with 80 workers on 80 cores with 127431MB heap and 64MB offheap memory [pid: 70020] (Linux 5.15.0-187-generic amd64, Ubuntu 11.0.32 x86_64, MSBDiskFPSet, DiskStateQueue).
Parsing file /home/yin/TLA/sc.tla
Parsing file /tmp/Naturals.tla
Parsing file /tmp/Sequences.tla
Parsing file /tmp/TLC.tla
Parsing file /tmp/FiniteSets.tla
Semantic processing of module Naturals
Semantic processing of module Sequences
Semantic processing of module FiniteSets
Semantic processing of module TLC
Semantic processing of module sc
Starting... (2026-09-05 05:23:15)
Computing initial states...
Finished computing initial states: 1 distinct state generated at 2026-09-05 05:23:16.
Progress(16) at 2026-09-05 05:23:19: 243,482 states generated (243,482 s/min), 79,351 distinct states found (79,351 ds/min), 50,926 states left on queue.
Progress(21) at 2026-09-05 05:24:19: 25,438,988 states generated (25,195,506 s/min), 6,178,047 distinct states found (6,098,696 ds/min), 3,186,456 states left on queue.
Progress(22) at 2026-09-05 05:25:19: 50,932,454 states generated (25,493,466 s/min), 11,818,542 distinct states found (5,640,495 ds/min), 5,772,772 states left on queue.
Progress(22) at 2026-09-05 05:26:19: 76,363,118 states generated (25,430,664 s/min), 17,199,565 distinct states found (5,381,023 ds/min), 8,058,097 states left on queue.
Progress(23) at 2026-09-05 05:27:19: 101,919,558 states generated (25,556,440 s/min), 22,551,969 distinct states found (5,352,404 ds/min), 10,344,525 states left on queue.
Progress(23) at 2026-09-05 05:28:19: 127,539,558 states generated (25,620,000 s/min), 27,717,913 distinct states found (5,165,944 ds/min), 12,336,329 states left on queue.
Progress(24) at 2026-09-05 05:29:19: 153,978,952 states generated (26,439,394 s/min), 33,147,085 distinct states found (5,429,172 ds/min), 14,586,403 states left on queue.
Progress(24) at 2026-09-05 05:30:19: 179,263,216 states generated (25,284,264 s/min), 38,190,613 distinct states found (5,043,528 ds/min), 16,552,712 states left on queue.
Progress(24) at 2026-09-05 05:31:19: 204,637,799 states generated (25,374,583 s/min), 43,118,646 distinct states found (4,928,033 ds/min), 18,356,219 states left on queue.
Progress(24) at 2026-09-05 05:32:19: 231,290,034 states generated (26,652,235 s/min), 48,251,279 distinct states found (5,132,633 ds/min), 20,146,850 states left on queue.
Progress(24) at 2026-09-05 05:33:19: 256,751,366 states generated (25,461,332 s/min), 53,231,051 distinct states found (4,979,772 ds/min), 22,039,674 states left on queue.
Progress(25) at 2026-09-05 05:34:19: 283,490,953 states generated (26,739,587 s/min), 58,415,913 distinct states found (5,184,862 ds/min), 24,002,257 states left on queue.
Progress(25) at 2026-09-05 05:35:19: 308,711,997 states generated (25,221,044 s/min), 63,275,862 distinct states found (4,859,949 ds/min), 25,769,018 states left on queue.
Progress(25) at 2026-09-05 05:36:19: 335,530,532 states generated (26,818,535 s/min), 68,226,258 distinct states found (4,950,396 ds/min), 27,456,620 states left on queue.
Progress(25) at 2026-09-05 05:37:19: 362,256,847 states generated (26,726,315 s/min), 73,265,761 distinct states found (5,039,503 ds/min), 29,114,206 states left on queue.
Progress(25) at 2026-09-05 05:38:19: 387,975,043 states generated (25,718,196 s/min), 77,967,616 distinct states found (4,701,855 ds/min), 30,569,712 states left on queue.
Progress(25) at 2026-09-05 05:39:19: 414,401,555 states generated (26,426,512 s/min), 82,961,869 distinct states found (4,994,253 ds/min), 32,241,068 states left on queue.
Progress(26) at 2026-09-05 05:40:19: 440,702,072 states generated (26,300,517 s/min), 87,834,241 distinct states found (4,872,372 ds/min), 33,972,444 states left on queue.
Progress(26) at 2026-09-05 05:41:19: 467,822,339 states generated (27,120,267 s/min), 92,958,126 distinct states found (5,123,885 ds/min), 35,830,459 states left on queue.
Progress(26) at 2026-09-05 05:42:19: 494,449,807 states generated (26,627,468 s/min), 97,830,181 distinct states found (4,872,055 ds/min), 37,444,451 states left on queue.
Progress(26) at 2026-09-05 05:43:19: 520,127,421 states generated (25,677,614 s/min), 102,541,038 distinct states found (4,710,857 ds/min), 38,964,196 states left on queue.
Progress(26) at 2026-09-05 05:44:19: 547,081,345 states generated (26,953,924 s/min), 107,311,799 distinct states found (4,770,761 ds/min), 40,425,764 states left on queue.
Progress(26) at 2026-09-05 05:45:19: 574,277,862 states generated (27,196,517 s/min), 112,294,619 distinct states found (4,982,820 ds/min), 42,010,495 states left on queue.
Progress(26) at 2026-09-05 05:46:19: 599,270,164 states generated (24,992,302 s/min), 116,734,944 distinct states found (4,440,325 ds/min), 43,280,002 states left on queue.
Progress(26) at 2026-09-05 05:47:19: 626,571,003 states generated (27,300,839 s/min), 121,532,830 distinct states found (4,797,886 ds/min), 44,598,738 states left on queue.
Progress(26) at 2026-09-05 05:48:20: 653,481,753 states generated (26,910,750 s/min), 126,418,387 distinct states found (4,885,557 ds/min), 46,026,493 states left on queue.
Progress(26) at 2026-09-05 05:49:20: 680,443,283 states generated (26,961,530 s/min), 131,210,498 distinct states found (4,792,111 ds/min), 47,524,069 states left on queue.
Progress(26) at 2026-09-05 05:50:20: 706,936,622 states generated (26,493,339 s/min), 135,970,603 distinct states found (4,760,105 ds/min), 49,105,869 states left on queue.
Progress(27) at 2026-09-05 05:51:20: 734,665,507 states generated (27,728,885 s/min), 140,972,829 distinct states found (5,002,226 ds/min), 50,756,445 states left on queue.
Progress(27) at 2026-09-05 05:52:20: 761,539,299 states generated (26,873,792 s/min), 145,830,821 distinct states found (4,857,992 ds/min), 52,338,089 states left on queue.
Checkpointing of run states/26-09-05-05-23-15
Checkpointing completed at (2026-09-05 05:53:20)
Progress(27) at 2026-09-05 05:53:20: 788,769,464 states generated (27,230,165 s/min), 150,566,285 distinct states found (4,735,464 ds/min), 53,713,369 states left on queue.
Progress(27) at 2026-09-05 05:54:20: 813,064,249 states generated (24,294,785 s/min), 154,921,047 distinct states found (4,354,762 ds/min), 55,085,797 states left on queue.
Progress(27) at 2026-09-05 05:55:20: 840,860,057 states generated (27,795,808 s/min), 159,735,339 distinct states found (4,814,292 ds/min), 56,417,027 states left on queue.
Progress(27) at 2026-09-05 05:56:20: 868,044,413 states generated (27,184,356 s/min), 164,418,763 distinct states found (4,683,424 ds/min), 57,771,446 states left on queue.
Progress(27) at 2026-09-05 05:57:20: 895,987,909 states generated (27,943,496 s/min), 169,172,367 distinct states found (4,753,604 ds/min), 59,093,117 states left on queue.
Progress(27) at 2026-09-05 05:58:20: 921,948,668 states generated (25,960,759 s/min), 173,701,196 distinct states found (4,528,829 ds/min), 60,258,864 states left on queue.
Progress(27) at 2026-09-05 05:59:20: 949,103,863 states generated (27,155,195 s/min), 178,407,293 distinct states found (4,706,097 ds/min), 61,522,208 states left on queue.
Progress(27) at 2026-09-05 06:00:20: 976,964,502 states generated (27,860,639 s/min), 183,087,206 distinct states found (4,679,913 ds/min), 62,647,894 states left on queue.
Progress(27) at 2026-09-05 06:01:20: 1,004,288,275 states generated (27,323,773 s/min), 187,788,834 distinct states found (4,701,628 ds/min), 63,828,817 states left on queue.
Progress(27) at 2026-09-05 06:02:20: 1,031,905,692 states generated (27,617,417 s/min), 192,688,996 distinct states found (4,900,162 ds/min), 65,289,740 states left on queue.
Progress(27) at 2026-09-05 06:03:20: 1,058,940,588 states generated (27,034,896 s/min), 197,257,793 distinct states found (4,568,797 ds/min), 66,432,591 states left on queue.
Progress(27) at 2026-09-05 06:04:20: 1,085,526,088 states generated (26,585,500 s/min), 201,899,830 distinct states found (4,642,037 ds/min), 67,895,878 states left on queue.
Progress(28) at 2026-09-05 06:05:20: 1,113,427,542 states generated (27,901,454 s/min), 206,609,412 distinct states found (4,709,582 ds/min), 69,203,482 states left on queue.
Progress(28) at 2026-09-05 06:06:20: 1,141,705,528 states generated (28,277,986 s/min), 211,561,293 distinct states found (4,951,881 ds/min), 70,754,152 states left on queue.
Progress(28) at 2026-09-05 06:07:20: 1,169,315,124 states generated (27,609,596 s/min), 216,362,232 distinct states found (4,800,939 ds/min), 72,193,408 states left on queue.
Progress(28) at 2026-09-05 06:08:20: 1,196,874,617 states generated (27,559,493 s/min), 221,033,887 distinct states found (4,671,655 ds/min), 73,465,588 states left on queue.
Progress(28) at 2026-09-05 06:09:20: 1,222,455,918 states generated (25,581,301 s/min), 225,364,823 distinct states found (4,330,936 ds/min), 74,615,269 states left on queue.
Progress(28) at 2026-09-05 06:10:20: 1,249,965,679 states generated (27,509,761 s/min), 230,209,382 distinct states found (4,844,559 ds/min), 76,036,383 states left on queue.
Progress(28) at 2026-09-05 06:11:20: 1,278,379,614 states generated (28,413,935 s/min), 234,935,034 distinct states found (4,725,652 ds/min), 77,252,000 states left on queue.
Progress(28) at 2026-09-05 06:12:20: 1,306,123,161 states generated (27,743,547 s/min), 239,556,167 distinct states found (4,621,133 ds/min), 78,455,095 states left on queue.
Progress(28) at 2026-09-05 06:13:20: 1,333,620,149 states generated (27,496,988 s/min), 244,090,636 distinct states found (4,534,469 ds/min), 79,559,951 states left on queue.
Progress(28) at 2026-09-05 06:14:20: 1,362,226,526 states generated (28,606,377 s/min), 248,766,496 distinct states found (4,675,860 ds/min), 80,782,280 states left on queue.
Progress(28) at 2026-09-05 06:15:20: 1,389,810,429 states generated (27,583,903 s/min), 253,491,900 distinct states found (4,725,404 ds/min), 81,944,947 states left on queue.
Progress(28) at 2026-09-05 06:16:20: 1,416,262,447 states generated (26,452,018 s/min), 257,762,288 distinct states found (4,270,388 ds/min), 82,759,692 states left on queue.
Progress(28) at 2026-09-05 06:17:20: 1,443,757,069 states generated (27,494,622 s/min), 262,422,186 distinct states found (4,659,898 ds/min), 83,941,755 states left on queue.
Progress(28) at 2026-09-05 06:18:20: 1,471,888,600 states generated (28,131,531 s/min), 266,868,004 distinct states found (4,445,818 ds/min), 84,841,488 states left on queue.
Progress(28) at 2026-09-05 06:19:20: 1,499,626,084 states generated (27,737,484 s/min), 271,528,355 distinct states found (4,660,351 ds/min), 85,880,066 states left on queue.
Progress(28) at 2026-09-05 06:20:20: 1,527,262,035 states generated (27,635,951 s/min), 276,249,394 distinct states found (4,721,039 ds/min), 87,022,939 states left on queue.
Progress(28) at 2026-09-05 06:21:20: 1,555,486,211 states generated (28,224,176 s/min), 281,004,782 distinct states found (4,755,388 ds/min), 88,323,206 states left on queue.
Progress(28) at 2026-09-05 06:22:20: 1,582,606,012 states generated (27,119,801 s/min), 285,483,427 distinct states found (4,478,645 ds/min), 89,357,851 states left on queue.
Checkpointing of run states/26-09-05-05-23-15
Checkpointing completed at (2026-09-05 06:23:23)
Progress(28) at 2026-09-05 06:23:23: 1,612,609,036 states generated (30,003,024 s/min), 290,418,582 distinct states found (4,935,155 ds/min), 90,643,953 states left on queue.
Progress(28) at 2026-09-05 06:24:23: 1,642,213,459 states generated (29,604,423 s/min), 295,267,377 distinct states found (4,848,795 ds/min), 91,943,811 states left on queue.
Progress(29) at 2026-09-05 06:25:23: 1,667,264,879 states generated (25,051,420 s/min), 299,378,868 distinct states found (4,111,491 ds/min), 92,919,803 states left on queue.
Progress(29) at 2026-09-05 06:26:23: 1,695,779,121 states generated (28,514,242 s/min), 304,118,370 distinct states found (4,739,502 ds/min), 94,247,369 states left on queue.
Progress(29) at 2026-09-05 06:27:23: 1,724,276,846 states generated (28,497,725 s/min), 309,025,241 distinct states found (4,906,871 ds/min), 95,662,979 states left on queue.
Progress(29) at 2026-09-05 06:28:23: 1,751,816,915 states generated (27,540,069 s/min), 313,635,290 distinct states found (4,610,049 ds/min), 96,942,350 states left on queue.
Progress(29) at 2026-09-05 06:29:23: 1,779,649,372 states generated (27,832,457 s/min), 318,291,953 distinct states found (4,656,663 ds/min), 98,138,187 states left on queue.
Progress(29) at 2026-09-05 06:30:23: 1,807,363,574 states generated (27,714,202 s/min), 322,692,371 distinct states found (4,400,418 ds/min), 99,083,696 states left on queue.
Progress(29) at 2026-09-05 06:31:23: 1,834,757,605 states generated (27,394,031 s/min), 327,275,772 distinct states found (4,583,401 ds/min), 100,305,981 states left on queue.
Progress(29) at 2026-09-05 06:32:23: 1,863,117,336 states generated (28,359,731 s/min), 332,064,499 distinct states found (4,788,727 ds/min), 101,547,753 states left on queue.
Progress(29) at 2026-09-05 06:33:23: 1,892,059,517 states generated (28,942,181 s/min), 336,625,786 distinct states found (4,561,287 ds/min), 102,514,169 states left on queue.
Progress(29) at 2026-09-05 06:34:23: 1,920,335,082 states generated (28,275,565 s/min), 341,149,467 distinct states found (4,523,681 ds/min), 103,502,129 states left on queue.
Progress(29) at 2026-09-05 06:35:23: 1,945,398,563 states generated (25,063,481 s/min), 345,158,826 distinct states found (4,009,359 ds/min), 104,482,396 states left on queue.
Progress(29) at 2026-09-05 06:36:23: 1,973,204,842 states generated (27,806,279 s/min), 349,669,639 distinct states found (4,510,813 ds/min), 105,450,958 states left on queue.
Progress(29) at 2026-09-05 06:37:23: 2,002,068,661 states generated (28,863,819 s/min), 354,267,364 distinct states found (4,597,725 ds/min), 106,611,790 states left on queue.
Progress(29) at 2026-09-05 06:38:23: 2,030,171,175 states generated (28,102,514 s/min), 358,787,037 distinct states found (4,519,673 ds/min), 107,539,894 states left on queue.
Progress(29) at 2026-09-05 06:39:23: 2,058,639,565 states generated (28,468,390 s/min), 363,419,368 distinct states found (4,632,331 ds/min), 108,423,090 states left on queue.
Progress(29) at 2026-09-05 06:40:23: 2,086,732,621 states generated (28,093,056 s/min), 367,731,701 distinct states found (4,312,333 ds/min), 109,119,028 states left on queue.
Progress(29) at 2026-09-05 06:41:23: 2,114,526,684 states generated (27,794,063 s/min), 372,415,056 distinct states found (4,683,355 ds/min), 110,259,276 states left on queue.
Progress(29) at 2026-09-05 06:42:23: 2,142,780,884 states generated (28,254,200 s/min), 376,751,010 distinct states found (4,335,954 ds/min), 110,971,308 states left on queue.
Progress(29) at 2026-09-05 06:43:23: 2,171,038,314 states generated (28,257,430 s/min), 381,382,669 distinct states found (4,631,659 ds/min), 111,959,762 states left on queue.
Progress(29) at 2026-09-05 06:44:23: 2,198,989,161 states generated (27,950,847 s/min), 385,785,100 distinct states found (4,402,431 ds/min), 112,788,660 states left on queue.
Progress(29) at 2026-09-05 06:45:23: 2,226,573,677 states generated (27,584,516 s/min), 390,347,077 distinct states found (4,561,977 ds/min), 113,728,282 states left on queue.
Progress(29) at 2026-09-05 06:46:23: 2,255,223,195 states generated (28,649,518 s/min), 394,939,726 distinct states found (4,592,649 ds/min), 114,807,813 states left on queue.
Progress(29) at 2026-09-05 06:47:23: 2,283,575,453 states generated (28,352,258 s/min), 399,523,052 distinct states found (4,583,326 ds/min), 116,026,830 states left on queue.
Progress(29) at 2026-09-05 06:48:23: 2,306,655,357 states generated (23,079,904 s/min), 403,130,426 distinct states found (3,607,374 ds/min), 116,555,653 states left on queue.
Progress(29) at 2026-09-05 06:49:23: 2,336,320,965 states generated (29,665,608 s/min), 407,893,225 distinct states found (4,762,799 ds/min), 117,795,617 states left on queue.
Progress(29) at 2026-09-05 06:50:23: 2,366,433,438 states generated (30,112,473 s/min), 412,734,287 distinct states found (4,841,062 ds/min), 118,961,467 states left on queue.
Progress(29) at 2026-09-05 06:51:23: 2,394,821,984 states generated (28,388,546 s/min), 417,194,768 distinct states found (4,460,481 ds/min), 119,896,929 states left on queue.
Progress(30) at 2026-09-05 06:52:23: 2,423,615,881 states generated (28,793,897 s/min), 421,624,540 distinct states found (4,429,772 ds/min), 120,868,125 states left on queue.
Checkpointing of run states/26-09-05-05-23-15
Checkpointing completed at (2026-09-05 06:53:26)
Progress(30) at 2026-09-05 06:53:26: 2,453,797,743 states generated (30,181,862 s/min), 426,561,268 distinct states found (4,936,728 ds/min), 122,130,804 states left on queue.
Progress(30) at 2026-09-05 06:54:26: 2,482,500,590 states generated (28,702,847 s/min), 431,302,191 distinct states found (4,740,923 ds/min), 123,378,433 states left on queue.
Progress(30) at 2026-09-05 06:55:26: 2,510,170,426 states generated (27,669,836 s/min), 435,911,160 distinct states found (4,608,969 ds/min), 124,660,119 states left on queue.
Progress(30) at 2026-09-05 06:56:26: 2,537,771,099 states generated (27,600,673 s/min), 440,359,346 distinct states found (4,448,186 ds/min), 125,737,173 states left on queue.
Progress(30) at 2026-09-05 06:57:26: 2,565,697,825 states generated (27,926,726 s/min), 444,888,384 distinct states found (4,529,038 ds/min), 126,739,249 states left on queue.
Progress(30) at 2026-09-05 06:58:26: 2,593,747,554 states generated (28,049,729 s/min), 449,108,347 distinct states found (4,219,963 ds/min), 127,489,264 states left on queue.
Progress(30) at 2026-09-05 06:59:26: 2,621,407,728 states generated (27,660,174 s/min), 453,471,625 distinct states found (4,363,278 ds/min), 128,389,802 states left on queue.
Progress(30) at 2026-09-05 07:00:26: 2,648,916,706 states generated (27,508,978 s/min), 458,066,671 distinct states found (4,595,046 ds/min), 129,560,780 states left on queue.
Progress(30) at 2026-09-05 07:01:26: 2,677,855,269 states generated (28,938,563 s/min), 462,722,199 distinct states found (4,655,528 ds/min), 130,630,622 states left on queue.
Progress(30) at 2026-09-05 07:02:26: 2,706,872,602 states generated (29,017,333 s/min), 467,151,699 distinct states found (4,429,500 ds/min), 131,470,194 states left on queue.
Progress(30) at 2026-09-05 07:03:26: 2,735,564,837 states generated (28,692,235 s/min), 471,437,677 distinct states found (4,285,978 ds/min), 132,159,197 states left on queue.
Progress(30) at 2026-09-05 07:04:26: 2,763,377,708 states generated (27,812,871 s/min), 475,835,228 distinct states found (4,397,551 ds/min), 133,161,491 states left on queue.
Progress(30) at 2026-09-05 07:05:26: 2,791,535,448 states generated (28,157,740 s/min), 480,268,622 distinct states found (4,433,394 ds/min), 134,138,278 states left on queue.
Progress(30) at 2026-09-05 07:06:26: 2,816,699,715 states generated (25,164,267 s/min), 484,234,009 distinct states found (3,965,387 ds/min), 134,848,620 states left on queue.
Progress(30) at 2026-09-05 07:07:26: 2,845,721,601 states generated (29,021,886 s/min), 488,648,472 distinct states found (4,414,463 ds/min), 135,831,542 states left on queue.
Progress(30) at 2026-09-05 07:08:26: 2,874,520,944 states generated (28,799,343 s/min), 493,064,284 distinct states found (4,415,812 ds/min), 136,582,398 states left on queue.
Progress(30) at 2026-09-05 07:09:26: 2,902,396,972 states generated (27,876,028 s/min), 497,530,453 distinct states found (4,466,169 ds/min), 137,436,808 states left on queue.
Progress(30) at 2026-09-05 07:10:26: 2,931,357,095 states generated (28,960,123 s/min), 501,936,834 distinct states found (4,406,381 ds/min), 138,077,903 states left on queue.
Progress(30) at 2026-09-05 07:11:26: 2,959,241,355 states generated (27,884,260 s/min), 506,081,182 distinct states found (4,144,348 ds/min), 138,613,336 states left on queue.
Progress(30) at 2026-09-05 07:12:26: 2,986,881,391 states generated (27,640,036 s/min), 510,706,874 distinct states found (4,625,692 ds/min), 139,676,822 states left on queue.
Progress(30) at 2026-09-05 07:13:26: 3,015,390,133 states generated (28,508,742 s/min), 515,036,725 distinct states found (4,329,851 ds/min), 140,424,683 states left on queue.
Progress(30) at 2026-09-05 07:14:26: 3,043,819,515 states generated (28,429,382 s/min), 519,137,904 distinct states found (4,101,179 ds/min), 140,940,845 states left on queue.
Progress(30) at 2026-09-05 07:15:26: 3,071,593,363 states generated (27,773,848 s/min), 523,753,718 distinct states found (4,615,814 ds/min), 141,763,624 states left on queue.
Progress(30) at 2026-09-05 07:16:26: 3,099,727,176 states generated (28,133,813 s/min), 528,022,032 distinct states found (4,268,314 ds/min), 142,496,017 states left on queue.
Progress(30) at 2026-09-05 07:17:26: 3,127,531,941 states generated (27,804,765 s/min), 532,403,770 distinct states found (4,381,738 ds/min), 143,236,720 states left on queue.
Progress(30) at 2026-09-05 07:18:26: 3,155,821,587 states generated (28,289,646 s/min), 536,798,827 distinct states found (4,395,057 ds/min), 143,923,317 states left on queue.
Progress(30) at 2026-09-05 07:19:26: 3,184,887,143 states generated (29,065,556 s/min), 541,331,894 distinct states found (4,533,067 ds/min), 145,211,887 states left on queue.
Progress(30) at 2026-09-05 07:20:26: 3,213,106,601 states generated (28,219,458 s/min), 545,742,115 distinct states found (4,410,221 ds/min), 146,190,130 states left on queue.
Progress(30) at 2026-09-05 07:21:26: 3,240,153,706 states generated (27,047,105 s/min), 549,819,867 distinct states found (4,077,752 ds/min), 146,663,145 states left on queue.
Progress(30) at 2026-09-05 07:22:26: 3,270,030,571 states generated (29,876,865 s/min), 554,524,185 distinct states found (4,704,318 ds/min), 147,827,629 states left on queue.
Checkpointing of run states/26-09-05-05-23-15
Checkpointing completed at (2026-09-05 07:23:29)
Progress(30) at 2026-09-05 07:23:29: 3,301,839,680 states generated (31,809,109 s/min), 559,384,235 distinct states found (4,860,050 ds/min), 148,827,058 states left on queue.
Progress(30) at 2026-09-05 07:24:29: 3,331,575,743 states generated (29,736,063 s/min), 563,858,629 distinct states found (4,474,394 ds/min), 149,678,003 states left on queue.
Progress(30) at 2026-09-05 07:25:29: 3,359,420,037 states generated (27,844,294 s/min), 568,223,464 distinct states found (4,364,835 ds/min), 150,483,945 states left on queue.
Progress(31) at 2026-09-05 07:26:29: 3,388,039,209 states generated (28,619,172 s/min), 572,390,928 distinct states found (4,167,464 ds/min), 151,201,646 states left on queue.
Progress(31) at 2026-09-05 07:27:29: 3,417,616,408 states generated (29,577,199 s/min), 577,077,293 distinct states found (4,686,365 ds/min), 152,334,053 states left on queue.
Progress(31) at 2026-09-05 07:28:29: 3,446,063,863 states generated (28,447,455 s/min), 581,543,907 distinct states found (4,466,614 ds/min), 153,282,836 states left on queue.
Progress(31) at 2026-09-05 07:29:29: 3,474,818,293 states generated (28,754,430 s/min), 586,231,944 distinct states found (4,688,037 ds/min), 154,484,278 states left on queue.
Progress(31) at 2026-09-05 07:30:29: 3,502,379,593 states generated (27,561,300 s/min), 590,660,714 distinct states found (4,428,770 ds/min), 155,665,724 states left on queue.
Progress(31) at 2026-09-05 07:31:29: 3,530,081,835 states generated (27,702,242 s/min), 594,939,363 distinct states found (4,278,649 ds/min), 156,503,259 states left on queue.
Progress(31) at 2026-09-05 07:32:29: 3,557,738,617 states generated (27,656,782 s/min), 599,350,378 distinct states found (4,411,015 ds/min), 157,566,453 states left on queue.
Progress(31) at 2026-09-05 07:33:29: 3,586,050,342 states generated (28,311,725 s/min), 603,695,330 distinct states found (4,344,952 ds/min), 158,340,784 states left on queue.
Progress(31) at 2026-09-05 07:34:29: 3,608,816,907 states generated (22,766,565 s/min), 606,974,756 distinct states found (3,279,426 ds/min), 158,792,265 states left on queue.
Progress(31) at 2026-09-05 07:35:29: 3,636,468,099 states generated (27,651,192 s/min), 611,211,838 distinct states found (4,237,082 ds/min), 159,549,466 states left on queue.
Progress(31) at 2026-09-05 07:36:29: 3,664,128,060 states generated (27,659,961 s/min), 615,617,191 distinct states found (4,405,353 ds/min), 160,475,686 states left on queue.
Progress(31) at 2026-09-05 07:37:29: 3,691,778,833 states generated (27,650,773 s/min), 620,002,770 distinct states found (4,385,579 ds/min), 161,355,294 states left on queue.
Progress(31) at 2026-09-05 07:38:29: 3,720,764,236 states generated (28,985,403 s/min), 624,483,215 distinct states found (4,480,445 ds/min), 162,279,464 states left on queue.
Progress(31) at 2026-09-05 07:39:29: 3,750,066,518 states generated (29,302,282 s/min), 628,815,180 distinct states found (4,331,965 ds/min), 163,096,933 states left on queue.
Progress(31) at 2026-09-05 07:40:29: 3,778,898,900 states generated (28,832,382 s/min), 633,005,105 distinct states found (4,189,925 ds/min), 163,649,834 states left on queue.
Progress(31) at 2026-09-05 07:41:29: 3,807,540,068 states generated (28,641,168 s/min), 637,333,110 distinct states found (4,328,005 ds/min), 164,423,158 states left on queue.
Progress(31) at 2026-09-05 07:42:29: 3,835,270,920 states generated (27,730,852 s/min), 641,518,426 distinct states found (4,185,316 ds/min), 165,221,324 states left on queue.
Progress(31) at 2026-09-05 07:43:29: 3,863,124,630 states generated (27,853,710 s/min), 645,708,901 distinct states found (4,190,475 ds/min), 165,944,367 states left on queue.
Progress(31) at 2026-09-05 07:44:29: 3,890,744,450 states generated (27,619,820 s/min), 649,983,106 distinct states found (4,274,205 ds/min), 166,658,315 states left on queue.
Progress(31) at 2026-09-05 07:45:29: 3,919,785,329 states generated (29,040,879 s/min), 654,336,688 distinct states found (4,353,582 ds/min), 167,464,249 states left on queue.
Progress(31) at 2026-09-05 07:46:29: 3,948,504,692 states generated (28,719,363 s/min), 658,647,313 distinct states found (4,310,625 ds/min), 168,354,857 states left on queue.
Progress(31) at 2026-09-05 07:47:29: 3,977,210,413 states generated (28,705,721 s/min), 662,903,778 distinct states found (4,256,465 ds/min), 168,934,245 states left on queue.
Progress(31) at 2026-09-05 07:48:29: 4,005,059,638 states generated (27,849,225 s/min), 667,168,778 distinct states found (4,265,000 ds/min), 169,563,054 states left on queue.
Progress(31) at 2026-09-05 07:49:29: 4,033,787,380 states generated (28,727,742 s/min), 671,434,663 distinct states found (4,265,885 ds/min), 170,092,537 states left on queue.
Progress(31) at 2026-09-05 07:50:29: 4,062,075,946 states generated (28,288,566 s/min), 675,441,598 distinct states found (4,006,935 ds/min), 170,413,910 states left on queue.
Progress(31) at 2026-09-05 07:51:29: 4,089,370,341 states generated (27,294,395 s/min), 679,878,382 distinct states found (4,436,784 ds/min), 171,281,556 states left on queue.
Progress(31) at 2026-09-05 07:52:29: 4,117,518,508 states generated (28,148,167 s/min), 684,173,976 distinct states found (4,295,594 ds/min), 171,952,864 states left on queue.
Checkpointing of run states/26-09-05-05-23-15
Checkpointing completed at (2026-09-05 07:53:32)
Progress(31) at 2026-09-05 07:53:32: 4,147,325,529 states generated (29,807,021 s/min), 688,467,123 distinct states found (4,293,147 ds/min), 172,505,488 states left on queue.
Progress(31) at 2026-09-05 07:54:32: 4,175,656,467 states generated (28,330,938 s/min), 692,518,534 distinct states found (4,051,411 ds/min), 173,009,408 states left on queue.
Progress(31) at 2026-09-05 07:55:32: 4,203,646,365 states generated (27,989,898 s/min), 696,949,152 distinct states found (4,430,618 ds/min), 173,632,181 states left on queue.
Progress(31) at 2026-09-05 07:56:32: 4,231,394,883 states generated (27,748,518 s/min), 700,954,333 distinct states found (4,005,181 ds/min), 174,062,063 states left on queue.
Progress(31) at 2026-09-05 07:57:32: 4,259,735,613 states generated (28,340,730 s/min), 705,272,920 distinct states found (4,318,587 ds/min), 174,782,567 states left on queue.
Progress(31) at 2026-09-05 07:58:32: 4,287,760,678 states generated (28,025,065 s/min), 709,627,361 distinct states found (4,354,441 ds/min), 175,429,510 states left on queue.
Progress(31) at 2026-09-05 07:59:32: 4,316,255,593 states generated (28,494,915 s/min), 713,835,366 distinct states found (4,208,005 ds/min), 176,050,621 states left on queue.
Progress(31) at 2026-09-05 08:00:32: 4,345,528,399 states generated (29,272,806 s/min), 718,269,234 distinct states found (4,433,868 ds/min), 177,243,361 states left on queue.
Progress(31) at 2026-09-05 08:01:32: 4,374,076,289 states generated (28,547,890 s/min), 722,554,385 distinct states found (4,285,151 ds/min), 178,162,832 states left on queue.
Progress(31) at 2026-09-05 08:02:32: 4,401,084,665 states generated (27,008,376 s/min), 726,620,141 distinct states found (4,065,756 ds/min), 178,672,072 states left on queue.
Progress(31) at 2026-09-05 08:03:32: 4,429,506,430 states generated (28,421,765 s/min), 730,918,951 distinct states found (4,298,810 ds/min), 179,382,834 states left on queue.
Progress(31) at 2026-09-05 08:04:32: 4,459,418,502 states generated (29,912,072 s/min), 735,387,085 distinct states found (4,468,134 ds/min), 180,285,811 states left on queue.
Progress(31) at 2026-09-05 08:05:32: 4,489,901,428 states generated (30,482,926 s/min), 739,908,507 distinct states found (4,521,422 ds/min), 181,105,193 states left on queue.
Progress(31) at 2026-09-05 08:06:32: 4,519,795,259 states generated (29,893,831 s/min), 744,283,035 distinct states found (4,374,528 ds/min), 181,755,692 states left on queue.
Progress(31) at 2026-09-05 08:07:32: 4,548,173,530 states generated (28,378,271 s/min), 748,489,696 distinct states found (4,206,661 ds/min), 182,397,995 states left on queue.
Progress(31) at 2026-09-05 08:08:32: 4,576,342,204 states generated (28,168,674 s/min), 752,591,155 distinct states found (4,101,459 ds/min), 182,994,665 states left on queue.
Progress(32) at 2026-09-05 08:09:32: 4,605,220,233 states generated (28,878,029 s/min), 756,769,035 distinct states found (4,177,880 ds/min), 183,714,414 states left on queue.
Progress(32) at 2026-09-05 08:10:32: 4,634,555,120 states generated (29,334,887 s/min), 761,231,357 distinct states found (4,462,322 ds/min), 184,620,413 states left on queue.
Progress(32) at 2026-09-05 08:11:32: 4,662,896,376 states generated (28,341,256 s/min), 765,608,135 distinct states found (4,376,778 ds/min), 185,502,579 states left on queue.
Progress(32) at 2026-09-05 08:12:32: 4,691,306,264 states generated (28,409,888 s/min), 770,049,596 distinct states found (4,441,461 ds/min), 186,475,777 states left on queue.
Progress(32) at 2026-09-05 08:13:32: 4,719,876,253 states generated (28,569,989 s/min), 774,503,561 distinct states found (4,453,965 ds/min), 187,407,550 states left on queue.
Progress(32) at 2026-09-05 08:14:32: 4,747,251,465 states generated (27,375,212 s/min), 778,783,264 distinct states found (4,279,703 ds/min), 188,563,986 states left on queue.
Progress(32) at 2026-09-05 08:15:32: 4,774,881,083 states generated (27,629,618 s/min), 782,840,252 distinct states found (4,056,988 ds/min), 189,144,637 states left on queue.
Progress(32) at 2026-09-05 08:16:32: 4,802,389,581 states generated (27,508,498 s/min), 787,157,754 distinct states found (4,317,502 ds/min), 190,160,639 states left on queue.
Progress(32) at 2026-09-05 08:17:32: 4,829,515,424 states generated (27,125,843 s/min), 791,243,635 distinct states found (4,085,881 ds/min), 190,922,608 states left on queue.
Progress(32) at 2026-09-05 08:18:32: 4,858,311,297 states generated (28,795,873 s/min), 795,503,360 distinct states found (4,259,725 ds/min), 191,568,820 states left on queue.
Progress(32) at 2026-09-05 08:19:32: 4,886,501,371 states generated (28,190,074 s/min), 799,456,996 distinct states found (3,953,636 ds/min), 191,994,878 states left on queue.
Progress(32) at 2026-09-05 08:20:32: 4,913,896,173 states generated (27,394,802 s/min), 803,524,305 distinct states found (4,067,309 ds/min), 192,614,440 states left on queue.
Progress(32) at 2026-09-05 08:21:32: 4,941,767,017 states generated (27,870,844 s/min), 807,647,878 distinct states found (4,123,573 ds/min), 193,191,950 states left on queue.
Progress(32) at 2026-09-05 08:22:32: 4,968,769,739 states generated (27,002,722 s/min), 812,001,588 distinct states found (4,353,710 ds/min), 194,187,753 states left on queue.
Checkpointing of run states/26-09-05-05-23-15
Checkpointing completed at (2026-09-05 08:23:35)
Progress(32) at 2026-09-05 08:23:35: 4,998,689,406 states generated (29,919,667 s/min), 816,573,046 distinct states found (4,571,458 ds/min), 194,986,458 states left on queue.
Progress(32) at 2026-09-05 08:24:35: 5,027,662,266 states generated (28,972,860 s/min), 820,853,149 distinct states found (4,280,103 ds/min), 195,765,024 states left on queue.
Progress(32) at 2026-09-05 08:25:35: 5,056,811,981 states generated (29,149,715 s/min), 824,975,800 distinct states found (4,122,651 ds/min), 196,391,394 states left on queue.
Progress(32) at 2026-09-05 08:26:40: 5,085,431,637 states generated (28,619,656 s/min), 828,927,078 distinct states found (3,951,278 ds/min), 196,696,071 states left on queue.
Progress(32) at 2026-09-05 08:27:40: 5,113,861,247 states generated (28,429,610 s/min), 832,996,613 distinct states found (4,069,535 ds/min), 197,240,560 states left on queue.
Progress(32) at 2026-09-05 08:28:40: 5,141,866,422 states generated (28,005,175 s/min), 837,216,450 distinct states found (4,219,837 ds/min), 198,016,377 states left on queue.
Progress(32) at 2026-09-05 08:29:40: 5,169,506,046 states generated (27,639,624 s/min), 841,265,825 distinct states found (4,049,375 ds/min), 198,703,236 states left on queue.
Progress(32) at 2026-09-05 08:30:40: 5,197,196,077 states generated (27,690,031 s/min), 845,370,893 distinct states found (4,105,068 ds/min), 199,329,231 states left on queue.
Progress(32) at 2026-09-05 08:31:40: 5,224,648,246 states generated (27,452,169 s/min), 849,538,149 distinct states found (4,167,256 ds/min), 199,938,247 states left on queue.
Progress(32) at 2026-09-05 08:32:40: 5,253,103,421 states generated (28,455,175 s/min), 853,621,744 distinct states found (4,083,595 ds/min), 200,459,057 states left on queue.
Progress(32) at 2026-09-05 08:33:40: 5,281,881,426 states generated (28,778,005 s/min), 857,726,882 distinct states found (4,105,138 ds/min), 201,269,688 states left on queue.
Progress(32) at 2026-09-05 08:34:40: 5,310,771,823 states generated (28,890,397 s/min), 861,892,758 distinct states found (4,165,876 ds/min), 201,864,126 states left on queue.
Progress(32) at 2026-09-05 08:35:40: 5,338,620,544 states generated (27,848,721 s/min), 865,973,007 distinct states found (4,080,249 ds/min), 202,341,132 states left on queue.
Progress(32) at 2026-09-05 08:36:40: 5,366,491,994 states generated (27,871,450 s/min), 870,092,934 distinct states found (4,119,927 ds/min), 202,798,376 states left on queue.
Progress(32) at 2026-09-05 08:37:40: 5,395,094,006 states generated (28,602,012 s/min), 874,179,498 distinct states found (4,086,564 ds/min), 203,175,339 states left on queue.
Progress(32) at 2026-09-05 08:38:40: 5,423,433,165 states generated (28,339,159 s/min), 878,041,741 distinct states found (3,862,243 ds/min), 203,358,305 states left on queue.
Progress(32) at 2026-09-05 08:39:40: 5,450,532,188 states generated (27,099,023 s/min), 882,243,466 distinct states found (4,201,725 ds/min), 203,984,109 states left on queue.
Progress(32) at 2026-09-05 08:40:40: 5,478,108,394 states generated (27,576,206 s/min), 886,519,820 distinct states found (4,276,354 ds/min), 204,648,484 states left on queue.
Progress(32) at 2026-09-05 08:41:40: 5,506,804,508 states generated (28,696,114 s/min), 890,619,780 distinct states found (4,099,960 ds/min), 205,128,690 states left on queue.
Progress(32) at 2026-09-05 08:42:40: 5,535,034,133 states generated (28,229,625 s/min), 894,537,083 distinct states found (3,917,303 ds/min), 205,434,733 states left on queue.
Progress(32) at 2026-09-05 08:43:40: 5,563,399,097 states generated (28,364,964 s/min), 898,544,637 distinct states found (4,007,554 ds/min), 205,923,727 states left on queue.
Progress(32) at 2026-09-05 08:44:40: 5,591,327,820 states generated (27,928,723 s/min), 902,817,224 distinct states found (4,272,587 ds/min), 206,407,810 states left on queue.
Progress(32) at 2026-09-05 08:45:40: 5,618,907,494 states generated (27,579,674 s/min), 906,602,985 distinct states found (3,785,761 ds/min), 206,654,349 states left on queue.
Progress(32) at 2026-09-05 08:46:40: 5,647,175,696 states generated (28,268,202 s/min), 910,828,690 distinct states found (4,225,705 ds/min), 207,208,900 states left on queue.
Progress(32) at 2026-09-05 08:47:40: 5,674,943,758 states generated (27,768,062 s/min), 914,966,572 distinct states found (4,137,882 ds/min), 207,730,937 states left on queue.
Progress(32) at 2026-09-05 08:48:40: 5,703,062,708 states generated (28,118,950 s/min), 919,044,413 distinct states found (4,077,841 ds/min), 208,202,649 states left on queue.
Progress(32) at 2026-09-05 08:49:40: 5,731,987,753 states generated (28,925,045 s/min), 923,240,877 distinct states found (4,196,464 ds/min), 208,890,141 states left on queue.
Progress(32) at 2026-09-05 08:50:40: 5,761,015,817 states generated (29,028,064 s/min), 927,559,214 distinct states found (4,318,337 ds/min), 209,983,451 states left on queue.
Progress(32) at 2026-09-05 08:51:40: 5,789,430,739 states generated (28,414,922 s/min), 931,604,388 distinct states found (4,045,174 ds/min), 210,690,202 states left on queue.
Progress(32) at 2026-09-05 08:52:40: 5,817,167,779 states generated (27,737,040 s/min), 935,755,586 distinct states found (4,151,198 ds/min), 211,390,614 states left on queue.
Checkpointing of run states/26-09-05-05-23-15
Checkpointing completed at (2026-09-05 08:53:43)
Progress(32) at 2026-09-05 08:53:43: 5,845,115,846 states generated (27,948,067 s/min), 939,712,413 distinct states found (3,956,827 ds/min), 211,580,243 states left on queue.
Progress(32) at 2026-09-05 08:54:43: 5,874,689,756 states generated (29,573,910 s/min), 944,232,604 distinct states found (4,520,191 ds/min), 212,552,585 states left on queue.
Progress(32) at 2026-09-05 08:55:43: 5,904,311,841 states generated (29,622,085 s/min), 948,420,118 distinct states found (4,187,514 ds/min), 213,198,868 states left on queue.
Progress(32) at 2026-09-05 08:56:43: 5,934,660,780 states generated (30,348,939 s/min), 952,814,016 distinct states found (4,393,898 ds/min), 213,884,038 states left on queue.
Progress(32) at 2026-09-05 08:57:43: 5,964,869,708 states generated (30,208,928 s/min), 957,116,650 distinct states found (4,302,634 ds/min), 214,443,620 states left on queue.
Progress(32) at 2026-09-05 08:58:43: 5,994,518,840 states generated (29,649,132 s/min), 961,219,792 distinct states found (4,103,142 ds/min), 214,912,865 states left on queue.
Progress(32) at 2026-09-05 08:59:43: 6,021,740,391 states generated (27,221,551 s/min), 965,134,790 distinct states found (3,914,998 ds/min), 215,288,745 states left on queue.
Progress(33) at 2026-09-05 09:00:43: 6,050,722,478 states generated (28,982,087 s/min), 969,211,429 distinct states found (4,076,639 ds/min), 215,762,117 states left on queue.
Progress(33) at 2026-09-05 09:01:43: 6,079,569,777 states generated (28,847,299 s/min), 973,308,858 distinct states found (4,097,429 ds/min), 216,473,340 states left on queue.
Progress(33) at 2026-09-05 09:02:43: 6,109,095,201 states generated (29,525,424 s/min), 977,693,851 distinct states found (4,384,993 ds/min), 217,330,016 states left on queue.
Progress(33) at 2026-09-05 09:03:43: 6,137,567,832 states generated (28,472,631 s/min), 981,958,566 distinct states found (4,264,715 ds/min), 218,034,174 states left on queue.
Progress(33) at 2026-09-05 09:04:43: 6,166,033,108 states generated (28,465,276 s/min), 986,047,018 distinct states found (4,088,452 ds/min), 218,638,247 states left on queue.
Progress(33) at 2026-09-05 09:05:43: 6,194,498,477 states generated (28,465,369 s/min), 990,457,480 distinct states found (4,410,462 ds/min), 219,613,049 states left on queue.
Progress(33) at 2026-09-05 09:06:43: 6,222,956,635 states generated (28,458,158 s/min), 994,824,479 distinct states found (4,366,999 ds/min), 220,475,846 states left on queue.
Progress(33) at 2026-09-05 09:07:43: 6,250,431,563 states generated (27,474,928 s/min), 998,946,906 distinct states found (4,122,427 ds/min), 221,419,242 states left on queue.
Progress(33) at 2026-09-05 09:08:43: 6,277,559,465 states generated (27,127,902 s/min), 1,003,036,658 distinct states found (4,089,752 ds/min), 222,301,942 states left on queue.
Progress(33) at 2026-09-05 09:09:43: 6,304,951,153 states generated (27,391,688 s/min), 1,006,944,907 distinct states found (3,908,249 ds/min), 222,802,243 states left on queue.
Progress(33) at 2026-09-05 09:10:43: 6,332,518,026 states generated (27,566,873 s/min), 1,011,198,440 distinct states found (4,253,533 ds/min), 223,722,691 states left on queue.
Progress(33) at 2026-09-05 09:11:43: 6,359,814,342 states generated (27,296,316 s/min), 1,015,178,881 distinct states found (3,980,441 ds/min), 224,400,289 states left on queue.
Progress(33) at 2026-09-05 09:12:43: 6,388,694,550 states generated (28,880,208 s/min), 1,019,496,317 distinct states found (4,317,436 ds/min), 224,955,743 states left on queue.
Progress(33) at 2026-09-05 09:13:43: 6,416,735,345 states generated (28,040,795 s/min), 1,023,159,616 distinct states found (3,663,299 ds/min), 225,202,031 states left on queue.
Progress(33) at 2026-09-05 09:14:43: 6,444,284,845 states generated (27,549,500 s/min), 1,027,056,285 distinct states found (3,896,669 ds/min), 225,574,774 states left on queue.
Progress(33) at 2026-09-05 09:15:43: 6,471,910,736 states generated (27,625,891 s/min), 1,031,063,514 distinct states found (4,007,229 ds/min), 226,127,082 states left on queue.
Progress(33) at 2026-09-05 09:16:43: 6,499,668,100 states generated (27,757,364 s/min), 1,035,166,208 distinct states found (4,102,694 ds/min), 226,710,270 states left on queue.
Progress(33) at 2026-09-05 09:17:43: 6,526,618,078 states generated (26,949,978 s/min), 1,039,293,448 distinct states found (4,127,240 ds/min), 227,468,929 states left on queue.
Progress(33) at 2026-09-05 09:18:43: 6,554,976,101 states generated (28,358,023 s/min), 1,043,481,192 distinct states found (4,187,744 ds/min), 228,064,690 states left on queue.
Progress(33) at 2026-09-05 09:19:43: 6,583,632,721 states generated (28,656,620 s/min), 1,047,675,177 distinct states found (4,193,985 ds/min), 228,687,234 states left on queue.
Progress(33) at 2026-09-05 09:20:43: 6,613,342,151 states generated (29,709,430 s/min), 1,051,749,856 distinct states found (4,074,679 ds/min), 229,334,707 states left on queue.
Progress(33) at 2026-09-05 09:21:43: 6,642,252,927 states generated (28,910,776 s/min), 1,055,753,364 distinct states found (4,003,508 ds/min), 229,776,890 states left on queue.
Progress(33) at 2026-09-05 09:22:43: 6,670,814,103 states generated (28,561,176 s/min), 1,059,593,444 distinct states found (3,840,080 ds/min), 230,050,617 states left on queue.
Checkpointing of run states/26-09-05-05-23-15
Checkpointing completed at (2026-09-05 09:23:45)
Progress(33) at 2026-09-05 09:23:45: 6,700,283,200 states generated (29,469,097 s/min), 1,063,658,326 distinct states found (4,064,882 ds/min), 230,441,335 states left on queue.
Progress(33) at 2026-09-05 09:24:46: 6,728,334,617 states generated (28,051,417 s/min), 1,067,754,351 distinct states found (4,096,025 ds/min), 231,084,990 states left on queue.
Progress(33) at 2026-09-05 09:25:46: 6,755,635,031 states generated (27,300,414 s/min), 1,071,658,212 distinct states found (3,903,861 ds/min), 231,700,019 states left on queue.
Progress(33) at 2026-09-05 09:26:59: 6,780,531,126 states generated (24,896,095 s/min), 1,075,217,308 distinct states found (3,559,096 ds/min), 232,144,719 states left on queue.
Progress(33) at 2026-09-05 09:27:59: 6,808,249,146 states generated (27,718,020 s/min), 1,079,288,011 distinct states found (4,070,703 ds/min), 232,651,057 states left on queue.
Progress(33) at 2026-09-05 09:28:59: 6,835,611,753 states generated (27,362,607 s/min), 1,083,237,335 distinct states found (3,949,324 ds/min), 233,044,271 states left on queue.
Progress(33) at 2026-09-05 09:29:59: 6,864,455,284 states generated (28,843,531 s/min), 1,087,285,695 distinct states found (4,048,360 ds/min), 233,524,233 states left on queue.
Progress(33) at 2026-09-05 09:30:59: 6,893,431,079 states generated (28,975,795 s/min), 1,091,313,473 distinct states found (4,027,778 ds/min), 234,236,576 states left on queue.
Progress(33) at 2026-09-05 09:31:59: 6,921,709,098 states generated (28,278,019 s/min), 1,095,320,155 distinct states found (4,006,682 ds/min), 234,783,355 states left on queue.
Progress(33) at 2026-09-05 09:32:59: 6,950,192,710 states generated (28,483,612 s/min), 1,099,148,769 distinct states found (3,828,614 ds/min), 234,915,765 states left on queue.
Progress(33) at 2026-09-05 09:33:59: 6,977,858,883 states generated (27,666,173 s/min), 1,103,167,072 distinct states found (4,018,303 ds/min), 235,454,565 states left on queue.
Progress(33) at 2026-09-05 09:34:59: 7,006,402,431 states generated (28,543,548 s/min), 1,107,242,826 distinct states found (4,075,754 ds/min), 235,827,819 states left on queue.
Progress(33) at 2026-09-05 09:35:59: 7,034,799,597 states generated (28,397,166 s/min), 1,111,055,660 distinct states found (3,812,834 ds/min), 235,880,551 states left on queue.
Progress(33) at 2026-09-05 09:36:59: 7,062,609,113 states generated (27,809,516 s/min), 1,114,826,663 distinct states found (3,771,003 ds/min), 236,039,096 states left on queue.
Progress(33) at 2026-09-05 09:37:59: 7,089,699,894 states generated (27,090,781 s/min), 1,118,971,679 distinct states found (4,145,016 ds/min), 236,625,392 states left on queue.
Progress(33) at 2026-09-05 09:38:59: 7,116,983,531 states generated (27,283,637 s/min), 1,123,081,737 distinct states found (4,110,058 ds/min), 237,112,752 states left on queue.
Progress(33) at 2026-09-05 09:39:59: 7,145,640,883 states generated (28,657,352 s/min), 1,127,075,513 distinct states found (3,993,776 ds/min), 237,482,289 states left on queue.
Progress(33) at 2026-09-05 09:40:59: 7,174,073,124 states generated (28,432,241 s/min), 1,130,941,307 distinct states found (3,865,794 ds/min), 237,767,904 states left on queue.
Progress(33) at 2026-09-05 09:41:59: 7,202,113,692 states generated (28,040,568 s/min), 1,134,660,072 distinct states found (3,718,765 ds/min), 237,873,251 states left on queue.
Progress(33) at 2026-09-05 09:42:59: 7,230,313,780 states generated (28,200,088 s/min), 1,138,815,026 distinct states found (4,154,954 ds/min), 238,384,787 states left on queue.
Progress(33) at 2026-09-05 09:43:59: 7,257,624,832 states generated (27,311,052 s/min), 1,142,736,830 distinct states found (3,921,804 ds/min), 238,636,057 states left on queue.
Progress(33) at 2026-09-05 09:44:59: 7,285,310,131 states generated (27,685,299 s/min), 1,146,434,149 distinct states found (3,697,319 ds/min), 238,812,972 states left on queue.
Progress(33) at 2026-09-05 09:45:59: 7,313,914,620 states generated (28,604,489 s/min), 1,150,597,507 distinct states found (4,163,358 ds/min), 239,397,549 states left on queue.
Progress(33) at 2026-09-05 09:46:59: 7,341,575,936 states generated (27,661,316 s/min), 1,154,565,670 distinct states found (3,968,163 ds/min), 239,719,487 states left on queue.
Progress(33) at 2026-09-05 09:47:59: 7,369,947,213 states generated (28,371,277 s/min), 1,158,557,522 distinct states found (3,991,852 ds/min), 240,116,977 states left on queue.
Progress(33) at 2026-09-05 09:48:59: 7,398,250,687 states generated (28,303,474 s/min), 1,162,535,530 distinct states found (3,978,008 ds/min), 240,545,849 states left on queue.
Progress(33) at 2026-09-05 09:49:59: 7,427,679,374 states generated (29,428,687 s/min), 1,166,681,553 distinct states found (4,146,023 ds/min), 241,468,191 states left on queue.
Progress(33) at 2026-09-05 09:50:59: 7,456,219,053 states generated (28,539,679 s/min), 1,170,757,715 distinct states found (4,076,162 ds/min), 242,293,503 states left on queue.
Progress(33) at 2026-09-05 09:51:59: 7,484,527,840 states generated (28,308,787 s/min), 1,174,748,413 distinct states found (3,990,698 ds/min), 242,910,394 states left on queue.
Progress(33) at 2026-09-05 09:52:59: 7,512,675,515 states generated (28,147,675 s/min), 1,178,766,401 distinct states found (4,017,988 ds/min), 243,456,137 states left on queue.
Checkpointing of run states/26-09-05-05-23-15
Checkpointing completed at (2026-09-05 09:54:02)
Progress(33) at 2026-09-05 09:54:02: 7,540,294,538 states generated (27,619,023 s/min), 1,182,618,425 distinct states found (3,852,024 ds/min), 243,602,661 states left on queue.
Progress(33) at 2026-09-05 09:55:02: 7,568,965,310 states generated (28,670,772 s/min), 1,186,878,865 distinct states found (4,260,440 ds/min), 244,282,666 states left on queue.
Progress(33) at 2026-09-05 09:56:02: 7,598,846,352 states generated (29,881,042 s/min), 1,191,261,271 distinct states found (4,382,406 ds/min), 244,986,012 states left on queue.
Progress(33) at 2026-09-05 09:57:02: 7,628,282,405 states generated (29,436,053 s/min), 1,195,146,867 distinct states found (3,885,596 ds/min), 245,382,621 states left on queue.
Progress(33) at 2026-09-05 09:58:02: 7,659,212,216 states generated (30,929,811 s/min), 1,199,486,323 distinct states found (4,339,456 ds/min), 246,017,031 states left on queue.
Progress(33) at 2026-09-05 09:59:02: 7,689,229,525 states generated (30,017,309 s/min), 1,203,646,792 distinct states found (4,160,469 ds/min), 246,410,701 states left on queue.
Progress(33) at 2026-09-05 10:00:02: 7,718,913,500 states generated (29,683,975 s/min), 1,207,546,671 distinct states found (3,899,879 ds/min), 246,665,248 states left on queue.
Progress(33) at 2026-09-05 10:01:02: 7,746,171,591 states generated (27,258,091 s/min), 1,211,473,715 distinct states found (3,927,044 ds/min), 246,964,904 states left on queue.
Progress(33) at 2026-09-05 10:02:02: 7,774,993,629 states generated (28,822,038 s/min), 1,215,364,845 distinct states found (3,891,130 ds/min), 247,384,309 states left on queue.
Progress(34) at 2026-09-05 10:03:02: 7,803,167,197 states generated (28,173,568 s/min), 1,219,151,585 distinct states found (3,786,740 ds/min), 247,740,927 states left on queue.
Progress(34) at 2026-09-05 10:04:02: 7,833,240,241 states generated (30,073,044 s/min), 1,223,396,876 distinct states found (4,245,291 ds/min), 248,491,445 states left on queue.
Progress(34) at 2026-09-05 10:05:02: 7,862,387,058 states generated (29,146,817 s/min), 1,227,608,585 distinct states found (4,211,709 ds/min), 249,098,252 states left on queue.
Progress(34) at 2026-09-05 10:06:02: 7,890,802,943 states generated (28,415,885 s/min), 1,231,770,187 distinct states found (4,161,602 ds/min), 249,735,339 states left on queue.
Progress(34) at 2026-09-05 10:07:02: 7,918,984,237 states generated (28,181,294 s/min), 1,235,655,566 distinct states found (3,885,379 ds/min), 250,155,613 states left on queue.
Progress(34) at 2026-09-05 10:08:02: 7,947,450,660 states generated (28,466,423 s/min), 1,239,963,661 distinct states found (4,308,095 ds/min), 251,044,427 states left on queue.
Progress(34) at 2026-09-05 10:09:02: 7,976,458,142 states generated (29,007,482 s/min), 1,244,267,305 distinct states found (4,303,644 ds/min), 251,973,519 states left on queue.
Progress(34) at 2026-09-05 10:10:02: 8,004,316,263 states generated (27,858,121 s/min), 1,248,423,577 distinct states found (4,156,272 ds/min), 252,602,988 states left on queue.
Progress(34) at 2026-09-05 10:11:02: 8,031,487,104 states generated (27,170,841 s/min), 1,252,349,550 distinct states found (3,925,973 ds/min), 253,388,710 states left on queue.
Progress(34) at 2026-09-05 10:12:02: 8,058,423,602 states generated (26,936,498 s/min), 1,256,272,060 distinct states found (3,922,510 ds/min), 254,231,287 states left on queue.
Progress(34) at 2026-09-05 10:13:02: 8,085,852,822 states generated (27,429,220 s/min), 1,260,115,268 distinct states found (3,843,208 ds/min), 254,543,463 states left on queue.
Progress(34) at 2026-09-05 10:14:02: 8,112,969,159 states generated (27,116,337 s/min), 1,264,199,827 distinct states found (4,084,559 ds/min), 255,329,970 states left on queue.
Progress(34) at 2026-09-05 10:15:02: 8,140,719,793 states generated (27,750,634 s/min), 1,268,243,995 distinct states found (4,044,168 ds/min), 256,149,123 states left on queue.
Progress(34) at 2026-09-05 10:16:02: 8,167,662,203 states generated (26,942,410 s/min), 1,272,014,474 distinct states found (3,770,479 ds/min), 256,559,137 states left on queue.
Progress(34) at 2026-09-05 10:17:02: 8,196,879,037 states generated (29,216,834 s/min), 1,276,327,121 distinct states found (4,312,647 ds/min), 257,057,665 states left on queue.
Progress(34) at 2026-09-05 10:18:02: 8,225,076,715 states generated (28,197,678 s/min), 1,279,856,784 distinct states found (3,529,663 ds/min), 257,171,123 states left on queue.
Progress(34) at 2026-09-05 10:19:02: 8,252,926,684 states generated (27,849,969 s/min), 1,283,650,811 distinct states found (3,794,027 ds/min), 257,440,950 states left on queue.
Progress(34) at 2026-09-05 10:20:02: 8,280,482,601 states generated (27,555,917 s/min), 1,287,442,818 distinct states found (3,792,007 ds/min), 257,787,011 states left on queue.
Progress(34) at 2026-09-05 10:21:02: 8,308,251,271 states generated (27,768,670 s/min), 1,291,331,609 distinct states found (3,888,791 ds/min), 258,163,827 states left on queue.
Progress(34) at 2026-09-05 10:22:02: 8,335,127,666 states generated (26,876,395 s/min), 1,295,534,857 distinct states found (4,203,248 ds/min), 258,935,826 states left on queue.
Progress(34) at 2026-09-05 10:23:02: 8,362,202,955 states generated (27,075,289 s/min), 1,299,305,556 distinct states found (3,770,699 ds/min), 259,270,289 states left on queue.
Checkpointing of run states/26-09-05-05-23-15
Checkpointing completed at (2026-09-05 10:24:05)
Progress(34) at 2026-09-05 10:24:05: 8,392,567,620 states generated (30,364,665 s/min), 1,303,715,963 distinct states found (4,410,407 ds/min), 259,898,412 states left on queue.
Progress(34) at 2026-09-05 10:25:05: 8,421,137,472 states generated (28,569,852 s/min), 1,307,770,289 distinct states found (4,054,326 ds/min), 260,382,308 states left on queue.
Progress(34) at 2026-09-05 10:26:05: 8,450,832,962 states generated (29,695,490 s/min), 1,311,693,114 distinct states found (3,922,825 ds/min), 260,911,884 states left on queue.
Progress(34) at 2026-09-05 10:27:17: 8,477,123,196 states generated (26,290,234 s/min), 1,315,234,552 distinct states found (3,541,438 ds/min), 261,311,652 states left on queue.
Progress(34) at 2026-09-05 10:28:17: 8,505,839,220 states generated (28,716,024 s/min), 1,318,996,791 distinct states found (3,762,239 ds/min), 261,422,453 states left on queue.
Progress(34) at 2026-09-05 10:29:17: 8,534,280,548 states generated (28,441,328 s/min), 1,322,607,066 distinct states found (3,610,275 ds/min), 261,510,793 states left on queue.
Progress(34) at 2026-09-05 10:30:17: 8,562,543,796 states generated (28,263,248 s/min), 1,326,578,752 distinct states found (3,971,686 ds/min), 261,966,314 states left on queue.
Progress(34) at 2026-09-05 10:31:17: 8,590,353,425 states generated (27,809,629 s/min), 1,330,572,275 distinct states found (3,993,523 ds/min), 262,606,542 states left on queue.
Progress(34) at 2026-09-05 10:32:17: 8,617,527,159 states generated (27,173,734 s/min), 1,334,321,871 distinct states found (3,749,596 ds/min), 263,065,358 states left on queue.
Progress(34) at 2026-09-05 10:33:17: 8,644,969,684 states generated (27,442,525 s/min), 1,338,216,127 distinct states found (3,894,256 ds/min), 263,541,449 states left on queue.
Progress(34) at 2026-09-05 10:34:17: 8,672,630,901 states generated (27,661,217 s/min), 1,342,136,269 distinct states found (3,920,142 ds/min), 263,909,997 states left on queue.
Progress(34) at 2026-09-05 10:35:17: 8,699,812,966 states generated (27,182,065 s/min), 1,346,031,036 distinct states found (3,894,767 ds/min), 264,225,278 states left on queue.
Progress(34) at 2026-09-05 10:36:17: 8,727,860,440 states generated (28,047,474 s/min), 1,349,855,619 distinct states found (3,824,583 ds/min), 264,538,029 states left on queue.
Progress(34) at 2026-09-05 10:37:17: 8,757,221,292 states generated (29,360,852 s/min), 1,353,844,266 distinct states found (3,988,647 ds/min), 265,063,495 states left on queue.
Progress(34) at 2026-09-05 10:38:17: 8,785,629,588 states generated (28,408,296 s/min), 1,357,587,612 distinct states found (3,743,346 ds/min), 265,525,626 states left on queue.
Progress(34) at 2026-09-05 10:39:17: 8,814,087,601 states generated (28,458,013 s/min), 1,361,538,546 distinct states found (3,950,934 ds/min), 265,936,461 states left on queue.
Progress(34) at 2026-09-05 10:40:17: 8,842,711,130 states generated (28,623,529 s/min), 1,365,303,677 distinct states found (3,765,131 ds/min), 265,980,235 states left on queue.
Progress(34) at 2026-09-05 10:41:17: 8,870,256,937 states generated (27,545,807 s/min), 1,369,202,126 distinct states found (3,898,449 ds/min), 266,426,675 states left on queue.
Progress(34) at 2026-09-05 10:42:17: 8,898,590,704 states generated (28,333,767 s/min), 1,373,089,511 distinct states found (3,887,385 ds/min), 266,626,944 states left on queue.
Progress(34) at 2026-09-05 10:43:17: 8,926,890,545 states generated (28,299,841 s/min), 1,376,804,120 distinct states found (3,714,609 ds/min), 266,661,763 states left on queue.
Progress(34) at 2026-09-05 10:44:17: 8,955,167,514 states generated (28,276,969 s/min), 1,380,433,089 distinct states found (3,628,969 ds/min), 266,614,137 states left on queue.
Progress(34) at 2026-09-05 10:45:17: 8,982,232,209 states generated (27,064,695 s/min), 1,384,295,501 distinct states found (3,862,412 ds/min), 266,936,765 states left on queue.
Progress(34) at 2026-09-05 10:46:17: 9,009,075,873 states generated (26,843,664 s/min), 1,388,475,971 distinct states found (4,180,470 ds/min), 267,442,073 states left on queue.
Progress(34) at 2026-09-05 10:47:17: 9,037,603,599 states generated (28,527,726 s/min), 1,392,425,444 distinct states found (3,949,473 ds/min), 267,731,423 states left on queue.
Progress(34) at 2026-09-05 10:48:17: 9,065,863,462 states generated (28,259,863 s/min), 1,396,128,823 distinct states found (3,703,379 ds/min), 267,875,142 states left on queue.
Progress(34) at 2026-09-05 10:49:17: 9,094,163,364 states generated (28,299,902 s/min), 1,399,833,289 distinct states found (3,704,466 ds/min), 267,975,345 states left on queue.
Progress(34) at 2026-09-05 10:50:17: 9,122,217,090 states generated (28,053,726 s/min), 1,403,377,163 distinct states found (3,543,874 ds/min), 268,049,840 states left on queue.
Progress(34) at 2026-09-05 10:51:17: 9,150,138,529 states generated (27,921,439 s/min), 1,407,485,240 distinct states found (4,108,077 ds/min), 268,392,150 states left on queue.
Progress(34) at 2026-09-05 10:52:17: 9,177,252,082 states generated (27,113,553 s/min), 1,411,271,562 distinct states found (3,786,322 ds/min), 268,560,471 states left on queue.
Progress(34) at 2026-09-05 10:53:17: 9,204,936,142 states generated (27,684,060 s/min), 1,414,844,878 distinct states found (3,573,316 ds/min), 268,650,095 states left on queue.
Checkpointing of run states/26-09-05-05-23-15
Checkpointing completed at (2026-09-05 10:54:20)
Progress(34) at 2026-09-05 10:54:20: 9,235,167,593 states generated (30,231,451 s/min), 1,419,140,980 distinct states found (4,296,102 ds/min), 269,167,268 states left on queue.
Progress(34) at 2026-09-05 10:55:20: 9,262,993,905 states generated (27,826,312 s/min), 1,422,981,382 distinct states found (3,840,402 ds/min), 269,413,216 states left on queue.
Progress(34) at 2026-09-05 10:56:20: 9,291,597,988 states generated (28,604,083 s/min), 1,426,910,881 distinct states found (3,929,499 ds/min), 269,799,768 states left on queue.
Progress(34) at 2026-09-05 10:57:20: 9,319,393,771 states generated (27,795,783 s/min), 1,430,709,278 distinct states found (3,798,397 ds/min), 269,969,631 states left on queue.
Progress(34) at 2026-09-05 10:58:20: 9,348,416,000 states generated (29,022,229 s/min), 1,434,667,078 distinct states found (3,957,800 ds/min), 270,578,823 states left on queue.
Progress(34) at 2026-09-05 10:59:20: 9,377,247,735 states generated (28,831,735 s/min), 1,438,718,187 distinct states found (4,051,109 ds/min), 271,434,618 states left on queue.
Progress(34) at 2026-09-05 11:00:20: 9,405,966,247 states generated (28,718,512 s/min), 1,442,627,903 distinct states found (3,909,716 ds/min), 272,036,829 states left on queue.
Progress(34) at 2026-09-05 11:01:20: 9,434,105,164 states generated (28,138,917 s/min), 1,446,353,953 distinct states found (3,726,050 ds/min), 272,404,348 states left on queue.
Progress(34) at 2026-09-05 11:02:20: 9,462,437,245 states generated (28,332,081 s/min), 1,450,338,802 distinct states found (3,984,849 ds/min), 273,025,020 states left on queue.
Progress(34) at 2026-09-05 11:03:20: 9,488,950,771 states generated (26,513,526 s/min), 1,454,078,938 distinct states found (3,740,136 ds/min), 273,238,834 states left on queue.
Progress(34) at 2026-09-05 11:04:20: 9,517,005,473 states generated (28,054,702 s/min), 1,457,682,149 distinct states found (3,603,211 ds/min), 273,167,609 states left on queue.
Progress(34) at 2026-09-05 11:05:20: 9,546,167,936 states generated (29,162,463 s/min), 1,462,183,678 distinct states found (4,501,529 ds/min), 274,131,532 states left on queue.
Progress(34) at 2026-09-05 11:06:20: 9,575,950,463 states generated (29,782,527 s/min), 1,466,355,097 distinct states found (4,171,419 ds/min), 274,596,901 states left on queue.
Progress(34) at 2026-09-05 11:07:20: 9,605,056,311 states generated (29,105,848 s/min), 1,470,067,305 distinct states found (3,712,208 ds/min), 274,838,786 states left on queue.
Progress(34) at 2026-09-05 11:08:20: 9,636,065,096 states generated (31,008,785 s/min), 1,474,296,870 distinct states found (4,229,565 ds/min), 275,349,228 states left on queue.
Progress(34) at 2026-09-05 11:09:20: 9,666,326,378 states generated (30,261,282 s/min), 1,478,407,132 distinct states found (4,110,262 ds/min), 275,690,297 states left on queue.
Progress(34) at 2026-09-05 11:10:20: 9,696,190,832 states generated (29,864,454 s/min), 1,482,141,414 distinct states found (3,734,282 ds/min), 275,745,405 states left on queue.
Progress(34) at 2026-09-05 11:11:20: 9,724,437,730 states generated (28,246,898 s/min), 1,486,044,720 distinct states found (3,903,306 ds/min), 275,981,679 states left on queue.
Progress(34) at 2026-09-05 11:12:20: 9,752,504,068 states generated (28,066,338 s/min), 1,489,850,805 distinct states found (3,806,085 ds/min), 276,221,677 states left on queue.
Progress(35) at 2026-09-05 11:13:20: 9,781,118,459 states generated (28,614,391 s/min), 1,493,643,472 distinct states found (3,792,667 ds/min), 276,495,039 states left on queue.
Progress(35) at 2026-09-05 11:14:20: 9,809,801,670 states generated (28,683,211 s/min), 1,497,412,056 distinct states found (3,768,584 ds/min), 276,852,125 states left on queue.
Progress(35) at 2026-09-05 11:15:20: 9,839,622,965 states generated (29,821,295 s/min), 1,501,530,002 distinct states found (4,117,946 ds/min), 277,574,036 states left on queue.
Progress(35) at 2026-09-05 11:16:20: 9,868,718,557 states generated (29,095,592 s/min), 1,505,580,095 distinct states found (4,050,093 ds/min), 277,980,661 states left on queue.
Progress(35) at 2026-09-05 11:17:20: 9,897,096,183 states generated (28,377,626 s/min), 1,509,638,463 distinct states found (4,058,368 ds/min), 278,479,792 states left on queue.
Progress(35) at 2026-09-05 11:18:20: 9,925,383,705 states generated (28,287,522 s/min), 1,513,383,688 distinct states found (3,745,225 ds/min), 278,774,313 states left on queue.
Progress(35) at 2026-09-05 11:19:20: 9,954,179,109 states generated (28,795,404 s/min), 1,517,497,567 distinct states found (4,113,879 ds/min), 279,421,812 states left on queue.
Progress(35) at 2026-09-05 11:20:20: 9,982,099,012 states generated (27,919,903 s/min), 1,521,532,149 distinct states found (4,034,582 ds/min), 280,083,940 states left on queue.
Progress(35) at 2026-09-05 11:21:20: 10,011,229,376 states generated (29,130,364 s/min), 1,525,764,819 distinct states found (4,232,670 ds/min), 280,930,093 states left on queue.
Progress(35) at 2026-09-05 11:22:20: 10,038,903,731 states generated (27,674,355 s/min), 1,529,840,655 distinct states found (4,075,836 ds/min), 281,524,120 states left on queue.
Progress(35) at 2026-09-05 11:23:20: 10,066,049,873 states generated (27,146,142 s/min), 1,533,718,431 distinct states found (3,877,776 ds/min), 282,265,763 states left on queue.
Checkpointing of run states/26-09-05-05-23-15
Checkpointing completed at (2026-09-05 11:24:24)
Progress(35) at 2026-09-05 11:24:24: 10,094,476,673 states generated (28,426,800 s/min), 1,537,744,411 distinct states found (4,025,980 ds/min), 283,037,856 states left on queue.
Progress(35) at 2026-09-05 11:25:24: 10,121,593,254 states generated (27,116,581 s/min), 1,541,539,498 distinct states found (3,795,087 ds/min), 283,468,138 states left on queue.
Progress(35) at 2026-09-05 11:26:24: 10,148,743,906 states generated (27,150,652 s/min), 1,545,237,159 distinct states found (3,697,661 ds/min), 283,858,448 states left on queue.
Progress(35) at 2026-09-05 11:27:27: 10,173,101,156 states generated (24,357,250 s/min), 1,548,819,574 distinct states found (3,582,415 ds/min), 284,406,731 states left on queue.
Progress(35) at 2026-09-05 11:28:27: 10,200,831,999 states generated (27,730,843 s/min), 1,552,819,460 distinct states found (3,999,886 ds/min), 285,183,781 states left on queue.
Progress(35) at 2026-09-05 11:29:27: 10,228,163,482 states generated (27,331,483 s/min), 1,556,554,675 distinct states found (3,735,215 ds/min), 285,577,311 states left on queue.
Progress(35) at 2026-09-05 11:30:27: 10,256,219,118 states generated (28,055,636 s/min), 1,560,460,234 distinct states found (3,905,559 ds/min), 285,857,779 states left on queue.
Progress(35) at 2026-09-05 11:31:27: 10,285,018,826 states generated (28,799,708 s/min), 1,564,254,232 distinct states found (3,793,998 ds/min), 286,050,285 states left on queue.
Progress(35) at 2026-09-05 11:32:27: 10,313,351,587 states generated (28,332,761 s/min), 1,567,829,585 distinct states found (3,575,353 ds/min), 286,133,414 states left on queue.
Progress(35) at 2026-09-05 11:33:27: 10,340,545,775 states generated (27,194,188 s/min), 1,571,424,301 distinct states found (3,594,716 ds/min), 286,235,996 states left on queue.
Progress(35) at 2026-09-05 11:34:27: 10,368,239,292 states generated (27,693,517 s/min), 1,575,151,429 distinct states found (3,727,128 ds/min), 286,487,427 states left on queue.
Progress(35) at 2026-09-05 11:35:27: 10,396,120,462 states generated (27,881,170 s/min), 1,578,852,018 distinct states found (3,700,589 ds/min), 286,673,525 states left on queue.
Progress(35) at 2026-09-05 11:36:27: 10,422,920,347 states generated (26,799,885 s/min), 1,583,111,367 distinct states found (4,259,349 ds/min), 287,524,705 states left on queue.
Progress(35) at 2026-09-05 11:37:27: 10,449,784,084 states generated (26,863,737 s/min), 1,586,728,872 distinct states found (3,617,505 ds/min), 287,727,635 states left on queue.
Progress(35) at 2026-09-05 11:38:27: 10,478,335,478 states generated (28,551,394 s/min), 1,590,696,070 distinct states found (3,967,198 ds/min), 288,067,459 states left on queue.
Progress(35) at 2026-09-05 11:39:27: 10,507,978,066 states generated (29,642,588 s/min), 1,594,842,657 distinct states found (4,146,587 ds/min), 288,655,383 states left on queue.
Progress(35) at 2026-09-05 11:40:27: 10,536,946,108 states generated (28,968,042 s/min), 1,598,619,238 distinct states found (3,776,581 ds/min), 288,981,048 states left on queue.
Progress(35) at 2026-09-05 11:41:27: 10,566,440,869 states generated (29,494,761 s/min), 1,602,460,994 distinct states found (3,841,756 ds/min), 289,394,566 states left on queue.
Progress(35) at 2026-09-05 11:42:27: 10,595,225,263 states generated (28,784,394 s/min), 1,606,188,485 distinct states found (3,727,491 ds/min), 289,591,930 states left on queue.
Progress(35) at 2026-09-05 11:43:27: 10,623,892,840 states generated (28,667,577 s/min), 1,609,691,138 distinct states found (3,502,653 ds/min), 289,500,406 states left on queue.
Progress(35) at 2026-09-05 11:44:27: 10,652,357,480 states generated (28,464,640 s/min), 1,613,277,283 distinct states found (3,586,145 ds/min), 289,573,767 states left on queue.
Progress(35) at 2026-09-05 11:45:27: 10,680,617,048 states generated (28,259,568 s/min), 1,617,290,537 distinct states found (4,013,254 ds/min), 290,104,968 states left on queue.
Progress(35) at 2026-09-05 11:46:27: 10,708,289,445 states generated (27,672,397 s/min), 1,621,143,036 distinct states found (3,852,499 ds/min), 290,620,769 states left on queue.
Progress(35) at 2026-09-05 11:47:27: 10,735,157,334 states generated (26,867,889 s/min), 1,624,702,454 distinct states found (3,559,418 ds/min), 290,909,632 states left on queue.
Progress(35) at 2026-09-05 11:48:27: 10,762,734,250 states generated (27,576,916 s/min), 1,628,543,124 distinct states found (3,840,670 ds/min), 291,374,341 states left on queue.
Progress(35) at 2026-09-05 11:49:27: 10,790,067,081 states generated (27,332,831 s/min), 1,632,186,817 distinct states found (3,643,693 ds/min), 291,485,858 states left on queue.
Progress(35) at 2026-09-05 11:50:27: 10,817,476,990 states generated (27,409,909 s/min), 1,636,177,337 distinct states found (3,990,520 ds/min), 291,862,814 states left on queue.
Progress(35) at 2026-09-05 11:51:27: 10,844,893,789 states generated (27,416,799 s/min), 1,639,818,967 distinct states found (3,641,630 ds/min), 291,970,484 states left on queue.
Progress(35) at 2026-09-05 11:52:27: 10,874,127,826 states generated (29,234,037 s/min), 1,643,772,938 distinct states found (3,953,971 ds/min), 292,432,304 states left on queue.
Progress(35) at 2026-09-05 11:53:27: 10,902,881,740 states generated (28,753,914 s/min), 1,647,472,300 distinct states found (3,699,362 ds/min), 292,769,095 states left on queue.
Checkpointing of run states/26-09-05-05-23-15
Checkpointing completed at (2026-09-05 11:54:30)
Progress(35) at 2026-09-05 11:54:30: 10,932,417,284 states generated (29,535,544 s/min), 1,651,261,601 distinct states found (3,789,301 ds/min), 293,106,002 states left on queue.
Progress(35) at 2026-09-05 11:55:30: 10,961,165,004 states generated (28,747,720 s/min), 1,655,153,241 distinct states found (3,891,640 ds/min), 293,393,837 states left on queue.
Progress(35) at 2026-09-05 11:56:30: 10,989,806,813 states generated (28,641,809 s/min), 1,658,868,419 distinct states found (3,715,178 ds/min), 293,387,382 states left on queue.
Progress(35) at 2026-09-05 11:57:30: 11,017,397,985 states generated (27,591,172 s/min), 1,662,631,590 distinct states found (3,763,171 ds/min), 293,671,805 states left on queue.
Progress(35) at 2026-09-05 11:58:30: 11,045,479,636 states generated (28,081,651 s/min), 1,666,371,060 distinct states found (3,739,470 ds/min), 293,777,672 states left on queue.
Progress(35) at 2026-09-05 11:59:30: 11,073,787,585 states generated (28,307,949 s/min), 1,670,045,036 distinct states found (3,673,976 ds/min), 293,832,089 states left on queue.
Progress(35) at 2026-09-05 12:00:30: 11,102,167,819 states generated (28,380,234 s/min), 1,673,547,709 distinct states found (3,502,673 ds/min), 293,610,930 states left on queue.
Progress(35) at 2026-09-05 12:01:30: 11,129,219,887 states generated (27,052,068 s/min), 1,677,089,474 distinct states found (3,541,765 ds/min), 293,588,262 states left on queue.
Progress(35) at 2026-09-05 12:02:30: 11,156,189,281 states generated (26,969,394 s/min), 1,681,246,234 distinct states found (4,156,760 ds/min), 294,095,264 states left on queue.
Progress(35) at 2026-09-05 12:03:30: 11,183,562,534 states generated (27,373,253 s/min), 1,685,036,163 distinct states found (3,789,929 ds/min), 294,262,259 states left on queue.
Progress(35) at 2026-09-05 12:04:30: 11,212,325,231 states generated (28,762,697 s/min), 1,688,822,408 distinct states found (3,786,245 ds/min), 294,376,935 states left on queue.
Progress(35) at 2026-09-05 12:05:30: 11,240,890,817 states generated (28,565,586 s/min), 1,692,449,246 distinct states found (3,626,838 ds/min), 294,504,466 states left on queue.
Progress(35) at 2026-09-05 12:06:30: 11,268,625,381 states generated (27,734,564 s/min), 1,695,950,959 distinct states found (3,501,713 ds/min), 294,309,222 states left on queue.
Progress(35) at 2026-09-05 12:07:30: 11,296,836,869 states generated (28,211,488 s/min), 1,699,601,317 distinct states found (3,650,358 ds/min), 294,575,958 states left on queue.
Progress(35) at 2026-09-05 12:08:30: 11,324,004,517 states generated (27,167,648 s/min), 1,703,367,317 distinct states found (3,766,000 ds/min), 294,679,940 states left on queue.
Progress(35) at 2026-09-05 12:09:30: 11,351,825,705 states generated (27,821,188 s/min), 1,706,889,411 distinct states found (3,522,094 ds/min), 294,677,042 states left on queue.
Progress(35) at 2026-09-05 12:10:30: 11,379,311,612 states generated (27,485,907 s/min), 1,710,631,882 distinct states found (3,742,471 ds/min), 294,733,002 states left on queue.
Progress(35) at 2026-09-05 12:11:30: 11,408,703,324 states generated (29,391,712 s/min), 1,714,648,378 distinct states found (4,016,496 ds/min), 295,186,178 states left on queue.
Progress(35) at 2026-09-05 12:12:30: 11,436,404,757 states generated (27,701,433 s/min), 1,718,356,196 distinct states found (3,707,818 ds/min), 295,321,799 states left on queue.
Progress(35) at 2026-09-05 12:13:30: 11,465,552,356 states generated (29,147,599 s/min), 1,722,245,114 distinct states found (3,888,918 ds/min), 295,679,747 states left on queue.
Progress(35) at 2026-09-05 12:14:30: 11,492,812,266 states generated (27,259,910 s/min), 1,725,895,771 distinct states found (3,650,657 ds/min), 295,807,957 states left on queue.
Progress(35) at 2026-09-05 12:15:30: 11,521,519,568 states generated (28,707,302 s/min), 1,729,678,714 distinct states found (3,782,943 ds/min), 296,216,993 states left on queue.
Progress(35) at 2026-09-05 12:16:30: 11,550,947,723 states generated (29,428,155 s/min), 1,733,449,576 distinct states found (3,770,862 ds/min), 296,700,677 states left on queue.
Progress(35) at 2026-09-05 12:17:30: 11,579,485,279 states generated (28,537,556 s/min), 1,737,555,393 distinct states found (4,105,817 ds/min), 297,538,792 states left on queue.
Progress(35) at 2026-09-05 12:18:30: 11,607,772,630 states generated (28,287,351 s/min), 1,741,162,641 distinct states found (3,607,248 ds/min), 297,850,808 states left on queue.
Progress(35) at 2026-09-05 12:19:30: 11,635,819,699 states generated (28,047,069 s/min), 1,744,870,547 distinct states found (3,707,906 ds/min), 298,159,969 states left on queue.
Progress(35) at 2026-09-05 12:20:30: 11,664,018,441 states generated (28,198,742 s/min), 1,748,712,504 distinct states found (3,841,957 ds/min), 298,671,635 states left on queue.
Progress(35) at 2026-09-05 12:21:30: 11,690,303,511 states generated (26,285,070 s/min), 1,752,328,932 distinct states found (3,616,428 ds/min), 298,793,594 states left on queue.
Progress(35) at 2026-09-05 12:22:30: 11,718,079,624 states generated (27,776,113 s/min), 1,755,821,507 distinct states found (3,492,575 ds/min), 298,618,729 states left on queue.
Progress(35) at 2026-09-05 12:23:30: 11,747,074,323 states generated (28,994,699 s/min), 1,760,205,248 distinct states found (4,383,741 ds/min), 299,432,113 states left on queue.
Checkpointing of run states/26-09-05-05-23-15
Checkpointing completed at (2026-09-05 12:24:33)
Progress(35) at 2026-09-05 12:24:33: 11,778,295,362 states generated (31,221,039 s/min), 1,764,552,648 distinct states found (4,347,400 ds/min), 299,943,885 states left on queue.
Progress(35) at 2026-09-05 12:25:33: 11,807,531,180 states generated (29,235,818 s/min), 1,768,149,988 distinct states found (3,597,340 ds/min), 300,050,977 states left on queue.
Progress(35) at 2026-09-05 12:26:33: 11,837,281,621 states generated (29,750,441 s/min), 1,772,026,871 distinct states found (3,876,883 ds/min), 300,306,913 states left on queue.
Progress(35) at 2026-09-05 12:27:43: 11,865,235,890 states generated (27,954,269 s/min), 1,775,636,331 distinct states found (3,609,460 ds/min), 300,577,109 states left on queue.
Progress(35) at 2026-09-05 12:28:43: 11,895,171,768 states generated (29,935,878 s/min), 1,779,624,455 distinct states found (3,988,124 ds/min), 300,790,434 states left on queue.
Progress(35) at 2026-09-05 12:29:43: 11,924,767,409 states generated (29,595,641 s/min), 1,783,256,161 distinct states found (3,631,706 ds/min), 300,757,318 states left on queue.
Progress(35) at 2026-09-05 12:30:43: 11,952,911,174 states generated (28,143,765 s/min), 1,787,027,703 distinct states found (3,771,542 ds/min), 300,830,287 states left on queue.
Progress(35) at 2026-09-05 12:31:43: 11,981,153,781 states generated (28,242,607 s/min), 1,790,739,736 distinct states found (3,712,033 ds/min), 300,978,663 states left on queue.
Progress(36) at 2026-09-05 12:32:43: 12,009,637,411 states generated (28,483,630 s/min), 1,794,375,542 distinct states found (3,635,806 ds/min), 301,125,737 states left on queue.
Progress(36) at 2026-09-05 12:33:43: 12,037,961,429 states generated (28,324,018 s/min), 1,798,022,121 distinct states found (3,646,579 ds/min), 301,411,166 states left on queue.
Progress(36) at 2026-09-05 12:34:43: 12,067,954,256 states generated (29,992,827 s/min), 1,801,913,656 distinct states found (3,891,535 ds/min), 301,838,271 states left on queue.
Progress(36) at 2026-09-05 12:35:43: 12,097,635,508 states generated (29,681,252 s/min), 1,806,068,199 distinct states found (4,154,543 ds/min), 302,464,774 states left on queue.
Progress(36) at 2026-09-05 12:36:43: 12,126,438,566 states generated (28,803,058 s/min), 1,809,952,360 distinct states found (3,884,161 ds/min), 302,729,280 states left on queue.
Progress(36) at 2026-09-05 12:37:43: 12,154,686,476 states generated (28,247,910 s/min), 1,813,847,364 distinct states found (3,895,004 ds/min), 303,099,654 states left on queue.
Progress(36) at 2026-09-05 12:38:43: 12,182,681,417 states generated (27,994,941 s/min), 1,817,397,565 distinct states found (3,550,201 ds/min), 303,169,573 states left on queue.
Progress(36) at 2026-09-05 12:39:43: 12,211,394,169 states generated (28,712,752 s/min), 1,821,490,712 distinct states found (4,093,147 ds/min), 303,844,751 states left on queue.
Progress(36) at 2026-09-05 12:40:43: 12,238,987,427 states generated (27,593,258 s/min), 1,825,355,870 distinct states found (3,865,158 ds/min), 304,383,617 states left on queue.
Progress(36) at 2026-09-05 12:41:43: 12,268,572,896 states generated (29,585,469 s/min), 1,829,568,539 distinct states found (4,212,669 ds/min), 305,183,333 states left on queue.
Progress(36) at 2026-09-05 12:42:43: 12,296,335,686 states generated (27,762,790 s/min), 1,833,539,744 distinct states found (3,971,205 ds/min), 305,633,747 states left on queue.
Progress(36) at 2026-09-05 12:43:43: 12,324,147,159 states generated (27,811,473 s/min), 1,837,308,155 distinct states found (3,768,411 ds/min), 306,103,673 states left on queue.
Progress(36) at 2026-09-05 12:44:43: 12,350,910,127 states generated (26,762,968 s/min), 1,841,066,884 distinct states found (3,758,729 ds/min), 306,770,819 states left on queue.
Progress(36) at 2026-09-05 12:45:43: 12,377,862,920 states generated (26,952,793 s/min), 1,844,884,711 distinct states found (3,817,827 ds/min), 307,522,968 states left on queue.
Progress(36) at 2026-09-05 12:46:43: 12,404,752,805 states generated (26,889,885 s/min), 1,848,511,552 distinct states found (3,626,841 ds/min), 307,936,626 states left on queue.
Progress(36) at 2026-09-05 12:47:43: 12,432,056,791 states generated (27,303,986 s/min), 1,852,193,370 distinct states found (3,681,818 ds/min), 308,176,296 states left on queue.
Progress(36) at 2026-09-05 12:48:43: 12,459,049,066 states generated (26,992,275 s/min), 1,856,076,717 distinct states found (3,883,347 ds/min), 308,730,374 states left on queue.
Progress(36) at 2026-09-05 12:49:43: 12,486,409,286 states generated (27,360,220 s/min), 1,859,879,491 distinct states found (3,802,774 ds/min), 309,146,366 states left on queue.
Progress(36) at 2026-09-05 12:50:43: 12,513,999,081 states generated (27,589,795 s/min), 1,863,663,522 distinct states found (3,784,031 ds/min), 309,854,485 states left on queue.
Progress(36) at 2026-09-05 12:51:43: 12,540,963,475 states generated (26,964,394 s/min), 1,867,209,885 distinct states found (3,546,363 ds/min), 310,019,820 states left on queue.
Progress(36) at 2026-09-05 12:52:43: 12,569,559,079 states generated (28,595,604 s/min), 1,871,131,780 distinct states found (3,921,895 ds/min), 310,202,973 states left on queue.
Progress(36) at 2026-09-05 12:53:43: 12,598,699,952 states generated (29,140,873 s/min), 1,874,816,018 distinct states found (3,684,238 ds/min), 310,258,865 states left on queue.
Checkpointing of run states/26-09-05-05-23-15
Checkpointing completed at (2026-09-05 12:54:46)
Progress(36) at 2026-09-05 12:54:46: 12,628,180,530 states generated (29,480,578 s/min), 1,878,400,150 distinct states found (3,584,132 ds/min), 310,209,720 states left on queue.
Progress(36) at 2026-09-05 12:55:46: 12,655,438,940 states generated (27,258,410 s/min), 1,881,893,589 distinct states found (3,493,439 ds/min), 310,224,593 states left on queue.
Progress(36) at 2026-09-05 12:56:46: 12,682,972,385 states generated (27,533,445 s/min), 1,885,482,373 distinct states found (3,588,784 ds/min), 310,342,035 states left on queue.
Progress(36) at 2026-09-05 12:57:46: 12,710,964,300 states generated (27,991,915 s/min), 1,889,088,055 distinct states found (3,605,682 ds/min), 310,449,784 states left on queue.
Progress(36) at 2026-09-05 12:58:46: 12,738,105,517 states generated (27,141,217 s/min), 1,893,275,054 distinct states found (4,186,999 ds/min), 311,188,111 states left on queue.
Progress(36) at 2026-09-05 12:59:46: 12,764,426,094 states generated (26,320,577 s/min), 1,896,813,281 distinct states found (3,538,227 ds/min), 311,358,395 states left on queue.
Progress(36) at 2026-09-05 13:00:46: 12,791,488,679 states generated (27,062,585 s/min), 1,900,438,817 distinct states found (3,625,536 ds/min), 311,394,651 states left on queue.
Progress(36) at 2026-09-05 13:01:46: 12,822,055,439 states generated (30,566,760 s/min), 1,904,567,939 distinct states found (4,129,122 ds/min), 311,937,087 states left on queue.
Progress(36) at 2026-09-05 13:02:46: 12,850,781,012 states generated (28,725,573 s/min), 1,908,399,636 distinct states found (3,831,697 ds/min), 312,198,176 states left on queue.
Progress(36) at 2026-09-05 13:03:46: 12,880,190,204 states generated (29,409,192 s/min), 1,912,138,471 distinct states found (3,738,835 ds/min), 312,619,702 states left on queue.
Progress(36) at 2026-09-05 13:04:46: 12,909,505,908 states generated (29,315,704 s/min), 1,915,804,294 distinct states found (3,665,823 ds/min), 312,834,444 states left on queue.
Progress(36) at 2026-09-05 13:05:46: 12,938,224,157 states generated (28,718,249 s/min), 1,919,356,059 distinct states found (3,551,765 ds/min), 312,856,061 states left on queue.
Progress(36) at 2026-09-05 13:06:46: 12,966,735,669 states generated (28,511,512 s/min), 1,922,762,633 distinct states found (3,406,574 ds/min), 312,734,980 states left on queue.
Progress(36) at 2026-09-05 13:07:46: 12,994,931,745 states generated (28,196,076 s/min), 1,926,168,702 distinct states found (3,406,069 ds/min), 312,637,177 states left on queue.
Progress(36) at 2026-09-05 13:08:46: 13,023,178,030 states generated (28,246,285 s/min), 1,930,074,692 distinct states found (3,905,990 ds/min), 313,073,753 states left on queue.
Progress(36) at 2026-09-05 13:09:46: 13,051,307,119 states generated (28,129,089 s/min), 1,933,925,004 distinct states found (3,850,312 ds/min), 313,561,371 states left on queue.
Progress(36) at 2026-09-05 13:10:46: 13,077,926,504 states generated (26,619,385 s/min), 1,937,452,171 distinct states found (3,527,167 ds/min), 313,853,088 states left on queue.
Progress(36) at 2026-09-05 13:11:46: 13,105,749,910 states generated (27,823,406 s/min), 1,941,128,557 distinct states found (3,676,386 ds/min), 314,143,098 states left on queue.
Progress(36) at 2026-09-05 13:12:46: 13,132,525,507 states generated (26,775,597 s/min), 1,944,671,957 distinct states found (3,543,400 ds/min), 314,284,779 states left on queue.
Progress(36) at 2026-09-05 13:13:46: 13,160,213,491 states generated (27,687,984 s/min), 1,948,446,680 distinct states found (3,774,723 ds/min), 314,456,289 states left on queue.
Progress(36) at 2026-09-05 13:14:46: 13,187,164,101 states generated (26,950,610 s/min), 1,952,104,739 distinct states found (3,658,059 ds/min), 314,536,286 states left on queue.
Progress(36) at 2026-09-05 13:15:46: 13,214,613,717 states generated (27,449,616 s/min), 1,955,646,080 distinct states found (3,541,341 ds/min), 314,549,319 states left on queue.
Progress(36) at 2026-09-05 13:16:46: 13,244,153,334 states generated (29,539,617 s/min), 1,959,497,070 distinct states found (3,850,990 ds/min), 314,931,097 states left on queue.
Progress(36) at 2026-09-05 13:17:46: 13,273,118,870 states generated (28,965,536 s/min), 1,963,224,612 distinct states found (3,727,542 ds/min), 315,369,211 states left on queue.
Progress(36) at 2026-09-05 13:18:46: 13,301,058,316 states generated (27,939,446 s/min), 1,966,617,751 distinct states found (3,393,139 ds/min), 315,476,293 states left on queue.
Progress(36) at 2026-09-05 13:19:46: 13,329,566,514 states generated (28,508,198 s/min), 1,970,380,840 distinct states found (3,763,089 ds/min), 315,643,976 states left on queue.
Progress(36) at 2026-09-05 13:20:46: 13,358,132,577 states generated (28,566,063 s/min), 1,973,898,297 distinct states found (3,517,457 ds/min), 315,472,430 states left on queue.
Progress(36) at 2026-09-05 13:21:46: 13,385,969,240 states generated (27,836,663 s/min), 1,977,644,742 distinct states found (3,746,445 ds/min), 315,742,931 states left on queue.
Progress(36) at 2026-09-05 13:22:46: 13,413,460,663 states generated (27,491,423 s/min), 1,981,290,736 distinct states found (3,645,994 ds/min), 315,792,602 states left on queue.
Progress(36) at 2026-09-05 13:23:46: 13,442,271,864 states generated (28,811,201 s/min), 1,984,871,455 distinct states found (3,580,719 ds/min), 315,750,133 states left on queue.
Checkpointing of run states/26-09-05-05-23-15
Checkpointing completed at (2026-09-05 13:24:49)
Progress(36) at 2026-09-05 13:24:49: 13,471,724,490 states generated (29,452,626 s/min), 1,988,456,110 distinct states found (3,584,655 ds/min), 315,496,615 states left on queue.
Progress(36) at 2026-09-05 13:25:49: 13,498,977,339 states generated (27,252,849 s/min), 1,991,875,177 distinct states found (3,419,067 ds/min), 315,343,101 states left on queue.
Progress(36) at 2026-09-05 13:26:49: 13,525,606,336 states generated (26,628,997 s/min), 1,995,831,268 distinct states found (3,956,091 ds/min), 315,694,847 states left on queue.
Progress(36) at 2026-09-05 13:28:04: 13,549,365,308 states generated (23,758,972 s/min), 1,999,165,012 distinct states found (3,333,744 ds/min), 315,714,972 states left on queue.
Progress(36) at 2026-09-05 13:29:04: 13,578,472,832 states generated (29,107,524 s/min), 2,002,882,788 distinct states found (3,717,776 ds/min), 315,774,983 states left on queue.
Progress(36) at 2026-09-05 13:30:04: 13,606,819,922 states generated (28,347,090 s/min), 2,006,399,187 distinct states found (3,516,399 ds/min), 315,787,796 states left on queue.
Progress(36) at 2026-09-05 13:31:04: 13,635,045,030 states generated (28,225,108 s/min), 2,009,881,405 distinct states found (3,482,218 ds/min), 315,661,909 states left on queue.
Progress(36) at 2026-09-05 13:32:04: 13,662,990,593 states generated (27,945,563 s/min), 2,013,202,035 distinct states found (3,320,630 ds/min), 315,561,274 states left on queue.
Progress(36) at 2026-09-05 13:33:04: 13,690,788,329 states generated (27,797,736 s/min), 2,017,065,036 distinct states found (3,863,001 ds/min), 315,758,803 states left on queue.
Progress(36) at 2026-09-05 13:34:04: 13,718,162,525 states generated (27,374,196 s/min), 2,020,638,121 distinct states found (3,573,085 ds/min), 315,707,929 states left on queue.
Progress(36) at 2026-09-05 13:35:04: 13,745,310,432 states generated (27,147,907 s/min), 2,023,935,807 distinct states found (3,297,686 ds/min), 315,570,415 states left on queue.
Progress(36) at 2026-09-05 13:36:04: 13,773,893,970 states generated (28,583,538 s/min), 2,027,835,756 distinct states found (3,899,949 ds/min), 315,932,791 states left on queue.
Progress(36) at 2026-09-05 13:37:04: 13,802,738,093 states generated (28,844,123 s/min), 2,031,591,337 distinct states found (3,755,581 ds/min), 316,104,016 states left on queue.
Progress(36) at 2026-09-05 13:38:04: 13,830,289,831 states generated (27,551,738 s/min), 2,035,137,824 distinct states found (3,546,487 ds/min), 316,018,399 states left on queue.
Progress(36) at 2026-09-05 13:39:04: 13,859,757,981 states generated (29,468,150 s/min), 2,038,942,309 distinct states found (3,804,485 ds/min), 316,316,213 states left on queue.
Progress(36) at 2026-09-05 13:40:04: 13,887,195,560 states generated (27,437,579 s/min), 2,042,517,269 distinct states found (3,574,960 ds/min), 316,385,585 states left on queue.
Progress(36) at 2026-09-05 13:41:04: 13,915,800,575 states generated (28,605,015 s/min), 2,046,241,509 distinct states found (3,724,240 ds/min), 316,817,231 states left on queue.
Progress(36) at 2026-09-05 13:42:04: 13,945,334,589 states generated (29,534,014 s/min), 2,049,938,516 distinct states found (3,697,007 ds/min), 317,196,582 states left on queue.
Progress(36) at 2026-09-05 13:43:04: 13,973,735,902 states generated (28,401,313 s/min), 2,053,907,479 distinct states found (3,968,963 ds/min), 317,938,829 states left on queue.
Progress(36) at 2026-09-05 13:44:04: 14,002,571,523 states generated (28,835,621 s/min), 2,057,652,570 distinct states found (3,745,091 ds/min), 318,307,850 states left on queue.
Progress(36) at 2026-09-05 13:45:04: 14,029,932,919 states generated (27,361,396 s/min), 2,060,962,503 distinct states found (3,309,933 ds/min), 318,400,314 states left on queue.
Progress(36) at 2026-09-05 13:46:04: 14,058,119,856 states generated (28,186,937 s/min), 2,064,759,549 distinct states found (3,797,046 ds/min), 318,775,089 states left on queue.
Progress(36) at 2026-09-05 13:47:04: 14,086,115,675 states generated (27,995,819 s/min), 2,068,355,300 distinct states found (3,595,751 ds/min), 319,018,282 states left on queue.
Progress(36) at 2026-09-05 13:48:04: 14,112,350,640 states generated (26,234,965 s/min), 2,071,833,907 distinct states found (3,478,607 ds/min), 318,982,721 states left on queue.
Progress(36) at 2026-09-05 13:49:04: 14,140,598,384 states generated (28,247,744 s/min), 2,075,346,406 distinct states found (3,512,499 ds/min), 318,833,334 states left on queue.
Progress(36) at 2026-09-05 13:50:04: 14,169,269,024 states generated (28,670,640 s/min), 2,079,633,873 distinct states found (4,287,467 ds/min), 319,543,962 states left on queue.
Progress(36) at 2026-09-05 13:51:04: 14,198,772,080 states generated (29,503,056 s/min), 2,083,695,282 distinct states found (4,061,409 ds/min), 319,960,551 states left on queue.
Progress(36) at 2026-09-05 13:52:04: 14,228,147,213 states generated (29,375,133 s/min), 2,087,264,523 distinct states found (3,569,241 ds/min), 319,980,057 states left on queue.
Progress(36) at 2026-09-05 13:53:04: 14,257,270,301 states generated (29,123,088 s/min), 2,090,816,073 distinct states found (3,551,550 ds/min), 319,983,490 states left on queue.
Progress(36) at 2026-09-05 13:54:04: 14,288,286,779 states generated (31,016,478 s/min), 2,094,838,498 distinct states found (4,022,425 ds/min), 320,315,949 states left on queue.
Checkpointing of run states/26-09-05-05-23-15
Checkpointing completed at (2026-09-05 13:55:07)
Progress(36) at 2026-09-05 13:55:07: 14,320,010,575 states generated (31,723,796 s/min), 2,098,886,009 distinct states found (4,047,511 ds/min), 320,445,183 states left on queue.
Progress(36) at 2026-09-05 13:56:07: 14,349,897,515 states generated (29,886,940 s/min), 2,102,458,842 distinct states found (3,572,833 ds/min), 320,278,828 states left on queue.
Progress(36) at 2026-09-05 13:57:07: 14,378,604,334 states generated (28,706,819 s/min), 2,106,175,547 distinct states found (3,716,705 ds/min), 320,306,432 states left on queue.
Progress(36) at 2026-09-05 13:58:07: 14,405,657,670 states generated (27,053,336 s/min), 2,109,569,211 distinct states found (3,393,664 ds/min), 320,172,061 states left on queue.
Progress(36) at 2026-09-05 13:59:07: 14,435,065,026 states generated (29,407,356 s/min), 2,113,302,504 distinct states found (3,733,293 ds/min), 320,402,058 states left on queue.
Progress(37) at 2026-09-05 14:00:07: 14,463,141,697 states generated (28,076,671 s/min), 2,117,009,663 distinct states found (3,707,159 ds/min), 320,626,259 states left on queue.
Progress(37) at 2026-09-05 14:01:07: 14,492,508,910 states generated (29,367,213 s/min), 2,120,635,169 distinct states found (3,625,506 ds/min), 320,842,061 states left on queue.
Progress(37) at 2026-09-05 14:02:07: 14,522,326,799 states generated (29,817,889 s/min), 2,124,521,508 distinct states found (3,886,339 ds/min), 321,279,179 states left on queue.
Progress(37) at 2026-09-05 14:03:07: 14,551,684,018 states generated (29,357,219 s/min), 2,128,395,786 distinct states found (3,874,278 ds/min), 321,521,217 states left on queue.
Progress(37) at 2026-09-05 14:04:07: 14,580,529,624 states generated (28,845,606 s/min), 2,132,220,150 distinct states found (3,824,364 ds/min), 321,786,634 states left on queue.
Progress(37) at 2026-09-05 14:05:07: 14,608,615,293 states generated (28,085,669 s/min), 2,135,928,386 distinct states found (3,708,236 ds/min), 322,005,704 states left on queue.
Progress(37) at 2026-09-05 14:06:07: 14,636,594,003 states generated (27,978,710 s/min), 2,139,374,695 distinct states found (3,446,309 ds/min), 321,973,944 states left on queue.
Progress(37) at 2026-09-05 14:07:07: 14,665,680,218 states generated (29,086,215 s/min), 2,143,311,525 distinct states found (3,936,830 ds/min), 322,453,087 states left on queue.
Progress(37) at 2026-09-05 14:08:07: 14,693,025,081 states generated (27,344,863 s/min), 2,147,175,057 distinct states found (3,863,532 ds/min), 323,032,285 states left on queue.
Progress(37) at 2026-09-05 14:09:07: 14,721,567,963 states generated (28,542,882 s/min), 2,151,124,486 distinct states found (3,949,429 ds/min), 323,593,900 states left on queue.
Progress(37) at 2026-09-05 14:10:07: 14,750,835,807 states generated (29,267,844 s/min), 2,155,094,174 distinct states found (3,969,688 ds/min), 324,191,878 states left on queue.
Progress(37) at 2026-09-05 14:11:07: 14,778,300,322 states generated (27,464,515 s/min), 2,158,941,026 distinct states found (3,846,852 ds/min), 324,407,922 states left on queue.
Progress(37) at 2026-09-05 14:12:07: 14,805,908,879 states generated (27,608,557 s/min), 2,162,606,539 distinct states found (3,665,513 ds/min), 324,921,270 states left on queue.
Progress(37) at 2026-09-05 14:13:07: 14,832,678,795 states generated (26,769,916 s/min), 2,166,297,780 distinct states found (3,691,241 ds/min), 325,513,598 states left on queue.
Progress(37) at 2026-09-05 14:14:07: 14,859,803,992 states generated (27,125,197 s/min), 2,169,992,858 distinct states found (3,695,078 ds/min), 326,130,673 states left on queue.
Progress(37) at 2026-09-05 14:15:07: 14,886,160,374 states generated (26,356,382 s/min), 2,173,430,385 distinct states found (3,437,527 ds/min), 326,489,244 states left on queue.
Progress(37) at 2026-09-05 14:16:07: 14,913,500,373 states generated (27,339,999 s/min), 2,176,984,701 distinct states found (3,554,316 ds/min), 326,587,680 states left on queue.
Progress(37) at 2026-09-05 14:17:07: 14,940,377,552 states generated (26,877,179 s/min), 2,180,617,148 distinct states found (3,632,447 ds/min), 326,962,430 states left on queue.
Progress(37) at 2026-09-05 14:18:07: 14,967,573,441 states generated (27,195,889 s/min), 2,184,554,633 distinct states found (3,937,485 ds/min), 327,489,649 states left on queue.
Progress(37) at 2026-09-05 14:19:07: 14,994,800,608 states generated (27,227,167 s/min), 2,188,196,016 distinct states found (3,641,383 ds/min), 327,770,948 states left on queue.
Progress(37) at 2026-09-05 14:20:07: 15,022,257,144 states generated (27,456,536 s/min), 2,191,901,726 distinct states found (3,705,710 ds/min), 328,456,892 states left on queue.
Progress(37) at 2026-09-05 14:21:07: 15,049,312,042 states generated (27,054,898 s/min), 2,195,395,433 distinct states found (3,493,707 ds/min), 328,580,666 states left on queue.
Progress(37) at 2026-09-05 14:22:07: 15,077,866,582 states generated (28,554,540 s/min), 2,199,156,620 distinct states found (3,761,187 ds/min), 328,642,320 states left on queue.
Progress(37) at 2026-09-05 14:23:07: 15,106,576,610 states generated (28,710,028 s/min), 2,202,746,347 distinct states found (3,589,727 ds/min), 328,610,093 states left on queue.
Progress(37) at 2026-09-05 14:24:07: 15,135,075,750 states generated (28,499,140 s/min), 2,206,121,442 distinct states found (3,375,095 ds/min), 328,478,478 states left on queue.
Checkpointing of run states/26-09-05-05-23-15
Checkpointing completed at (2026-09-05 14:25:10)
Progress(37) at 2026-09-05 14:25:10: 15,163,336,229 states generated (28,260,479 s/min), 2,209,614,952 distinct states found (3,493,510 ds/min), 328,328,469 states left on queue.
Progress(37) at 2026-09-05 14:26:10: 15,191,100,482 states generated (27,764,253 s/min), 2,213,077,743 distinct states found (3,462,791 ds/min), 328,355,662 states left on queue.
Progress(37) at 2026-09-05 14:27:10: 15,218,953,387 states generated (27,852,905 s/min), 2,216,582,000 distinct states found (3,504,257 ds/min), 328,417,893 states left on queue.
Progress(37) at 2026-09-05 14:28:31: 15,243,834,308 states generated (24,880,921 s/min), 2,220,130,049 distinct states found (3,548,049 ds/min), 328,724,373 states left on queue.
Progress(37) at 2026-09-05 14:29:31: 15,270,158,304 states generated (26,323,996 s/min), 2,223,935,265 distinct states found (3,805,216 ds/min), 329,152,815 states left on queue.
Progress(37) at 2026-09-05 14:30:31: 15,297,003,245 states generated (26,844,941 s/min), 2,227,283,720 distinct states found (3,348,455 ds/min), 329,086,340 states left on queue.
Progress(37) at 2026-09-05 14:31:31: 15,325,662,905 states generated (28,659,660 s/min), 2,231,018,634 distinct states found (3,734,914 ds/min), 329,221,601 states left on queue.
Progress(37) at 2026-09-05 14:32:31: 15,355,610,043 states generated (29,947,138 s/min), 2,234,955,874 distinct states found (3,937,240 ds/min), 329,582,847 states left on queue.
Progress(37) at 2026-09-05 14:33:31: 15,384,327,282 states generated (28,717,239 s/min), 2,238,611,693 distinct states found (3,655,819 ds/min), 329,740,195 states left on queue.
Progress(37) at 2026-09-05 14:34:31: 15,413,758,212 states generated (29,430,930 s/min), 2,242,253,073 distinct states found (3,641,380 ds/min), 330,056,018 states left on queue.
Progress(37) at 2026-09-05 14:35:31: 15,443,053,396 states generated (29,295,184 s/min), 2,245,794,591 distinct states found (3,541,518 ds/min), 330,141,391 states left on queue.
Progress(37) at 2026-09-05 14:36:31: 15,471,917,383 states generated (28,863,987 s/min), 2,249,259,241 distinct states found (3,464,650 ds/min), 330,076,692 states left on queue.
Progress(37) at 2026-09-05 14:37:31: 15,500,346,352 states generated (28,428,969 s/min), 2,252,554,299 distinct states found (3,295,058 ds/min), 329,874,143 states left on queue.
Progress(37) at 2026-09-05 14:38:31: 15,528,406,876 states generated (28,060,524 s/min), 2,255,861,527 distinct states found (3,307,228 ds/min), 329,710,091 states left on queue.
Progress(37) at 2026-09-05 14:39:31: 15,556,652,108 states generated (28,245,232 s/min), 2,259,646,240 distinct states found (3,784,713 ds/min), 330,005,879 states left on queue.
Progress(37) at 2026-09-05 14:40:31: 15,584,837,359 states generated (28,185,251 s/min), 2,263,366,032 distinct states found (3,719,792 ds/min), 330,378,644 states left on queue.
Progress(37) at 2026-09-05 14:41:31: 15,611,759,199 states generated (26,921,840 s/min), 2,267,006,435 distinct states found (3,640,403 ds/min), 330,740,870 states left on queue.
Progress(37) at 2026-09-05 14:42:31: 15,638,733,889 states generated (26,974,690 s/min), 2,270,432,344 distinct states found (3,425,909 ds/min), 330,927,601 states left on queue.
Progress(37) at 2026-09-05 14:43:31: 15,666,043,755 states generated (27,309,866 s/min), 2,273,981,732 distinct states found (3,549,388 ds/min), 331,085,547 states left on queue.
Progress(37) at 2026-09-05 14:44:31: 15,693,144,782 states generated (27,101,027 s/min), 2,277,407,657 distinct states found (3,425,925 ds/min), 330,984,851 states left on queue.
Progress(37) at 2026-09-05 14:45:31: 15,720,443,914 states generated (27,299,132 s/min), 2,281,072,043 distinct states found (3,664,386 ds/min), 331,029,012 states left on queue.
Progress(37) at 2026-09-05 14:46:31: 15,747,777,593 states generated (27,333,679 s/min), 2,284,544,737 distinct states found (3,472,694 ds/min), 330,934,523 states left on queue.
Progress(37) at 2026-09-05 14:47:31: 15,776,200,839 states generated (28,423,246 s/min), 2,288,280,914 distinct states found (3,736,177 ds/min), 331,240,112 states left on queue.
Progress(37) at 2026-09-05 14:48:31: 15,805,646,038 states generated (29,445,199 s/min), 2,291,991,109 distinct states found (3,710,195 ds/min), 331,437,489 states left on queue.
Progress(37) at 2026-09-05 14:49:31: 15,834,030,663 states generated (28,384,625 s/min), 2,295,527,216 distinct states found (3,536,107 ds/min), 331,766,875 states left on queue.
Progress(37) at 2026-09-05 14:50:31: 15,861,765,739 states generated (27,735,076 s/min), 2,298,723,427 distinct states found (3,196,211 ds/min), 331,662,194 states left on queue.
Progress(37) at 2026-09-05 14:51:31: 15,890,557,922 states generated (28,792,183 s/min), 2,302,408,512 distinct states found (3,685,085 ds/min), 331,721,601 states left on queue.
Progress(37) at 2026-09-05 14:52:31: 15,919,197,302 states generated (28,639,380 s/min), 2,305,946,855 distinct states found (3,538,343 ds/min), 331,568,683 states left on queue.
Progress(37) at 2026-09-05 14:53:31: 15,946,814,628 states generated (27,617,326 s/min), 2,309,508,184 distinct states found (3,561,329 ds/min), 331,676,459 states left on queue.
Progress(37) at 2026-09-05 14:54:31: 15,974,398,035 states generated (27,583,407 s/min), 2,313,038,166 distinct states found (3,529,982 ds/min), 331,627,422 states left on queue.
Checkpointing of run states/26-09-05-05-23-15
Checkpointing completed at (2026-09-05 14:55:34)
Progress(37) at 2026-09-05 14:55:34: 16,004,240,100 states generated (29,842,065 s/min), 2,316,656,979 distinct states found (3,618,813 ds/min), 331,484,800 states left on queue.
Progress(37) at 2026-09-05 14:56:34: 16,032,271,570 states generated (28,031,470 s/min), 2,319,955,176 distinct states found (3,298,197 ds/min), 331,127,481 states left on queue.
Progress(37) at 2026-09-05 14:57:34: 16,059,263,174 states generated (26,991,604 s/min), 2,323,275,839 distinct states found (3,320,663 ds/min), 330,888,044 states left on queue.
Progress(37) at 2026-09-05 14:58:34: 16,085,958,153 states generated (26,694,979 s/min), 2,327,167,727 distinct states found (3,891,888 ds/min), 331,183,799 states left on queue.
Progress(37) at 2026-09-05 14:59:34: 16,112,426,529 states generated (26,468,376 s/min), 2,330,716,513 distinct states found (3,548,786 ds/min), 331,045,951 states left on queue.
Progress(37) at 2026-09-05 15:00:34: 16,141,750,811 states generated (29,324,282 s/min), 2,334,336,084 distinct states found (3,619,571 ds/min), 331,039,948 states left on queue.
Progress(37) at 2026-09-05 15:01:34: 16,170,388,173 states generated (28,637,362 s/min), 2,337,810,498 distinct states found (3,474,414 ds/min), 331,036,826 states left on queue.
Progress(37) at 2026-09-05 15:02:34: 16,198,309,713 states generated (27,921,540 s/min), 2,341,150,629 distinct states found (3,340,131 ds/min), 330,742,032 states left on queue.
Progress(37) at 2026-09-05 15:03:34: 16,226,104,374 states generated (27,794,661 s/min), 2,344,325,271 distinct states found (3,174,642 ds/min), 330,647,477 states left on queue.
Progress(37) at 2026-09-05 15:04:34: 16,253,764,354 states generated (27,659,980 s/min), 2,348,106,006 distinct states found (3,780,735 ds/min), 330,671,513 states left on queue.
Progress(37) at 2026-09-05 15:05:34: 16,280,669,621 states generated (26,905,267 s/min), 2,351,519,128 distinct states found (3,413,122 ds/min), 330,536,087 states left on queue.
Progress(37) at 2026-09-05 15:06:34: 16,307,951,778 states generated (27,282,157 s/min), 2,354,699,779 distinct states found (3,180,651 ds/min), 330,296,014 states left on queue.
Progress(37) at 2026-09-05 15:07:34: 16,336,837,956 states generated (28,886,178 s/min), 2,358,609,777 distinct states found (3,909,998 ds/min), 330,671,795 states left on queue.
Progress(37) at 2026-09-05 15:08:34: 16,365,842,046 states generated (29,004,090 s/min), 2,362,288,483 distinct states found (3,678,706 ds/min), 330,779,412 states left on queue.
Progress(37) at 2026-09-05 15:09:34: 16,393,280,713 states generated (27,438,667 s/min), 2,365,702,816 distinct states found (3,414,333 ds/min), 330,600,118 states left on queue.
Progress(37) at 2026-09-05 15:10:34: 16,423,260,566 states generated (29,979,853 s/min), 2,369,478,429 distinct states found (3,775,613 ds/min), 330,884,259 states left on queue.
Progress(37) at 2026-09-05 15:11:34: 16,450,420,500 states generated (27,159,934 s/min), 2,372,942,674 distinct states found (3,464,245 ds/min), 330,882,492 states left on queue.
Progress(37) at 2026-09-05 15:12:34: 16,478,810,528 states generated (28,390,028 s/min), 2,376,539,317 distinct states found (3,596,643 ds/min), 331,123,641 states left on queue.
Progress(37) at 2026-09-05 15:13:34: 16,508,330,108 states generated (29,519,580 s/min), 2,380,090,799 distinct states found (3,551,482 ds/min), 331,375,371 states left on queue.
Progress(37) at 2026-09-05 15:14:34: 16,537,051,529 states generated (28,721,421 s/min), 2,383,850,117 distinct states found (3,759,318 ds/min), 331,903,307 states left on queue.
Progress(37) at 2026-09-05 15:15:34: 16,565,205,593 states generated (28,154,064 s/min), 2,387,653,114 distinct states found (3,802,997 ds/min), 332,489,777 states left on queue.
Progress(37) at 2026-09-05 15:16:34: 16,593,633,237 states generated (28,427,644 s/min), 2,391,127,717 distinct states found (3,474,603 ds/min), 332,570,670 states left on queue.
Progress(37) at 2026-09-05 15:17:34: 16,620,967,114 states generated (27,333,877 s/min), 2,394,405,155 distinct states found (3,277,438 ds/min), 332,616,543 states left on queue.
Progress(37) at 2026-09-05 15:18:34: 16,649,081,217 states generated (28,114,103 s/min), 2,398,168,138 distinct states found (3,762,983 ds/min), 332,963,487 states left on queue.
Progress(37) at 2026-09-05 15:19:34: 16,677,045,395 states generated (27,964,178 s/min), 2,401,660,940 distinct states found (3,492,802 ds/min), 333,077,275 states left on queue.
Progress(37) at 2026-09-05 15:20:34: 16,703,330,534 states generated (26,285,139 s/min), 2,405,031,844 distinct states found (3,370,904 ds/min), 332,935,013 states left on queue.
Progress(37) at 2026-09-05 15:21:34: 16,731,977,268 states generated (28,646,734 s/min), 2,408,588,877 distinct states found (3,557,033 ds/min), 332,789,663 states left on queue.
Progress(37) at 2026-09-05 15:22:34: 16,760,335,204 states generated (28,357,936 s/min), 2,412,689,848 distinct states found (4,100,971 ds/min), 333,354,674 states left on queue.
Progress(37) at 2026-09-05 15:23:34: 16,789,489,322 states generated (29,154,118 s/min), 2,416,592,503 distinct states found (3,902,655 ds/min), 333,632,636 states left on queue.
Progress(37) at 2026-09-05 15:24:34: 16,818,767,968 states generated (29,278,646 s/min), 2,420,170,033 distinct states found (3,577,530 ds/min), 333,573,032 states left on queue.
Checkpointing of run states/26-09-05-05-23-15
Checkpointing completed at (2026-09-05 15:25:37)
Progress(37) at 2026-09-05 15:25:37: 16,848,935,777 states generated (30,167,809 s/min), 2,423,663,998 distinct states found (3,493,965 ds/min), 333,460,276 states left on queue.
Progress(37) at 2026-09-05 15:26:37: 16,879,877,937 states generated (30,942,160 s/min), 2,427,655,198 distinct states found (3,991,200 ds/min), 333,849,526 states left on queue.
Progress(37) at 2026-09-05 15:27:37: 16,910,360,095 states generated (30,482,158 s/min), 2,431,257,409 distinct states found (3,602,211 ds/min), 333,662,787 states left on queue.
Progress(37) at 2026-09-05 15:28:55: 16,937,124,580 states generated (26,764,485 s/min), 2,434,671,272 distinct states found (3,413,863 ds/min), 333,704,648 states left on queue.
Progress(37) at 2026-09-05 15:29:55: 16,966,507,199 states generated (29,382,619 s/min), 2,438,158,978 distinct states found (3,487,706 ds/min), 333,529,350 states left on queue.
Progress(37) at 2026-09-05 15:30:55: 16,993,644,649 states generated (27,137,450 s/min), 2,441,492,077 distinct states found (3,333,099 ds/min), 333,205,523 states left on queue.
Progress(37) at 2026-09-05 15:31:55: 17,022,893,361 states generated (29,248,712 s/min), 2,445,133,365 distinct states found (3,641,288 ds/min), 333,351,264 states left on queue.
Progress(38) at 2026-09-05 15:32:55: 17,051,535,946 states generated (28,642,585 s/min), 2,448,767,014 distinct states found (3,633,649 ds/min), 333,462,377 states left on queue.
Progress(38) at 2026-09-05 15:33:55: 17,079,737,510 states generated (28,201,564 s/min), 2,452,173,785 distinct states found (3,406,771 ds/min), 333,524,496 states left on queue.
Progress(38) at 2026-09-05 15:34:55: 17,109,586,167 states generated (29,848,657 s/min), 2,455,855,190 distinct states found (3,681,405 ds/min), 333,755,950 states left on queue.
Progress(38) at 2026-09-05 15:35:55: 17,139,192,982 states generated (29,606,815 s/min), 2,459,729,431 distinct states found (3,874,241 ds/min), 334,146,039 states left on queue.
Progress(38) at 2026-09-05 15:36:55: 17,168,120,343 states generated (28,927,361 s/min), 2,463,390,000 distinct states found (3,660,569 ds/min), 334,162,555 states left on queue.
Progress(38) at 2026-09-05 15:37:55: 17,196,854,057 states generated (28,733,714 s/min), 2,467,153,816 distinct states found (3,763,816 ds/min), 334,366,351 states left on queue.
Progress(38) at 2026-09-05 15:38:55: 17,224,976,646 states generated (28,122,589 s/min), 2,470,704,375 distinct states found (3,550,559 ds/min), 334,468,650 states left on queue.
Progress(38) at 2026-09-05 15:39:55: 17,252,888,488 states generated (27,911,842 s/min), 2,474,107,427 distinct states found (3,403,052 ds/min), 334,417,804 states left on queue.
Progress(38) at 2026-09-05 15:40:55: 17,281,984,216 states generated (29,095,728 s/min), 2,477,898,643 distinct states found (3,791,216 ds/min), 334,771,927 states left on queue.
Progress(38) at 2026-09-05 15:41:55: 17,309,162,249 states generated (27,178,033 s/min), 2,481,641,860 distinct states found (3,743,217 ds/min), 335,224,536 states left on queue.
Progress(38) at 2026-09-05 15:42:55: 17,337,102,702 states generated (27,940,453 s/min), 2,485,291,461 distinct states found (3,649,601 ds/min), 335,492,241 states left on queue.
Progress(38) at 2026-09-05 15:43:55: 17,366,720,596 states generated (29,617,894 s/min), 2,489,399,949 distinct states found (4,108,488 ds/min), 336,237,899 states left on queue.
Progress(38) at 2026-09-05 15:44:55: 17,394,631,886 states generated (27,911,290 s/min), 2,493,128,312 distinct states found (3,728,363 ds/min), 336,512,915 states left on queue.
Progress(38) at 2026-09-05 15:45:55: 17,422,033,175 states generated (27,401,289 s/min), 2,496,811,050 distinct states found (3,682,738 ds/min), 336,804,877 states left on queue.
Progress(38) at 2026-09-05 15:46:55: 17,449,480,577 states generated (27,447,402 s/min), 2,500,471,366 distinct states found (3,660,316 ds/min), 337,278,389 states left on queue.
Progress(38) at 2026-09-05 15:47:55: 17,476,070,296 states generated (26,589,719 s/min), 2,503,933,787 distinct states found (3,462,421 ds/min), 337,638,306 states left on queue.
Progress(38) at 2026-09-05 15:48:55: 17,503,319,640 states generated (27,249,344 s/min), 2,507,614,383 distinct states found (3,680,596 ds/min), 338,236,542 states left on queue.
Progress(38) at 2026-09-05 15:49:55: 17,529,705,132 states generated (26,385,492 s/min), 2,510,933,629 distinct states found (3,319,246 ds/min), 338,471,008 states left on queue.
Progress(38) at 2026-09-05 15:50:55: 17,556,729,263 states generated (27,024,131 s/min), 2,514,514,545 distinct states found (3,580,916 ds/min), 338,767,174 states left on queue.
Progress(38) at 2026-09-05 15:51:55: 17,583,939,133 states generated (27,209,870 s/min), 2,518,042,836 distinct states found (3,528,291 ds/min), 338,932,694 states left on queue.
Progress(38) at 2026-09-05 15:52:55: 17,610,816,875 states generated (26,877,742 s/min), 2,521,691,790 distinct states found (3,648,954 ds/min), 339,252,277 states left on queue.
Progress(38) at 2026-09-05 15:53:55: 17,637,766,376 states generated (26,949,501 s/min), 2,525,265,673 distinct states found (3,573,883 ds/min), 339,422,550 states left on queue.
Progress(38) at 2026-09-05 15:54:55: 17,665,081,417 states generated (27,315,041 s/min), 2,528,925,806 distinct states found (3,660,133 ds/min), 339,829,418 states left on queue.
Checkpointing of run states/26-09-05-05-23-15
Checkpointing completed at (2026-09-05 15:55:58)
Progress(38) at 2026-09-05 15:55:58: 17,693,415,883 states generated (28,334,466 s/min), 2,532,605,871 distinct states found (3,680,065 ds/min), 340,377,155 states left on queue.
Progress(38) at 2026-09-05 15:56:58: 17,720,078,643 states generated (26,662,760 s/min), 2,535,905,777 distinct states found (3,299,906 ds/min), 340,326,997 states left on queue.
Progress(38) at 2026-09-05 15:57:58: 17,748,788,589 states generated (28,709,946 s/min), 2,539,618,724 distinct states found (3,712,947 ds/min), 340,321,381 states left on queue.
Progress(38) at 2026-09-05 15:58:58: 17,777,648,308 states generated (28,859,719 s/min), 2,543,144,892 distinct states found (3,526,168 ds/min), 340,190,350 states left on queue.
Progress(38) at 2026-09-05 15:59:58: 17,806,089,165 states generated (28,440,857 s/min), 2,546,350,976 distinct states found (3,206,084 ds/min), 339,927,242 states left on queue.
Progress(38) at 2026-09-05 16:00:58: 17,833,123,647 states generated (27,034,482 s/min), 2,549,609,296 distinct states found (3,258,320 ds/min), 339,716,724 states left on queue.
Progress(38) at 2026-09-05 16:01:58: 17,860,723,641 states generated (27,599,994 s/min), 2,552,952,448 distinct states found (3,343,152 ds/min), 339,623,957 states left on queue.
Progress(38) at 2026-09-05 16:02:58: 17,888,615,908 states generated (27,892,267 s/min), 2,556,384,615 distinct states found (3,432,167 ds/min), 339,636,928 states left on queue.
Progress(38) at 2026-09-05 16:03:58: 17,916,155,402 states generated (27,539,494 s/min), 2,560,258,102 distinct states found (3,873,487 ds/min), 339,928,500 states left on queue.
Progress(38) at 2026-09-05 16:04:58: 17,942,435,063 states generated (26,279,661 s/min), 2,563,943,198 distinct states found (3,685,096 ds/min), 340,247,223 states left on queue.
Progress(38) at 2026-09-05 16:05:58: 17,969,104,459 states generated (26,669,396 s/min), 2,567,154,232 distinct states found (3,211,034 ds/min), 340,065,839 states left on queue.
Progress(38) at 2026-09-05 16:06:58: 17,997,376,703 states generated (28,272,244 s/min), 2,570,767,136 distinct states found (3,612,904 ds/min), 340,120,129 states left on queue.
Progress(38) at 2026-09-05 16:07:58: 18,027,670,160 states generated (30,293,457 s/min), 2,574,623,424 distinct states found (3,856,288 ds/min), 340,386,998 states left on queue.
Progress(38) at 2026-09-05 16:08:58: 18,056,591,685 states generated (28,921,525 s/min), 2,578,215,252 distinct states found (3,591,828 ds/min), 340,436,753 states left on queue.
Progress(38) at 2026-09-05 16:09:58: 18,085,834,456 states generated (29,242,771 s/min), 2,581,628,441 distinct states found (3,413,189 ds/min), 340,509,791 states left on queue.
Progress(38) at 2026-09-05 16:10:58: 18,115,173,387 states generated (29,338,931 s/min), 2,585,134,481 distinct states found (3,506,040 ds/min), 340,639,336 states left on queue.
Progress(38) at 2026-09-05 16:11:58: 18,144,051,795 states generated (28,878,408 s/min), 2,588,597,717 distinct states found (3,463,236 ds/min), 340,661,244 states left on queue.
Progress(38) at 2026-09-05 16:12:58: 18,172,508,466 states generated (28,456,671 s/min), 2,591,841,431 distinct states found (3,243,714 ds/min), 340,338,780 states left on queue.
Progress(38) at 2026-09-05 16:13:58: 18,200,711,322 states generated (28,202,856 s/min), 2,594,995,123 distinct states found (3,153,692 ds/min), 340,085,978 states left on queue.
Progress(38) at 2026-09-05 16:14:58: 18,228,751,937 states generated (28,040,615 s/min), 2,598,618,105 distinct states found (3,622,982 ds/min), 340,232,959 states left on queue.
Progress(38) at 2026-09-05 16:15:58: 18,257,182,008 states generated (28,430,071 s/min), 2,602,250,534 distinct states found (3,632,429 ds/min), 340,511,399 states left on queue.
Progress(38) at 2026-09-05 16:16:58: 18,284,616,023 states generated (27,434,015 s/min), 2,605,842,471 distinct states found (3,591,937 ds/min), 340,751,597 states left on queue.
Progress(38) at 2026-09-05 16:17:58: 18,311,061,753 states generated (26,445,730 s/min), 2,609,144,291 distinct states found (3,301,820 ds/min), 340,829,342 states left on queue.
Progress(38) at 2026-09-05 16:18:58: 18,338,757,885 states generated (27,696,132 s/min), 2,612,657,704 distinct states found (3,513,413 ds/min), 341,037,153 states left on queue.
Progress(38) at 2026-09-05 16:19:58: 18,365,562,482 states generated (26,804,597 s/min), 2,616,067,302 distinct states found (3,409,598 ds/min), 341,039,107 states left on queue.
Progress(38) at 2026-09-05 16:20:58: 18,392,962,221 states generated (27,399,739 s/min), 2,619,531,220 distinct states found (3,463,918 ds/min), 340,918,715 states left on queue.
Progress(38) at 2026-09-05 16:22:19: 18,417,895,831 states generated (24,933,610 s/min), 2,622,762,988 distinct states found (3,231,768 ds/min), 340,825,989 states left on queue.
Progress(38) at 2026-09-05 16:23:19: 18,445,058,927 states generated (27,163,096 s/min), 2,626,112,444 distinct states found (3,349,456 ds/min), 340,676,732 states left on queue.
Progress(38) at 2026-09-05 16:24:19: 18,474,233,381 states generated (29,174,454 s/min), 2,629,822,819 distinct states found (3,710,375 ds/min), 340,953,050 states left on queue.
Progress(38) at 2026-09-05 16:25:19: 18,503,275,453 states generated (29,042,072 s/min), 2,633,368,739 distinct states found (3,545,920 ds/min), 341,051,353 states left on queue.
Checkpointing of run states/26-09-05-05-23-15
Checkpointing completed at (2026-09-05 16:26:21)
Progress(38) at 2026-09-05 16:26:21: 18,532,798,109 states generated (29,522,656 s/min), 2,636,948,975 distinct states found (3,580,236 ds/min), 341,261,179 states left on queue.
Progress(38) at 2026-09-05 16:27:21: 18,560,293,591 states generated (27,495,482 s/min), 2,640,029,532 distinct states found (3,080,557 ds/min), 341,050,274 states left on queue.
Progress(38) at 2026-09-05 16:28:21: 18,589,242,452 states generated (28,948,861 s/min), 2,643,607,760 distinct states found (3,578,228 ds/min), 340,970,860 states left on queue.
Progress(38) at 2026-09-05 16:29:21: 18,617,781,985 states generated (28,539,533 s/min), 2,647,090,540 distinct states found (3,482,780 ds/min), 340,799,752 states left on queue.
Progress(38) at 2026-09-05 16:30:21: 18,645,444,811 states generated (27,662,826 s/min), 2,650,513,994 distinct states found (3,423,454 ds/min), 340,740,093 states left on queue.
Progress(38) at 2026-09-05 16:31:21: 18,673,063,030 states generated (27,618,219 s/min), 2,653,923,682 distinct states found (3,409,688 ds/min), 340,595,464 states left on queue.
Progress(38) at 2026-09-05 16:32:21: 18,701,350,464 states generated (28,287,434 s/min), 2,657,259,047 distinct states found (3,335,365 ds/min), 340,375,205 states left on queue.
Progress(38) at 2026-09-05 16:33:21: 18,729,250,274 states generated (27,899,810 s/min), 2,660,414,689 distinct states found (3,155,642 ds/min), 339,877,910 states left on queue.
Progress(38) at 2026-09-05 16:34:21: 18,755,999,147 states generated (26,748,873 s/min), 2,663,903,434 distinct states found (3,488,745 ds/min), 339,869,389 states left on queue.
Progress(38) at 2026-09-05 16:35:21: 18,782,686,513 states generated (26,687,366 s/min), 2,667,539,417 distinct states found (3,635,983 ds/min), 339,863,874 states left on queue.
Progress(38) at 2026-09-05 16:36:21: 18,809,554,621 states generated (26,868,108 s/min), 2,670,934,631 distinct states found (3,395,214 ds/min), 339,642,559 states left on queue.
Progress(38) at 2026-09-05 16:37:21: 18,838,443,209 states generated (28,888,588 s/min), 2,674,391,583 distinct states found (3,456,952 ds/min), 339,473,616 states left on queue.
Progress(38) at 2026-09-05 16:38:21: 18,866,898,430 states generated (28,455,221 s/min), 2,677,736,657 distinct states found (3,345,074 ds/min), 339,405,764 states left on queue.
Progress(38) at 2026-09-05 16:39:21: 18,894,533,167 states generated (27,634,737 s/min), 2,680,957,117 distinct states found (3,220,460 ds/min), 338,984,061 states left on queue.
Progress(38) at 2026-09-05 16:40:21: 18,922,458,016 states generated (27,924,849 s/min), 2,684,190,445 distinct states found (3,233,328 ds/min), 338,963,338 states left on queue.
Progress(38) at 2026-09-05 16:41:21: 18,949,723,288 states generated (27,265,272 s/min), 2,687,690,447 distinct states found (3,500,002 ds/min), 338,783,960 states left on queue.
Progress(38) at 2026-09-05 16:42:21: 18,976,759,167 states generated (27,035,879 s/min), 2,690,939,271 distinct states found (3,248,824 ds/min), 338,526,145 states left on queue.
Progress(38) at 2026-09-05 16:43:21: 19,003,995,862 states generated (27,236,695 s/min), 2,694,184,456 distinct states found (3,245,185 ds/min), 338,243,992 states left on queue.
Progress(38) at 2026-09-05 16:44:21: 19,034,161,357 states generated (30,165,495 s/min), 2,698,238,622 distinct states found (4,054,166 ds/min), 338,756,885 states left on queue.
Progress(38) at 2026-09-05 16:45:21: 19,062,547,075 states generated (28,385,718 s/min), 2,701,641,325 distinct states found (3,402,703 ds/min), 338,694,119 states left on queue.
Progress(38) at 2026-09-05 16:46:21: 19,090,459,684 states generated (27,912,609 s/min), 2,705,010,464 distinct states found (3,369,139 ds/min), 338,448,300 states left on queue.
Progress(38) at 2026-09-05 16:47:21: 19,119,963,781 states generated (29,504,097 s/min), 2,708,611,342 distinct states found (3,600,878 ds/min), 338,540,740 states left on queue.
Progress(38) at 2026-09-05 16:48:21: 19,147,363,194 states generated (27,399,413 s/min), 2,711,991,217 distinct states found (3,379,875 ds/min), 338,469,121 states left on queue.
Progress(38) at 2026-09-05 16:49:21: 19,175,890,916 states generated (28,527,722 s/min), 2,715,593,949 distinct states found (3,602,732 ds/min), 338,851,574 states left on queue.
Progress(38) at 2026-09-05 16:50:21: 19,205,130,269 states generated (29,239,353 s/min), 2,718,998,946 distinct states found (3,404,997 ds/min), 338,957,278 states left on queue.
Progress(38) at 2026-09-05 16:51:21: 19,233,696,950 states generated (28,566,681 s/min), 2,722,564,307 distinct states found (3,565,361 ds/min), 339,302,412 states left on queue.
Progress(38) at 2026-09-05 16:52:21: 19,261,968,271 states generated (28,271,321 s/min), 2,726,449,545 distinct states found (3,885,238 ds/min), 339,912,109 states left on queue.
Progress(38) at 2026-09-05 16:53:21: 19,290,524,833 states generated (28,556,562 s/min), 2,729,937,123 distinct states found (3,487,578 ds/min), 340,008,719 states left on queue.
Progress(38) at 2026-09-05 16:54:22: 19,317,692,951 states generated (27,168,118 s/min), 2,733,046,637 distinct states found (3,109,514 ds/min), 339,887,742 states left on queue.
Progress(38) at 2026-09-05 16:55:22: 19,345,584,000 states generated (27,891,049 s/min), 2,736,564,951 distinct states found (3,518,314 ds/min), 340,009,582 states left on queue.
Checkpointing of run states/26-09-05-05-23-15
Checkpointing completed at (2026-09-05 16:56:24)
Progress(38) at 2026-09-05 16:56:24: 19,374,511,349 states generated (28,927,349 s/min), 2,740,210,454 distinct states found (3,645,503 ds/min), 340,239,093 states left on queue.
Progress(38) at 2026-09-05 16:57:24: 19,401,253,430 states generated (26,742,081 s/min), 2,743,465,313 distinct states found (3,254,859 ds/min), 340,060,363 states left on queue.
Progress(38) at 2026-09-05 16:58:24: 19,428,333,052 states generated (27,079,622 s/min), 2,746,682,127 distinct states found (3,216,814 ds/min), 339,706,333 states left on queue.
Progress(38) at 2026-09-05 16:59:24: 19,457,690,683 states generated (29,357,631 s/min), 2,750,769,519 distinct states found (4,087,392 ds/min), 340,143,156 states left on queue.
Progress(38) at 2026-09-05 17:00:24: 19,486,090,920 states generated (28,400,237 s/min), 2,754,549,757 distinct states found (3,780,238 ds/min), 340,354,848 states left on queue.
Progress(38) at 2026-09-05 17:01:24: 19,515,187,846 states generated (29,096,926 s/min), 2,758,302,147 distinct states found (3,752,390 ds/min), 340,443,275 states left on queue.
Progress(38) at 2026-09-05 17:02:24: 19,544,307,184 states generated (29,119,338 s/min), 2,761,549,719 distinct states found (3,247,572 ds/min), 340,205,353 states left on queue.
Progress(38) at 2026-09-05 17:03:24: 19,573,743,472 states generated (29,436,288 s/min), 2,765,051,502 distinct states found (3,501,783 ds/min), 340,162,673 states left on queue.
Progress(38) at 2026-09-05 17:04:24: 19,604,804,672 states generated (31,061,200 s/min), 2,768,863,349 distinct states found (3,811,847 ds/min), 340,282,832 states left on queue.
Progress(38) at 2026-09-05 17:05:24: 19,634,845,556 states generated (30,040,884 s/min), 2,772,480,695 distinct states found (3,617,346 ds/min), 340,186,152 states left on queue.
Progress(38) at 2026-09-05 17:06:24: 19,664,513,485 states generated (29,667,929 s/min), 2,775,870,641 distinct states found (3,389,946 ds/min), 339,868,628 states left on queue.
Progress(38) at 2026-09-05 17:07:24: 19,692,994,508 states generated (28,481,023 s/min), 2,779,319,233 distinct states found (3,448,592 ds/min), 339,615,105 states left on queue.
Progress(38) at 2026-09-05 17:08:24: 19,720,836,727 states generated (27,842,219 s/min), 2,782,651,667 distinct states found (3,332,434 ds/min), 339,418,301 states left on queue.
Progress(38) at 2026-09-05 17:09:24: 19,749,894,497 states generated (29,057,770 s/min), 2,786,149,467 distinct states found (3,497,800 ds/min), 339,434,600 states left on queue.
Progress(39) at 2026-09-05 17:10:24: 19,777,968,655 states generated (28,074,158 s/min), 2,789,775,690 distinct states found (3,626,223 ds/min), 339,623,387 states left on queue.
Progress(39) at 2026-09-05 17:11:24: 19,806,765,456 states generated (28,796,801 s/min), 2,793,100,014 distinct states found (3,324,324 ds/min), 339,520,711 states left on queue.
Progress(39) at 2026-09-05 17:12:24: 19,836,575,145 states generated (29,809,689 s/min), 2,796,640,182 distinct states found (3,540,168 ds/min), 339,653,006 states left on queue.
Progress(39) at 2026-09-05 17:13:24: 19,866,116,290 states generated (29,541,145 s/min), 2,800,518,349 distinct states found (3,878,167 ds/min), 340,009,825 states left on queue.
Progress(39) at 2026-09-05 17:14:24: 19,894,791,270 states generated (28,674,980 s/min), 2,804,052,677 distinct states found (3,534,328 ds/min), 339,898,227 states left on queue.
Progress(39) at 2026-09-05 17:15:24: 19,923,317,251 states generated (28,525,981 s/min), 2,807,660,762 distinct states found (3,608,085 ds/min), 339,932,206 states left on queue.
Progress(39) at 2026-09-05 17:16:24: 19,951,591,794 states generated (28,274,543 s/min), 2,811,018,527 distinct states found (3,357,765 ds/min), 339,862,324 states left on queue.
Progress(39) at 2026-09-05 17:17:24: 19,979,829,921 states generated (28,238,127 s/min), 2,814,457,335 distinct states found (3,438,808 ds/min), 339,852,620 states left on queue.
Progress(39) at 2026-09-05 17:18:24: 20,008,649,311 states generated (28,819,390 s/min), 2,818,120,216 distinct states found (3,662,881 ds/min), 340,095,711 states left on queue.
Progress(39) at 2026-09-05 17:19:24: 20,035,718,503 states generated (27,069,192 s/min), 2,821,735,903 distinct states found (3,615,687 ds/min), 340,431,442 states left on queue.
Progress(39) at 2026-09-05 17:20:24: 20,063,160,637 states generated (27,442,134 s/min), 2,825,158,587 distinct states found (3,422,684 ds/min), 340,517,755 states left on queue.
Progress(39) at 2026-09-05 17:21:24: 20,092,458,274 states generated (29,297,637 s/min), 2,829,215,354 distinct states found (4,056,767 ds/min), 341,236,440 states left on queue.
Progress(39) at 2026-09-05 17:22:43: 20,119,111,824 states generated (26,653,550 s/min), 2,832,686,060 distinct states found (3,470,706 ds/min), 341,611,200 states left on queue.
Progress(39) at 2026-09-05 17:23:43: 20,146,256,230 states generated (27,144,406 s/min), 2,836,252,388 distinct states found (3,566,328 ds/min), 341,609,027 states left on queue.
Progress(39) at 2026-09-05 17:24:43: 20,174,202,333 states generated (27,946,103 s/min), 2,839,853,287 distinct states found (3,600,899 ds/min), 342,012,799 states left on queue.
Progress(39) at 2026-09-05 17:25:43: 20,201,000,498 states generated (26,798,165 s/min), 2,843,393,422 distinct states found (3,540,135 ds/min), 342,369,224 states left on queue.
Checkpointing of run states/26-09-05-05-23-15
Checkpointing completed at (2026-09-05 17:26:45)
Progress(39) at 2026-09-05 17:26:45: 20,228,590,029 states generated (27,589,531 s/min), 2,846,816,046 distinct states found (3,422,624 ds/min), 342,551,809 states left on queue.
Progress(39) at 2026-09-05 17:27:45: 20,255,889,459 states generated (27,299,430 s/min), 2,850,501,073 distinct states found (3,685,027 ds/min), 343,167,280 states left on queue.
Progress(39) at 2026-09-05 17:28:45: 20,282,107,584 states generated (26,218,125 s/min), 2,853,769,465 distinct states found (3,268,392 ds/min), 343,380,048 states left on queue.
Progress(39) at 2026-09-05 17:29:45: 20,308,870,202 states generated (26,762,618 s/min), 2,857,160,909 distinct states found (3,391,444 ds/min), 343,685,463 states left on queue.
Progress(39) at 2026-09-05 17:30:45: 20,336,169,246 states generated (27,299,044 s/min), 2,860,589,173 distinct states found (3,428,264 ds/min), 343,586,932 states left on queue.
Progress(39) at 2026-09-05 17:31:45: 20,362,893,293 states generated (26,724,047 s/min), 2,863,942,174 distinct states found (3,353,001 ds/min), 343,702,974 states left on queue.
Progress(39) at 2026-09-05 17:32:45: 20,389,756,368 states generated (26,863,075 s/min), 2,867,788,852 distinct states found (3,846,678 ds/min), 344,103,909 states left on queue.
Progress(39) at 2026-09-05 17:33:45: 20,416,698,435 states generated (26,942,067 s/min), 2,871,221,707 distinct states found (3,432,855 ds/min), 344,183,791 states left on queue.
Progress(39) at 2026-09-05 17:34:45: 20,444,192,900 states generated (27,494,465 s/min), 2,874,764,332 distinct states found (3,542,625 ds/min), 344,631,694 states left on queue.
Progress(39) at 2026-09-05 17:35:45: 20,471,392,109 states generated (27,199,209 s/min), 2,878,134,739 distinct states found (3,370,407 ds/min), 344,945,990 states left on queue.
Progress(39) at 2026-09-05 17:36:45: 20,497,803,997 states generated (26,411,888 s/min), 2,881,278,456 distinct states found (3,143,717 ds/min), 344,736,334 states left on queue.
Progress(39) at 2026-09-05 17:37:45: 20,527,138,660 states generated (29,334,663 s/min), 2,885,089,138 distinct states found (3,810,682 ds/min), 344,711,807 states left on queue.
Progress(39) at 2026-09-05 17:38:45: 20,555,945,302 states generated (28,806,642 s/min), 2,888,317,921 distinct states found (3,228,783 ds/min), 344,352,787 states left on queue.
Progress(39) at 2026-09-05 17:39:45: 20,583,640,216 states generated (27,694,914 s/min), 2,891,409,726 distinct states found (3,091,805 ds/min), 344,021,392 states left on queue.
Progress(39) at 2026-09-05 17:40:45: 20,611,131,576 states generated (27,491,360 s/min), 2,894,612,010 distinct states found (3,202,284 ds/min), 343,848,832 states left on queue.
Progress(39) at 2026-09-05 17:41:45: 20,638,564,713 states generated (27,433,137 s/min), 2,897,868,054 distinct states found (3,256,044 ds/min), 343,635,959 states left on queue.
Progress(39) at 2026-09-05 17:42:45: 20,666,201,408 states generated (27,636,695 s/min), 2,901,193,607 distinct states found (3,325,553 ds/min), 343,483,687 states left on queue.
Progress(39) at 2026-09-05 17:43:45: 20,693,656,280 states generated (27,454,872 s/min), 2,905,144,600 distinct states found (3,950,993 ds/min), 343,909,710 states left on queue.
Progress(39) at 2026-09-05 17:44:45: 20,719,578,603 states generated (25,922,323 s/min), 2,908,569,531 distinct states found (3,424,931 ds/min), 343,982,413 states left on queue.
Progress(39) at 2026-09-05 17:45:45: 20,746,343,952 states generated (26,765,349 s/min), 2,911,724,555 distinct states found (3,155,024 ds/min), 343,726,199 states left on queue.
Progress(39) at 2026-09-05 17:46:45: 20,775,640,308 states generated (29,296,356 s/min), 2,915,264,199 distinct states found (3,539,644 ds/min), 343,717,686 states left on queue.
Progress(39) at 2026-09-05 17:47:45: 20,805,878,476 states generated (30,238,168 s/min), 2,919,030,947 distinct states found (3,766,748 ds/min), 343,885,627 states left on queue.
Progress(39) at 2026-09-05 17:48:45: 20,834,701,722 states generated (28,823,246 s/min), 2,922,482,238 distinct states found (3,451,291 ds/min), 343,828,023 states left on queue.
Progress(39) at 2026-09-05 17:49:45: 20,863,857,624 states generated (29,155,902 s/min), 2,925,835,501 distinct states found (3,353,263 ds/min), 343,872,806 states left on queue.
Progress(39) at 2026-09-05 17:50:45: 20,893,218,441 states generated (29,360,817 s/min), 2,929,250,677 distinct states found (3,415,176 ds/min), 343,907,663 states left on queue.
Progress(39) at 2026-09-05 17:51:45: 20,921,971,027 states generated (28,752,586 s/min), 2,932,564,262 distinct states found (3,313,585 ds/min), 343,803,941 states left on queue.
Progress(39) at 2026-09-05 17:52:45: 20,950,298,944 states generated (28,327,917 s/min), 2,935,643,843 distinct states found (3,079,581 ds/min), 343,364,344 states left on queue.
Progress(39) at 2026-09-05 17:53:45: 20,978,282,487 states generated (27,983,543 s/min), 2,938,782,332 distinct states found (3,138,489 ds/min), 343,093,241 states left on queue.
Progress(39) at 2026-09-05 17:54:45: 21,006,201,453 states generated (27,918,966 s/min), 2,942,273,567 distinct states found (3,491,235 ds/min), 343,102,946 states left on queue.
Progress(39) at 2026-09-05 17:55:45: 21,034,771,433 states generated (28,569,980 s/min), 2,945,848,861 distinct states found (3,575,294 ds/min), 343,370,218 states left on queue.
Checkpointing of run states/26-09-05-05-23-15
Checkpointing completed at (2026-09-05 17:56:48)
Progress(39) at 2026-09-05 17:56:48: 21,063,064,425 states generated (28,292,992 s/min), 2,949,499,303 distinct states found (3,650,442 ds/min), 343,577,411 states left on queue.
Progress(39) at 2026-09-05 17:57:48: 21,089,639,414 states generated (26,574,989 s/min), 2,952,724,941 distinct states found (3,225,638 ds/min), 343,557,479 states left on queue.
Progress(39) at 2026-09-05 17:58:48: 21,117,138,468 states generated (27,499,054 s/min), 2,956,161,678 distinct states found (3,436,737 ds/min), 343,740,998 states left on queue.
Progress(39) at 2026-09-05 17:59:48: 21,144,167,969 states generated (27,029,501 s/min), 2,959,493,448 distinct states found (3,331,770 ds/min), 343,640,310 states left on queue.
Progress(39) at 2026-09-05 18:00:48: 21,171,439,815 states generated (27,271,846 s/min), 2,962,844,076 distinct states found (3,350,628 ds/min), 343,422,486 states left on queue.
Progress(39) at 2026-09-05 18:01:48: 21,198,602,985 states generated (27,163,170 s/min), 2,966,250,497 distinct states found (3,406,421 ds/min), 343,221,693 states left on queue.
Progress(39) at 2026-09-05 18:02:48: 21,225,655,093 states generated (27,052,108 s/min), 2,969,495,239 distinct states found (3,244,742 ds/min), 342,996,817 states left on queue.
Progress(39) at 2026-09-05 18:03:48: 21,255,208,703 states generated (29,553,610 s/min), 2,973,184,765 distinct states found (3,689,526 ds/min), 343,238,314 states left on queue.
Progress(39) at 2026-09-05 18:04:48: 21,284,104,390 states generated (28,895,687 s/min), 2,976,614,573 distinct states found (3,429,808 ds/min), 343,252,269 states left on queue.
Progress(39) at 2026-09-05 18:05:48: 21,312,398,008 states generated (28,293,618 s/min), 2,979,969,401 distinct states found (3,354,828 ds/min), 343,372,790 states left on queue.
Progress(39) at 2026-09-05 18:06:48: 21,339,845,155 states generated (27,447,147 s/min), 2,982,969,474 distinct states found (3,000,073 ds/min), 343,088,140 states left on queue.
Progress(39) at 2026-09-05 18:07:48: 21,368,511,268 states generated (28,666,113 s/min), 2,986,397,113 distinct states found (3,427,639 ds/min), 342,901,512 states left on queue.
Progress(39) at 2026-09-05 18:08:48: 21,397,008,269 states generated (28,497,001 s/min), 2,989,799,244 distinct states found (3,402,131 ds/min), 342,669,382 states left on queue.
Progress(39) at 2026-09-05 18:09:48: 21,424,492,954 states generated (27,484,685 s/min), 2,993,091,290 distinct states found (3,292,046 ds/min), 342,482,915 states left on queue.
Progress(39) at 2026-09-05 18:10:48: 21,452,236,721 states generated (27,743,767 s/min), 2,996,412,675 distinct states found (3,321,385 ds/min), 342,268,155 states left on queue.
Progress(39) at 2026-09-05 18:11:48: 21,480,418,320 states generated (28,181,599 s/min), 2,999,600,512 distinct states found (3,187,837 ds/min), 341,887,273 states left on queue.
Progress(39) at 2026-09-05 18:12:48: 21,507,903,556 states generated (27,485,236 s/min), 3,002,742,788 distinct states found (3,142,276 ds/min), 341,413,556 states left on queue.
Progress(39) at 2026-09-05 18:13:48: 21,534,341,984 states generated (26,438,428 s/min), 3,006,279,750 distinct states found (3,536,962 ds/min), 341,533,619 states left on queue.
Progress(39) at 2026-09-05 18:14:48: 21,560,830,942 states generated (26,488,958 s/min), 3,009,680,057 distinct states found (3,400,307 ds/min), 341,206,502 states left on queue.
Progress(39) at 2026-09-05 18:15:48: 21,588,699,334 states generated (27,868,392 s/min), 3,012,938,346 distinct states found (3,258,289 ds/min), 340,911,162 states left on queue.
Progress(39) at 2026-09-05 18:16:48: 21,617,456,625 states generated (28,757,291 s/min), 3,016,180,008 distinct states found (3,241,662 ds/min), 340,560,666 states left on queue.
Progress(39) at 2026-09-05 18:17:48: 21,645,458,221 states generated (28,001,596 s/min), 3,019,472,271 distinct states found (3,292,263 ds/min), 340,427,021 states left on queue.
Progress(39) at 2026-09-05 18:18:48: 21,673,252,576 states generated (27,794,355 s/min), 3,022,496,525 distinct states found (3,024,254 ds/min), 340,016,618 states left on queue.
Progress(39) at 2026-09-05 18:19:48: 21,700,665,981 states generated (27,413,405 s/min), 3,025,922,733 distinct states found (3,426,208 ds/min), 339,940,663 states left on queue.
Progress(39) at 2026-09-05 18:20:48: 21,727,636,027 states generated (26,970,046 s/min), 3,029,148,746 distinct states found (3,226,013 ds/min), 339,664,329 states left on queue.
Progress(39) at 2026-09-05 18:21:48: 21,754,568,381 states generated (26,932,354 s/min), 3,032,165,198 distinct states found (3,016,452 ds/min), 339,252,120 states left on queue.
Progress(39) at 2026-09-05 18:23:11: 21,781,252,791 states generated (26,684,410 s/min), 3,035,627,949 distinct states found (3,462,751 ds/min), 339,446,783 states left on queue.
Progress(39) at 2026-09-05 18:24:11: 21,811,382,816 states generated (30,130,025 s/min), 3,039,328,559 distinct states found (3,700,610 ds/min), 339,558,073 states left on queue.
Progress(39) at 2026-09-05 18:25:11: 21,838,941,039 states generated (27,558,223 s/min), 3,042,563,130 distinct states found (3,234,571 ds/min), 339,300,690 states left on queue.
Progress(39) at 2026-09-05 18:26:11: 21,867,920,838 states generated (28,979,799 s/min), 3,045,997,883 distinct states found (3,434,753 ds/min), 339,283,789 states left on queue.
Checkpointing of run states/26-09-05-05-23-15
Checkpointing completed at (2026-09-05 18:27:13)
Progress(39) at 2026-09-05 18:27:13: 21,897,019,928 states generated (29,099,090 s/min), 3,049,456,698 distinct states found (3,458,815 ds/min), 339,090,644 states left on queue.
Progress(39) at 2026-09-05 18:28:13: 21,925,110,877 states generated (28,090,949 s/min), 3,052,866,222 distinct states found (3,409,524 ds/min), 339,093,497 states left on queue.
Progress(39) at 2026-09-05 18:29:13: 21,953,839,879 states generated (28,729,002 s/min), 3,056,364,112 distinct states found (3,497,890 ds/min), 339,546,671 states left on queue.
Progress(39) at 2026-09-05 18:30:13: 21,982,973,709 states generated (29,133,830 s/min), 3,059,727,060 distinct states found (3,362,948 ds/min), 339,553,474 states left on queue.
Progress(39) at 2026-09-05 18:31:13: 22,011,640,896 states generated (28,667,187 s/min), 3,063,375,957 distinct states found (3,648,897 ds/min), 339,908,889 states left on queue.
Progress(39) at 2026-09-05 18:32:13: 22,039,557,925 states generated (27,917,029 s/min), 3,067,014,643 distinct states found (3,638,686 ds/min), 340,300,255 states left on queue.
Progress(39) at 2026-09-05 18:33:13: 22,067,953,871 states generated (28,395,946 s/min), 3,070,372,724 distinct states found (3,358,081 ds/min), 340,251,224 states left on queue.
Progress(39) at 2026-09-05 18:34:13: 22,094,913,818 states generated (26,959,947 s/min), 3,073,411,435 distinct states found (3,038,711 ds/min), 340,071,724 states left on queue.
Progress(39) at 2026-09-05 18:35:13: 22,122,735,499 states generated (27,821,681 s/min), 3,076,851,909 distinct states found (3,440,474 ds/min), 340,118,972 states left on queue.
Progress(39) at 2026-09-05 18:36:13: 22,150,633,141 states generated (27,897,642 s/min), 3,080,278,217 distinct states found (3,426,308 ds/min), 340,254,210 states left on queue.
Progress(39) at 2026-09-05 18:37:13: 22,177,479,724 states generated (26,846,583 s/min), 3,083,431,005 distinct states found (3,152,788 ds/min), 339,993,509 states left on queue.
Progress(39) at 2026-09-05 18:38:13: 22,204,600,722 states generated (27,120,998 s/min), 3,086,610,211 distinct states found (3,179,206 ds/min), 339,606,107 states left on queue.
Progress(39) at 2026-09-05 18:39:13: 22,233,920,240 states generated (29,319,518 s/min), 3,090,590,246 distinct states found (3,980,035 ds/min), 339,935,266 states left on queue.
Progress(39) at 2026-09-05 18:40:13: 22,262,137,877 states generated (28,217,637 s/min), 3,094,241,956 distinct states found (3,651,710 ds/min), 340,028,060 states left on queue.
Progress(39) at 2026-09-05 18:41:13: 22,291,138,780 states generated (29,000,903 s/min), 3,097,920,675 distinct states found (3,678,719 ds/min), 340,031,887 states left on queue.
Progress(39) at 2026-09-05 18:42:13: 22,320,071,294 states generated (28,932,514 s/min), 3,101,078,133 distinct states found (3,157,458 ds/min), 339,704,715 states left on queue.
Progress(39) at 2026-09-05 18:43:13: 22,349,293,650 states generated (29,222,356 s/min), 3,104,432,079 distinct states found (3,353,946 ds/min), 339,555,022 states left on queue.
Progress(39) at 2026-09-05 18:44:13: 22,380,333,613 states generated (31,039,963 s/min), 3,108,211,046 distinct states found (3,778,967 ds/min), 339,680,279 states left on queue.
Progress(39) at 2026-09-05 18:45:13: 22,410,291,828 states generated (29,958,215 s/min), 3,111,678,094 distinct states found (3,467,048 ds/min), 339,433,383 states left on queue.
Progress(39) at 2026-09-05 18:46:13: 22,439,923,773 states generated (29,631,945 s/min), 3,115,003,082 distinct states found (3,324,988 ds/min), 339,059,853 states left on queue.
Progress(39) at 2026-09-05 18:47:13: 22,468,096,917 states generated (28,173,144 s/min), 3,118,303,024 distinct states found (3,299,942 ds/min), 338,666,553 states left on queue.
Progress(39) at 2026-09-05 18:48:13: 22,496,954,655 states generated (28,857,738 s/min), 3,121,740,278 distinct states found (3,437,254 ds/min), 338,514,662 states left on queue.
Progress(39) at 2026-09-05 18:49:13: 22,525,732,579 states generated (28,777,924 s/min), 3,125,020,623 distinct states found (3,280,345 ds/min), 338,309,760 states left on queue.
Progress(40) at 2026-09-05 18:50:13: 22,553,316,158 states generated (27,583,579 s/min), 3,128,591,451 distinct states found (3,570,828 ds/min), 338,532,097 states left on queue.
Progress(40) at 2026-09-05 18:51:13: 22,582,325,817 states generated (29,009,659 s/min), 3,131,880,899 distinct states found (3,289,448 ds/min), 338,422,469 states left on queue.
Progress(40) at 2026-09-05 18:52:13: 22,612,025,944 states generated (29,700,127 s/min), 3,135,351,519 distinct states found (3,470,620 ds/min), 338,468,498 states left on queue.
Progress(40) at 2026-09-05 18:53:13: 22,641,454,389 states generated (29,428,445 s/min), 3,139,073,399 distinct states found (3,721,880 ds/min), 338,656,182 states left on queue.
Progress(40) at 2026-09-05 18:54:13: 22,670,122,859 states generated (28,668,470 s/min), 3,142,504,881 distinct states found (3,431,482 ds/min), 338,449,607 states left on queue.
Progress(40) at 2026-09-05 18:55:13: 22,698,677,456 states generated (28,554,597 s/min), 3,146,002,924 distinct states found (3,498,043 ds/min), 338,372,169 states left on queue.
Progress(40) at 2026-09-05 18:56:13: 22,726,830,091 states generated (28,152,635 s/min), 3,149,251,927 distinct states found (3,249,003 ds/min), 338,210,573 states left on queue.
Checkpointing of run states/26-09-05-05-23-15
Checkpointing completed at (2026-09-05 18:57:16)
Progress(40) at 2026-09-05 18:57:16: 22,756,203,694 states generated (29,373,603 s/min), 3,152,776,614 distinct states found (3,524,687 ds/min), 338,158,039 states left on queue.
Progress(40) at 2026-09-05 18:58:16: 22,784,937,664 states generated (28,733,970 s/min), 3,156,322,461 distinct states found (3,545,847 ds/min), 338,312,052 states left on queue.
Progress(40) at 2026-09-05 18:59:16: 22,811,771,632 states generated (26,833,968 s/min), 3,159,797,438 distinct states found (3,474,977 ds/min), 338,504,233 states left on queue.
Progress(40) at 2026-09-05 19:00:16: 22,838,987,217 states generated (27,215,585 s/min), 3,163,125,409 distinct states found (3,327,971 ds/min), 338,578,604 states left on queue.
Progress(40) at 2026-09-05 19:01:16: 22,867,836,126 states generated (28,848,909 s/min), 3,167,029,088 distinct states found (3,903,679 ds/min), 339,088,550 states left on queue.
Progress(40) at 2026-09-05 19:02:16: 22,897,189,937 states generated (29,353,811 s/min), 3,170,727,607 distinct states found (3,698,519 ds/min), 339,387,077 states left on queue.
Progress(40) at 2026-09-05 19:03:16: 22,924,769,825 states generated (27,579,888 s/min), 3,174,267,569 distinct states found (3,539,962 ds/min), 339,497,747 states left on queue.
Progress(40) at 2026-09-05 19:04:16: 22,951,991,337 states generated (27,221,512 s/min), 3,177,780,437 distinct states found (3,512,868 ds/min), 339,617,790 states left on queue.
Progress(40) at 2026-09-05 19:05:16: 22,979,629,378 states generated (27,638,041 s/min), 3,181,056,326 distinct states found (3,275,889 ds/min), 339,731,361 states left on queue.
Progress(40) at 2026-09-05 19:06:16: 23,006,255,126 states generated (26,625,748 s/min), 3,184,572,626 distinct states found (3,516,300 ds/min), 340,134,147 states left on queue.
Progress(40) at 2026-09-05 19:07:16: 23,033,391,288 states generated (27,136,162 s/min), 3,188,001,270 distinct states found (3,428,644 ds/min), 340,362,977 states left on queue.
Progress(40) at 2026-09-05 19:08:16: 23,060,373,889 states generated (26,982,601 s/min), 3,191,491,796 distinct states found (3,490,526 ds/min), 340,833,798 states left on queue.
Progress(40) at 2026-09-05 19:09:16: 23,086,444,575 states generated (26,070,686 s/min), 3,194,653,747 distinct states found (3,161,951 ds/min), 340,944,829 states left on queue.
Progress(40) at 2026-09-05 19:10:16: 23,113,158,122 states generated (26,713,547 s/min), 3,197,952,105 distinct states found (3,298,358 ds/min), 341,161,734 states left on queue.
Progress(40) at 2026-09-05 19:11:16: 23,140,325,900 states generated (27,167,778 s/min), 3,201,245,089 distinct states found (3,292,984 ds/min), 340,979,166 states left on queue.
Progress(40) at 2026-09-05 19:12:16: 23,167,147,285 states generated (26,821,385 s/min), 3,204,525,400 distinct states found (3,280,311 ds/min), 340,997,279 states left on queue.
Progress(40) at 2026-09-05 19:13:16: 23,193,988,581 states generated (26,841,296 s/min), 3,208,369,700 distinct states found (3,844,300 ds/min), 341,395,506 states left on queue.
Progress(40) at 2026-09-05 19:14:16: 23,220,699,487 states generated (26,710,906 s/min), 3,211,685,415 distinct states found (3,315,715 ds/min), 341,382,034 states left on queue.
Progress(40) at 2026-09-05 19:15:16: 23,248,057,635 states generated (27,358,148 s/min), 3,215,087,814 distinct states found (3,402,399 ds/min), 341,595,151 states left on queue.
Progress(40) at 2026-09-05 19:16:16: 23,275,305,162 states generated (27,247,527 s/min), 3,218,507,531 distinct states found (3,419,717 ds/min), 342,041,661 states left on queue.
Progress(40) at 2026-09-05 19:17:16: 23,302,143,403 states generated (26,838,241 s/min), 3,221,661,781 distinct states found (3,154,250 ds/min), 341,886,831 states left on queue.
Progress(40) at 2026-09-05 19:18:16: 23,329,842,775 states generated (27,699,372 s/min), 3,224,987,837 distinct states found (3,326,056 ds/min), 341,672,416 states left on queue.
Progress(40) at 2026-09-05 19:19:16: 23,359,051,522 states generated (29,208,747 s/min), 3,228,477,590 distinct states found (3,489,753 ds/min), 341,404,659 states left on queue.
Progress(40) at 2026-09-05 19:20:16: 23,387,110,237 states generated (28,058,715 s/min), 3,231,405,104 distinct states found (2,927,514 ds/min), 340,928,682 states left on queue.
Progress(40) at 2026-09-05 19:21:16: 23,414,186,129 states generated (27,075,892 s/min), 3,234,469,067 distinct states found (3,063,963 ds/min), 340,578,435 states left on queue.
Progress(40) at 2026-09-05 19:22:17: 23,430,272,033 states generated (16,085,904 s/min), 3,236,298,370 distinct states found (1,829,303 ds/min), 340,450,444 states left on queue.
Progress(40) at 2026-09-05 19:23:17: 23,457,872,669 states generated (27,600,636 s/min), 3,239,499,438 distinct states found (3,201,068 ds/min), 340,287,402 states left on queue.
Progress(40) at 2026-09-05 19:24:17: 23,485,429,756 states generated (27,557,087 s/min), 3,243,071,503 distinct states found (3,572,065 ds/min), 340,256,437 states left on queue.
Progress(40) at 2026-09-05 19:25:17: 23,512,450,700 states generated (27,020,944 s/min), 3,246,678,571 distinct states found (3,607,068 ds/min), 340,430,934 states left on queue.
Progress(40) at 2026-09-05 19:26:17: 23,538,260,000 states generated (25,809,300 s/min), 3,249,801,413 distinct states found (3,122,842 ds/min), 340,216,530 states left on queue.
Checkpointing of run states/26-09-05-05-23-15
Checkpointing completed at (2026-09-05 19:27:20)
Progress(40) at 2026-09-05 19:27:20: 23,566,024,562 states generated (27,764,562 s/min), 3,253,033,843 distinct states found (3,232,430 ds/min), 339,833,739 states left on queue.
Progress(40) at 2026-09-05 19:28:20: 23,596,957,932 states generated (30,933,370 s/min), 3,256,749,176 distinct states found (3,715,333 ds/min), 340,042,328 states left on queue.
Progress(40) at 2026-09-05 19:29:20: 23,626,830,566 states generated (29,872,634 s/min), 3,260,303,222 distinct states found (3,554,046 ds/min), 340,013,198 states left on queue.
Progress(40) at 2026-09-05 19:30:20: 23,655,452,947 states generated (28,622,381 s/min), 3,263,449,841 distinct states found (3,146,619 ds/min), 339,716,853 states left on queue.
Progress(40) at 2026-09-05 19:31:20: 23,684,809,769 states generated (29,356,822 s/min), 3,266,938,781 distinct states found (3,488,940 ds/min), 339,910,139 states left on queue.
Progress(40) at 2026-09-05 19:32:20: 23,713,719,160 states generated (28,909,391 s/min), 3,270,154,945 distinct states found (3,216,164 ds/min), 339,720,786 states left on queue.
Progress(40) at 2026-09-05 19:33:20: 23,742,341,004 states generated (28,621,844 s/min), 3,273,243,101 distinct states found (3,088,156 ds/min), 339,340,099 states left on queue.
Progress(40) at 2026-09-05 19:34:20: 23,770,503,557 states generated (28,162,553 s/min), 3,276,329,249 distinct states found (3,086,148 ds/min), 339,025,583 states left on queue.
Progress(40) at 2026-09-05 19:35:20: 23,798,422,040 states generated (27,918,483 s/min), 3,279,551,825 distinct states found (3,222,576 ds/min), 338,791,020 states left on queue.
Progress(40) at 2026-09-05 19:36:20: 23,826,773,858 states generated (28,351,818 s/min), 3,282,974,252 distinct states found (3,422,427 ds/min), 338,783,845 states left on queue.
Progress(40) at 2026-09-05 19:37:20: 23,854,854,908 states generated (28,081,050 s/min), 3,286,429,876 distinct states found (3,455,624 ds/min), 338,927,036 states left on queue.
Progress(40) at 2026-09-05 19:38:20: 23,881,731,973 states generated (26,877,065 s/min), 3,289,768,500 distinct states found (3,338,624 ds/min), 338,975,881 states left on queue.
Progress(40) at 2026-09-05 19:39:20: 23,908,270,201 states generated (26,538,228 s/min), 3,292,905,612 distinct states found (3,137,112 ds/min), 338,926,152 states left on queue.
Progress(40) at 2026-09-05 19:40:20: 23,935,900,531 states generated (27,630,330 s/min), 3,296,198,317 distinct states found (3,292,705 ds/min), 338,913,435 states left on queue.
Progress(40) at 2026-09-05 19:41:20: 23,962,749,461 states generated (26,848,930 s/min), 3,299,357,711 distinct states found (3,159,394 ds/min), 338,613,800 states left on queue.
Progress(40) at 2026-09-05 19:42:20: 23,990,319,539 states generated (27,570,078 s/min), 3,302,720,722 distinct states found (3,363,011 ds/min), 338,374,150 states left on queue.
Progress(40) at 2026-09-05 19:43:20: 24,017,142,523 states generated (26,822,984 s/min), 3,305,913,080 distinct states found (3,192,358 ds/min), 338,026,656 states left on queue.
Progress(40) at 2026-09-05 19:44:20: 24,045,353,997 states generated (28,211,474 s/min), 3,309,362,120 distinct states found (3,449,040 ds/min), 338,020,838 states left on queue.
Progress(40) at 2026-09-05 19:45:20: 24,074,578,149 states generated (29,224,152 s/min), 3,312,814,564 distinct states found (3,452,444 ds/min), 338,039,587 states left on queue.
Progress(40) at 2026-09-05 19:46:20: 24,103,334,935 states generated (28,756,786 s/min), 3,316,056,086 distinct states found (3,241,522 ds/min), 338,024,531 states left on queue.
Progress(40) at 2026-09-05 19:47:20: 24,131,586,049 states generated (28,251,114 s/min), 3,319,373,907 distinct states found (3,317,821 ds/min), 337,985,889 states left on queue.
Progress(40) at 2026-09-05 19:48:20: 24,159,218,726 states generated (27,632,677 s/min), 3,322,463,585 distinct states found (3,089,678 ds/min), 337,672,631 states left on queue.
Progress(40) at 2026-09-05 19:49:20: 24,187,660,743 states generated (28,442,017 s/min), 3,325,587,160 distinct states found (3,123,575 ds/min), 337,180,896 states left on queue.
Progress(40) at 2026-09-05 19:50:20: 24,215,534,645 states generated (27,873,902 s/min), 3,328,972,049 distinct states found (3,384,889 ds/min), 337,082,208 states left on queue.
Progress(40) at 2026-09-05 19:51:20: 24,242,953,655 states generated (27,419,010 s/min), 3,332,217,621 distinct states found (3,245,572 ds/min), 336,780,192 states left on queue.
Progress(40) at 2026-09-05 19:52:20: 24,271,479,260 states generated (28,525,605 s/min), 3,335,391,259 distinct states found (3,173,638 ds/min), 336,407,060 states left on queue.
Progress(40) at 2026-09-05 19:53:20: 24,298,902,828 states generated (27,423,568 s/min), 3,338,410,948 distinct states found (3,019,689 ds/min), 335,833,259 states left on queue.
Progress(40) at 2026-09-05 19:54:20: 24,325,333,708 states generated (26,430,880 s/min), 3,341,869,851 distinct states found (3,458,903 ds/min), 335,887,470 states left on queue.
Progress(40) at 2026-09-05 19:55:20: 24,351,821,170 states generated (26,487,462 s/min), 3,345,169,083 distinct states found (3,299,232 ds/min), 335,478,098 states left on queue.
Progress(40) at 2026-09-05 19:56:20: 24,379,860,099 states generated (28,038,929 s/min), 3,348,320,743 distinct states found (3,151,660 ds/min), 335,081,461 states left on queue.
Checkpointing of run states/26-09-05-05-23-15
Checkpointing completed at (2026-09-05 19:57:22)
Progress(40) at 2026-09-05 19:57:22: 24,409,360,742 states generated (29,500,643 s/min), 3,351,619,422 distinct states found (3,298,679 ds/min), 334,769,971 states left on queue.
Progress(40) at 2026-09-05 19:58:22: 24,437,469,013 states generated (28,108,271 s/min), 3,354,764,972 distinct states found (3,145,550 ds/min), 334,379,079 states left on queue.
Progress(40) at 2026-09-05 19:59:22: 24,465,118,247 states generated (27,649,234 s/min), 3,357,741,908 distinct states found (2,976,936 ds/min), 334,125,124 states left on queue.
Progress(40) at 2026-09-05 20:00:22: 24,492,290,569 states generated (27,172,322 s/min), 3,361,073,605 distinct states found (3,331,697 ds/min), 333,828,234 states left on queue.
Progress(40) at 2026-09-05 20:01:22: 24,519,268,649 states generated (26,978,080 s/min), 3,364,066,117 distinct states found (2,992,512 ds/min), 333,412,012 states left on queue.
Progress(40) at 2026-09-05 20:02:22: 24,547,094,627 states generated (27,825,978 s/min), 3,367,381,305 distinct states found (3,315,188 ds/min), 333,131,456 states left on queue.
Progress(40) at 2026-09-05 20:03:22: 24,577,228,809 states generated (30,134,182 s/min), 3,371,215,590 distinct states found (3,834,285 ds/min), 333,484,885 states left on queue.
Progress(40) at 2026-09-05 20:04:22: 24,605,597,153 states generated (28,368,344 s/min), 3,374,437,018 distinct states found (3,221,428 ds/min), 333,252,812 states left on queue.
Progress(40) at 2026-09-05 20:05:22: 24,634,058,292 states generated (28,461,139 s/min), 3,377,685,666 distinct states found (3,248,648 ds/min), 332,958,147 states left on queue.
Progress(40) at 2026-09-05 20:06:22: 24,663,416,644 states generated (29,358,352 s/min), 3,381,057,414 distinct states found (3,371,748 ds/min), 332,805,995 states left on queue.
Progress(40) at 2026-09-05 20:07:22: 24,690,895,472 states generated (27,478,828 s/min), 3,384,307,959 distinct states found (3,250,545 ds/min), 332,624,015 states left on queue.
Progress(40) at 2026-09-05 20:08:22: 24,719,547,867 states generated (28,652,395 s/min), 3,387,797,614 distinct states found (3,489,655 ds/min), 332,986,401 states left on queue.
Progress(40) at 2026-09-05 20:09:22: 24,748,625,766 states generated (29,077,899 s/min), 3,391,084,851 distinct states found (3,287,237 ds/min), 332,993,770 states left on queue.
Progress(40) at 2026-09-05 20:10:22: 24,776,902,980 states generated (28,277,214 s/min), 3,394,351,408 distinct states found (3,266,557 ds/min), 333,077,886 states left on queue.
Progress(40) at 2026-09-05 20:11:22: 24,805,828,637 states generated (28,925,657 s/min), 3,398,229,244 distinct states found (3,877,836 ds/min), 333,582,842 states left on queue.
Progress(40) at 2026-09-05 20:12:22: 24,833,614,187 states generated (27,785,550 s/min), 3,401,508,739 distinct states found (3,279,495 ds/min), 333,595,880 states left on queue.
Progress(40) at 2026-09-05 20:13:22: 24,861,548,954 states generated (27,934,767 s/min), 3,404,667,662 distinct states found (3,158,923 ds/min), 333,369,799 states left on queue.
Progress(40) at 2026-09-05 20:14:22: 24,888,888,497 states generated (27,339,543 s/min), 3,407,777,424 distinct states found (3,109,762 ds/min), 333,199,756 states left on queue.
Progress(40) at 2026-09-05 20:15:22: 24,916,667,789 states generated (27,779,292 s/min), 3,411,267,983 distinct states found (3,490,559 ds/min), 333,329,966 states left on queue.
Progress(40) at 2026-09-05 20:16:22: 24,944,327,348 states generated (27,659,559 s/min), 3,414,427,919 distinct states found (3,159,936 ds/min), 333,249,615 states left on queue.
Progress(40) at 2026-09-05 20:17:22: 24,970,572,847 states generated (26,245,499 s/min), 3,417,509,231 distinct states found (3,081,312 ds/min), 332,856,520 states left on queue.
Progress(40) at 2026-09-05 20:18:22: 24,999,470,395 states generated (28,897,548 s/min), 3,420,942,691 distinct states found (3,433,460 ds/min), 332,576,604 states left on queue.
Progress(40) at 2026-09-05 20:19:47: 25,025,234,807 states generated (25,764,412 s/min), 3,424,384,993 distinct states found (3,442,302 ds/min), 332,838,462 states left on queue.
Progress(40) at 2026-09-05 20:20:47: 25,053,513,240 states generated (28,278,433 s/min), 3,427,843,287 distinct states found (3,458,294 ds/min), 332,711,994 states left on queue.
Progress(40) at 2026-09-05 20:21:47: 25,082,348,209 states generated (28,834,969 s/min), 3,431,371,038 distinct states found (3,527,751 ds/min), 332,548,965 states left on queue.
Progress(40) at 2026-09-05 20:22:47: 25,111,081,881 states generated (28,733,672 s/min), 3,434,428,024 distinct states found (3,056,986 ds/min), 332,214,992 states left on queue.
Progress(40) at 2026-09-05 20:23:47: 25,141,179,166 states generated (30,097,285 s/min), 3,437,910,624 distinct states found (3,482,600 ds/min), 332,097,087 states left on queue.
Progress(40) at 2026-09-05 20:24:47: 25,172,294,337 states generated (31,115,171 s/min), 3,441,465,073 distinct states found (3,554,449 ds/min), 331,996,993 states left on queue.
Progress(40) at 2026-09-05 20:25:47: 25,201,652,865 states generated (29,358,528 s/min), 3,444,937,200 distinct states found (3,472,127 ds/min), 331,727,294 states left on queue.
Progress(40) at 2026-09-05 20:26:47: 25,230,544,130 states generated (28,891,265 s/min), 3,448,102,745 distinct states found (3,165,545 ds/min), 331,259,423 states left on queue.
Checkpointing of run states/26-09-05-05-23-15
Checkpointing completed at (2026-09-05 20:27:49)
Progress(40) at 2026-09-05 20:27:49: 25,259,586,874 states generated (29,042,744 s/min), 3,451,348,940 distinct states found (3,246,195 ds/min), 330,751,113 states left on queue.
Progress(40) at 2026-09-05 20:28:49: 25,289,043,231 states generated (29,456,357 s/min), 3,454,739,778 distinct states found (3,390,838 ds/min), 330,609,964 states left on queue.
Progress(41) at 2026-09-05 20:29:49: 25,316,953,546 states generated (27,910,315 s/min), 3,458,293,364 distinct states found (3,553,586 ds/min), 330,777,911 states left on queue.
Progress(41) at 2026-09-05 20:30:49: 25,345,341,894 states generated (28,388,348 s/min), 3,461,414,644 distinct states found (3,121,280 ds/min), 330,479,290 states left on queue.
Progress(41) at 2026-09-05 20:31:49: 25,375,102,024 states generated (29,760,130 s/min), 3,464,813,685 distinct states found (3,399,041 ds/min), 330,511,809 states left on queue.
Progress(41) at 2026-09-05 20:32:49: 25,404,513,733 states generated (29,411,709 s/min), 3,468,339,334 distinct states found (3,525,649 ds/min), 330,518,310 states left on queue.
Progress(41) at 2026-09-05 20:33:49: 25,433,289,958 states generated (28,776,225 s/min), 3,471,733,886 distinct states found (3,394,552 ds/min), 330,287,372 states left on queue.
Progress(41) at 2026-09-05 20:34:49: 25,462,259,658 states generated (28,969,700 s/min), 3,475,145,633 distinct states found (3,411,747 ds/min), 330,154,826 states left on queue.
Progress(41) at 2026-09-05 20:35:49: 25,490,435,390 states generated (28,175,732 s/min), 3,478,413,385 distinct states found (3,267,752 ds/min), 329,941,366 states left on queue.
Progress(41) at 2026-09-05 20:36:49: 25,518,333,938 states generated (27,898,548 s/min), 3,481,627,935 distinct states found (3,214,550 ds/min), 329,710,193 states left on queue.
Progress(41) at 2026-09-05 20:37:49: 25,547,315,522 states generated (28,981,584 s/min), 3,485,125,670 distinct states found (3,497,735 ds/min), 329,799,036 states left on queue.
Progress(41) at 2026-09-05 20:38:49: 25,574,708,118 states generated (27,392,596 s/min), 3,488,566,152 distinct states found (3,440,482 ds/min), 329,928,124 states left on queue.
Progress(41) at 2026-09-05 20:39:49: 25,601,727,230 states generated (27,019,112 s/min), 3,491,869,906 distinct states found (3,303,754 ds/min), 329,976,502 states left on queue.
Progress(41) at 2026-09-05 20:40:49: 25,630,115,724 states generated (28,388,494 s/min), 3,495,441,402 distinct states found (3,571,496 ds/min), 330,136,634 states left on queue.
Progress(41) at 2026-09-05 20:41:49: 25,659,118,974 states generated (29,003,250 s/min), 3,499,123,801 distinct states found (3,682,399 ds/min), 330,484,514 states left on queue.
Progress(41) at 2026-09-05 20:42:49: 25,687,766,200 states generated (28,647,226 s/min), 3,502,643,264 distinct states found (3,519,463 ds/min), 330,633,726 states left on queue.
Progress(41) at 2026-09-05 20:43:49: 25,714,762,883 states generated (26,996,683 s/min), 3,506,009,746 distinct states found (3,366,482 ds/min), 330,472,175 states left on queue.
Progress(41) at 2026-09-05 20:44:49: 25,742,588,128 states generated (27,825,245 s/min), 3,509,436,276 distinct states found (3,426,530 ds/min), 330,707,099 states left on queue.
Progress(41) at 2026-09-05 20:45:49: 25,770,105,326 states generated (27,517,198 s/min), 3,512,800,929 distinct states found (3,364,653 ds/min), 330,825,144 states left on queue.
Progress(41) at 2026-09-05 20:46:49: 25,796,580,455 states generated (26,475,129 s/min), 3,516,086,064 distinct states found (3,285,135 ds/min), 330,991,950 states left on queue.
Progress(41) at 2026-09-05 20:47:49: 25,823,843,140 states generated (27,262,685 s/min), 3,519,496,257 distinct states found (3,410,193 ds/min), 331,196,613 states left on queue.
Progress(41) at 2026-09-05 20:48:50: 25,850,687,647 states generated (26,844,507 s/min), 3,522,863,344 distinct states found (3,367,087 ds/min), 331,561,413 states left on queue.
Progress(41) at 2026-09-05 20:49:50: 25,876,941,020 states generated (26,253,373 s/min), 3,525,979,498 distinct states found (3,116,154 ds/min), 331,611,912 states left on queue.
Progress(41) at 2026-09-05 20:50:50: 25,903,567,038 states generated (26,626,018 s/min), 3,529,156,128 distinct states found (3,176,630 ds/min), 331,696,305 states left on queue.
Progress(41) at 2026-09-05 20:51:50: 25,930,641,072 states generated (27,074,034 s/min), 3,532,328,444 distinct states found (3,172,316 ds/min), 331,446,051 states left on queue.
Progress(41) at 2026-09-05 20:52:50: 25,957,498,862 states generated (26,857,790 s/min), 3,535,635,771 distinct states found (3,307,327 ds/min), 331,492,926 states left on queue.
Progress(41) at 2026-09-05 20:53:50: 25,984,613,593 states generated (27,114,731 s/min), 3,539,349,468 distinct states found (3,713,697 ds/min), 331,759,296 states left on queue.
Progress(41) at 2026-09-05 20:54:50: 26,011,077,155 states generated (26,463,562 s/min), 3,542,514,467 distinct states found (3,164,999 ds/min), 331,595,328 states left on queue.
Progress(41) at 2026-09-05 20:55:50: 26,038,189,917 states generated (27,112,762 s/min), 3,545,886,134 distinct states found (3,371,667 ds/min), 331,717,225 states left on queue.
Progress(41) at 2026-09-05 20:56:50: 26,065,460,548 states generated (27,270,631 s/min), 3,549,241,012 distinct states found (3,354,878 ds/min), 332,087,193 states left on queue.
Checkpointing of run states/26-09-05-05-23-15
Checkpointing completed at (2026-09-05 20:57:52)
Progress(41) at 2026-09-05 20:57:52: 26,093,458,951 states generated (27,998,403 s/min), 3,552,546,811 distinct states found (3,305,799 ds/min), 332,152,485 states left on queue.
Progress(41) at 2026-09-05 20:58:52: 26,120,132,033 states generated (26,673,082 s/min), 3,555,566,705 distinct states found (3,019,894 ds/min), 331,763,355 states left on queue.
Progress(41) at 2026-09-05 20:59:52: 26,149,770,960 states generated (29,638,927 s/min), 3,559,181,346 distinct states found (3,614,641 ds/min), 331,497,499 states left on queue.
Progress(41) at 2026-09-05 21:00:52: 26,178,088,297 states generated (28,317,337 s/min), 3,562,056,950 distinct states found (2,875,604 ds/min), 330,951,230 states left on queue.
Progress(41) at 2026-09-05 21:01:52: 26,205,264,834 states generated (27,176,537 s/min), 3,565,022,736 distinct states found (2,965,786 ds/min), 330,513,530 states left on queue.
Progress(41) at 2026-09-05 21:02:52: 26,232,933,021 states generated (27,668,187 s/min), 3,568,098,529 distinct states found (3,075,793 ds/min), 330,193,734 states left on queue.
Progress(41) at 2026-09-05 21:03:52: 26,260,599,091 states generated (27,666,070 s/min), 3,571,255,174 distinct states found (3,156,645 ds/min), 329,899,514 states left on queue.
Progress(41) at 2026-09-05 21:04:52: 26,288,069,014 states generated (27,469,923 s/min), 3,574,935,786 distinct states found (3,680,612 ds/min), 330,038,663 states left on queue.
Progress(41) at 2026-09-05 21:05:52: 26,314,484,420 states generated (26,415,406 s/min), 3,578,250,919 distinct states found (3,315,133 ds/min), 329,956,781 states left on queue.
Progress(41) at 2026-09-05 21:06:52: 26,340,863,164 states generated (26,378,744 s/min), 3,581,199,871 distinct states found (2,948,952 ds/min), 329,543,236 states left on queue.
Progress(41) at 2026-09-05 21:08:12: 26,359,301,558 states generated (18,438,394 s/min), 3,583,336,314 distinct states found (2,136,443 ds/min), 329,414,544 states left on queue.
Progress(41) at 2026-09-05 21:09:12: 26,389,880,303 states generated (30,578,745 s/min), 3,586,897,052 distinct states found (3,560,738 ds/min), 329,430,833 states left on queue.
Progress(41) at 2026-09-05 21:10:12: 26,419,461,235 states generated (29,580,932 s/min), 3,590,265,440 distinct states found (3,368,388 ds/min), 329,230,786 states left on queue.
Progress(41) at 2026-09-05 21:11:12: 26,448,234,990 states generated (28,773,755 s/min), 3,593,364,508 distinct states found (3,099,068 ds/min), 328,965,322 states left on queue.
Progress(41) at 2026-09-05 21:12:12: 26,477,542,709 states generated (29,307,719 s/min), 3,596,714,815 distinct states found (3,350,307 ds/min), 329,005,134 states left on queue.
Progress(41) at 2026-09-05 21:13:12: 26,506,214,286 states generated (28,671,577 s/min), 3,599,860,133 distinct states found (3,145,318 ds/min), 328,749,561 states left on queue.
Progress(41) at 2026-09-05 21:14:12: 26,534,636,689 states generated (28,422,403 s/min), 3,602,804,813 distinct states found (2,944,680 ds/min), 328,242,497 states left on queue.
Progress(41) at 2026-09-05 21:15:12: 26,562,402,156 states generated (27,765,467 s/min), 3,605,752,793 distinct states found (2,947,980 ds/min), 327,801,702 states left on queue.
Progress(41) at 2026-09-05 21:16:12: 26,590,393,823 states generated (27,991,667 s/min), 3,609,021,779 distinct states found (3,268,986 ds/min), 327,597,963 states left on queue.
Progress(41) at 2026-09-05 21:17:12: 26,619,063,640 states generated (28,669,817 s/min), 3,612,398,033 distinct states found (3,376,254 ds/min), 327,685,652 states left on queue.
Progress(41) at 2026-09-05 21:18:12: 26,646,489,916 states generated (27,426,276 s/min), 3,615,801,810 distinct states found (3,403,777 ds/min), 327,759,148 states left on queue.
Progress(41) at 2026-09-05 21:19:12: 26,673,008,446 states generated (26,518,530 s/min), 3,618,892,571 distinct states found (3,090,761 ds/min), 327,603,481 states left on queue.
Progress(41) at 2026-09-05 21:20:12: 26,700,160,948 states generated (27,152,502 s/min), 3,622,109,292 distinct states found (3,216,721 ds/min), 327,632,030 states left on queue.
Progress(41) at 2026-09-05 21:21:12: 26,727,424,541 states generated (27,263,593 s/min), 3,625,272,650 distinct states found (3,163,358 ds/min), 327,393,118 states left on queue.
Progress(41) at 2026-09-05 21:22:12: 26,754,740,255 states generated (27,315,714 s/min), 3,628,444,344 distinct states found (3,171,694 ds/min), 326,991,595 states left on queue.
Progress(41) at 2026-09-05 21:23:12: 26,781,598,766 states generated (26,858,511 s/min), 3,631,586,227 distinct states found (3,141,883 ds/min), 326,597,869 states left on queue.
Progress(41) at 2026-09-05 21:24:12: 26,809,177,264 states generated (27,578,498 s/min), 3,634,723,469 distinct states found (3,137,242 ds/min), 326,243,989 states left on queue.
Progress(41) at 2026-09-05 21:25:12: 26,839,068,087 states generated (29,890,823 s/min), 3,638,325,685 distinct states found (3,602,216 ds/min), 326,387,440 states left on queue.
Progress(41) at 2026-09-05 21:26:12: 26,867,599,511 states generated (28,531,424 s/min), 3,641,539,309 distinct states found (3,213,624 ds/min), 326,313,692 states left on queue.
Progress(41) at 2026-09-05 21:27:12: 26,895,833,387 states generated (28,233,876 s/min), 3,644,745,338 distinct states found (3,206,029 ds/min), 326,235,777 states left on queue.
Checkpointing of run states/26-09-05-05-23-15
Checkpointing completed at (2026-09-05 21:28:15)
Progress(41) at 2026-09-05 21:28:15: 26,924,562,716 states generated (28,729,329 s/min), 3,647,774,402 distinct states found (3,029,064 ds/min), 325,727,440 states left on queue.
Progress(41) at 2026-09-05 21:29:15: 26,953,001,677 states generated (28,438,961 s/min), 3,650,864,606 distinct states found (3,090,204 ds/min), 325,233,436 states left on queue.
Progress(41) at 2026-09-05 21:30:15: 26,980,764,651 states generated (27,762,974 s/min), 3,654,144,784 distinct states found (3,280,178 ds/min), 325,046,370 states left on queue.
Progress(41) at 2026-09-05 21:31:15: 27,008,268,139 states generated (27,503,488 s/min), 3,657,314,136 distinct states found (3,169,352 ds/min), 324,684,365 states left on queue.
Progress(41) at 2026-09-05 21:32:15: 27,036,591,598 states generated (28,323,459 s/min), 3,660,337,531 distinct states found (3,023,395 ds/min), 324,141,183 states left on queue.
Progress(41) at 2026-09-05 21:33:15: 27,063,562,898 states generated (26,971,300 s/min), 3,663,294,432 distinct states found (2,956,901 ds/min), 323,591,066 states left on queue.
Progress(41) at 2026-09-05 21:34:15: 27,089,526,959 states generated (25,964,061 s/min), 3,666,764,085 distinct states found (3,469,653 ds/min), 323,640,560 states left on queue.
Progress(41) at 2026-09-05 21:35:15: 27,116,266,690 states generated (26,739,731 s/min), 3,669,797,365 distinct states found (3,033,280 ds/min), 323,047,885 states left on queue.
Progress(41) at 2026-09-05 21:36:15: 27,145,249,210 states generated (28,982,520 s/min), 3,672,942,110 distinct states found (3,144,745 ds/min), 322,616,962 states left on queue.
Progress(41) at 2026-09-05 21:37:15: 27,173,494,199 states generated (28,244,989 s/min), 3,676,065,290 distinct states found (3,123,180 ds/min), 322,363,850 states left on queue.
Progress(41) at 2026-09-05 21:38:15: 27,201,114,477 states generated (27,620,278 s/min), 3,678,880,495 distinct states found (2,815,205 ds/min), 321,822,573 states left on queue.
Progress(41) at 2026-09-05 21:39:15: 27,228,316,047 states generated (27,201,570 s/min), 3,682,101,306 distinct states found (3,220,811 ds/min), 321,485,136 states left on queue.
Progress(41) at 2026-09-05 21:40:15: 27,255,042,237 states generated (26,726,190 s/min), 3,685,039,286 distinct states found (2,937,980 ds/min), 321,062,346 states left on queue.
Progress(41) at 2026-09-05 21:41:15: 27,283,127,920 states generated (28,085,683 s/min), 3,688,322,171 distinct states found (3,282,885 ds/min), 320,775,622 states left on queue.
Progress(41) at 2026-09-05 21:42:15: 27,313,086,723 states generated (29,958,803 s/min), 3,691,998,587 distinct states found (3,676,416 ds/min), 320,978,157 states left on queue.
Progress(41) at 2026-09-05 21:43:15: 27,341,633,964 states generated (28,547,241 s/min), 3,695,184,715 distinct states found (3,186,128 ds/min), 320,698,493 states left on queue.
Progress(41) at 2026-09-05 21:44:15: 27,370,263,614 states generated (28,629,650 s/min), 3,698,369,030 distinct states found (3,184,315 ds/min), 320,381,962 states left on queue.
Progress(41) at 2026-09-05 21:45:15: 27,399,208,239 states generated (28,944,625 s/min), 3,701,651,031 distinct states found (3,282,001 ds/min), 320,166,579 states left on queue.
Progress(41) at 2026-09-05 21:46:15: 27,426,815,508 states generated (27,607,269 s/min), 3,704,792,662 distinct states found (3,141,631 ds/min), 319,896,138 states left on queue.
Progress(41) at 2026-09-05 21:47:15: 27,455,535,487 states generated (28,719,979 s/min), 3,708,265,374 distinct states found (3,472,712 ds/min), 320,290,148 states left on queue.
Progress(41) at 2026-09-05 21:48:15: 27,484,555,303 states generated (29,019,816 s/min), 3,711,433,550 distinct states found (3,168,176 ds/min), 320,160,098 states left on queue.
Progress(41) at 2026-09-05 21:49:15: 27,512,752,173 states generated (28,196,870 s/min), 3,714,633,027 distinct states found (3,199,477 ds/min), 320,193,000 states left on queue.
Progress(41) at 2026-09-05 21:50:15: 27,541,673,921 states generated (28,921,748 s/min), 3,718,416,317 distinct states found (3,783,290 ds/min), 320,584,981 states left on queue.
Progress(41) at 2026-09-05 21:51:15: 27,569,457,545 states generated (27,783,624 s/min), 3,721,678,297 distinct states found (3,261,980 ds/min), 320,572,337 states left on queue.
Progress(41) at 2026-09-05 21:52:15: 27,597,303,481 states generated (27,845,936 s/min), 3,724,754,046 distinct states found (3,075,749 ds/min), 320,267,482 states left on queue.
Progress(41) at 2026-09-05 21:53:15: 27,608,292,372 states generated (10,988,891 s/min), 3,725,906,249 distinct states found (1,152,203 ds/min), 320,078,512 states left on queue.
Progress(41) at 2026-09-05 21:54:15: 27,635,657,796 states generated (27,365,424 s/min), 3,729,097,211 distinct states found (3,190,962 ds/min), 319,951,390 states left on queue.
Progress(41) at 2026-09-05 21:55:15: 27,663,517,000 states generated (27,859,204 s/min), 3,732,456,165 distinct states found (3,358,954 ds/min), 320,034,255 states left on queue.
Progress(41) at 2026-09-05 21:56:15: 27,691,078,665 states generated (27,561,665 s/min), 3,735,497,277 distinct states found (3,041,112 ds/min), 319,728,693 states left on queue.
Progress(41) at 2026-09-05 21:57:15: 27,717,693,438 states generated (26,614,773 s/min), 3,738,523,419 distinct states found (3,026,142 ds/min), 319,232,775 states left on queue.
Checkpointing of run states/26-09-05-05-23-15
Checkpointing completed at (2026-09-05 21:58:18)
Progress(41) at 2026-09-05 21:58:18: 27,748,192,583 states generated (30,499,145 s/min), 3,742,467,408 distinct states found (3,943,989 ds/min), 319,367,170 states left on queue.
Progress(41) at 2026-09-05 21:59:18: 27,776,132,566 states generated (27,939,983 s/min), 3,745,912,367 distinct states found (3,444,959 ds/min), 319,254,918 states left on queue.
Progress(41) at 2026-09-05 22:00:18: 27,804,958,169 states generated (28,825,603 s/min), 3,749,406,640 distinct states found (3,494,273 ds/min), 319,099,523 states left on queue.
Progress(41) at 2026-09-05 22:01:18: 27,833,542,295 states generated (28,584,126 s/min), 3,752,368,262 distinct states found (2,961,622 ds/min), 318,614,347 states left on queue.
Progress(41) at 2026-09-05 22:02:18: 27,863,282,986 states generated (29,740,691 s/min), 3,755,723,853 distinct states found (3,355,591 ds/min), 318,449,549 states left on queue.
Progress(41) at 2026-09-05 22:03:18: 27,894,306,368 states generated (31,023,382 s/min), 3,759,293,369 distinct states found (3,569,516 ds/min), 318,379,185 states left on queue.
Progress(41) at 2026-09-05 22:04:18: 27,923,656,743 states generated (29,350,375 s/min), 3,762,624,609 distinct states found (3,331,240 ds/min), 318,002,383 states left on queue.
Progress(41) at 2026-09-05 22:05:18: 27,952,476,459 states generated (28,819,716 s/min), 3,765,703,113 distinct states found (3,078,504 ds/min), 317,436,602 states left on queue.
Progress(41) at 2026-09-05 22:06:18: 27,981,034,241 states generated (28,557,782 s/min), 3,768,846,686 distinct states found (3,143,573 ds/min), 316,958,708 states left on queue.
Progress(41) at 2026-09-05 22:07:18: 28,010,252,959 states generated (29,218,718 s/min), 3,772,094,711 distinct states found (3,248,025 ds/min), 316,660,253 states left on queue.
Progress(42) at 2026-09-05 22:08:18: 28,037,757,886 states generated (27,504,927 s/min), 3,775,609,018 distinct states found (3,514,307 ds/min), 316,865,515 states left on queue.
Progress(42) at 2026-09-05 22:09:18: 28,066,337,729 states generated (28,579,843 s/min), 3,778,686,599 distinct states found (3,077,581 ds/min), 316,565,372 states left on queue.
Progress(42) at 2026-09-05 22:10:18: 28,095,965,065 states generated (29,627,336 s/min), 3,781,953,439 distinct states found (3,266,840 ds/min), 316,435,122 states left on queue.
Progress(42) at 2026-09-05 22:11:18: 28,125,266,990 states generated (29,301,925 s/min), 3,785,495,202 distinct states found (3,541,763 ds/min), 316,424,348 states left on queue.
Progress(42) at 2026-09-05 22:12:18: 28,153,864,235 states generated (28,597,245 s/min), 3,788,716,592 distinct states found (3,221,390 ds/min), 316,038,698 states left on queue.
Progress(42) at 2026-09-05 22:13:18: 28,182,475,323 states generated (28,611,088 s/min), 3,791,979,904 distinct states found (3,263,312 ds/min), 315,701,323 states left on queue.
Progress(42) at 2026-09-05 22:14:18: 28,210,515,985 states generated (28,040,662 s/min), 3,795,004,242 distinct states found (3,024,338 ds/min), 315,354,734 states left on queue.
Progress(42) at 2026-09-05 22:15:18: 28,239,146,468 states generated (28,630,483 s/min), 3,798,373,050 distinct states found (3,368,808 ds/min), 315,226,064 states left on queue.
Progress(42) at 2026-09-05 22:16:18: 28,267,557,407 states generated (28,410,939 s/min), 3,801,752,766 distinct states found (3,379,716 ds/min), 315,285,319 states left on queue.
Progress(42) at 2026-09-05 22:17:18: 28,294,273,653 states generated (26,716,246 s/min), 3,804,985,478 distinct states found (3,232,712 ds/min), 315,236,811 states left on queue.
Progress(42) at 2026-09-05 22:18:18: 28,321,474,587 states generated (27,200,934 s/min), 3,808,091,728 distinct states found (3,106,250 ds/min), 315,100,825 states left on queue.
Progress(42) at 2026-09-05 22:19:18: 28,350,348,423 states generated (28,873,836 s/min), 3,811,907,029 distinct states found (3,815,301 ds/min), 315,494,489 states left on queue.
Progress(42) at 2026-09-05 22:20:18: 28,379,353,826 states generated (29,005,403 s/min), 3,815,414,874 distinct states found (3,507,845 ds/min), 315,642,795 states left on queue.
Progress(42) at 2026-09-05 22:21:18: 28,407,635,028 states generated (28,281,202 s/min), 3,818,756,144 distinct states found (3,341,270 ds/min), 315,628,771 states left on queue.
Progress(42) at 2026-09-05 22:22:18: 28,434,448,911 states generated (26,813,883 s/min), 3,822,034,687 distinct states found (3,278,543 ds/min), 315,352,554 states left on queue.
Progress(42) at 2026-09-05 22:23:18: 28,462,210,965 states generated (27,762,054 s/min), 3,825,387,616 distinct states found (3,352,929 ds/min), 315,640,934 states left on queue.
Progress(42) at 2026-09-05 22:24:18: 28,489,555,753 states generated (27,344,788 s/min), 3,828,675,076 distinct states found (3,287,460 ds/min), 315,674,956 states left on queue.
Progress(42) at 2026-09-05 22:25:18: 28,515,747,910 states generated (26,192,157 s/min), 3,831,842,590 distinct states found (3,167,514 ds/min), 315,744,484 states left on queue.
Progress(42) at 2026-09-05 22:26:18: 28,543,101,031 states generated (27,353,121 s/min), 3,835,178,438 distinct states found (3,335,848 ds/min), 315,857,831 states left on queue.
Progress(42) at 2026-09-05 22:27:18: 28,569,977,640 states generated (26,876,609 s/min), 3,838,510,598 distinct states found (3,332,160 ds/min), 316,160,125 states left on queue.
Checkpointing of run states/26-09-05-05-23-15
Checkpointing completed at (2026-09-05 22:28:21)
Progress(42) at 2026-09-05 22:28:21: 28,597,573,479 states generated (27,595,839 s/min), 3,841,715,525 distinct states found (3,204,927 ds/min), 316,186,007 states left on queue.
Progress(42) at 2026-09-05 22:29:21: 28,624,051,743 states generated (26,478,264 s/min), 3,844,783,461 distinct states found (3,067,936 ds/min), 316,160,718 states left on queue.
Progress(42) at 2026-09-05 22:30:21: 28,650,968,578 states generated (26,916,835 s/min), 3,847,855,574 distinct states found (3,072,113 ds/min), 315,887,238 states left on queue.
Progress(42) at 2026-09-05 22:31:21: 28,677,914,218 states generated (26,945,640 s/min), 3,851,129,856 distinct states found (3,274,282 ds/min), 315,894,434 states left on queue.
Progress(42) at 2026-09-05 22:32:21: 28,704,827,333 states generated (26,913,115 s/min), 3,854,639,729 distinct states found (3,509,873 ds/min), 315,991,151 states left on queue.
Progress(42) at 2026-09-05 22:33:21: 28,715,104,816 states generated (10,277,483 s/min), 3,855,967,407 distinct states found (1,327,678 ds/min), 315,968,003 states left on queue.
Progress(42) at 2026-09-05 22:34:21: 28,741,547,455 states generated (26,442,639 s/min), 3,859,064,140 distinct states found (3,096,733 ds/min), 315,765,978 states left on queue.
Progress(42) at 2026-09-05 22:35:21: 28,768,955,563 states generated (27,408,108 s/min), 3,862,343,970 distinct states found (3,279,830 ds/min), 315,875,500 states left on queue.
Progress(42) at 2026-09-05 22:36:21: 28,796,110,962 states generated (27,155,399 s/min), 3,865,593,347 distinct states found (3,249,377 ds/min), 316,153,369 states left on queue.
Progress(42) at 2026-09-05 22:37:21: 28,823,094,142 states generated (26,983,180 s/min), 3,868,727,751 distinct states found (3,134,404 ds/min), 316,135,622 states left on queue.
Progress(42) at 2026-09-05 22:38:21: 28,850,253,211 states generated (27,159,069 s/min), 3,871,740,737 distinct states found (3,012,986 ds/min), 315,683,360 states left on queue.
Progress(42) at 2026-09-05 22:39:21: 28,879,520,447 states generated (29,267,236 s/min), 3,875,126,600 distinct states found (3,385,863 ds/min), 315,284,001 states left on queue.
Progress(42) at 2026-09-05 22:40:21: 28,907,248,403 states generated (27,727,956 s/min), 3,877,912,085 distinct states found (2,785,485 ds/min), 314,672,054 states left on queue.
Progress(42) at 2026-09-05 22:41:21: 28,934,693,056 states generated (27,444,653 s/min), 3,880,825,210 distinct states found (2,913,125 ds/min), 314,232,211 states left on queue.
Progress(42) at 2026-09-05 22:42:21: 28,962,365,976 states generated (27,672,920 s/min), 3,883,844,809 distinct states found (3,019,599 ds/min), 313,892,004 states left on queue.
Progress(42) at 2026-09-05 22:43:21: 28,989,734,699 states generated (27,368,723 s/min), 3,887,282,035 distinct states found (3,437,226 ds/min), 313,760,566 states left on queue.
Progress(42) at 2026-09-05 22:44:21: 29,016,587,171 states generated (26,852,472 s/min), 3,890,604,077 distinct states found (3,322,042 ds/min), 313,679,833 states left on queue.
Progress(42) at 2026-09-05 22:45:21: 29,042,487,535 states generated (25,900,364 s/min), 3,893,501,485 distinct states found (2,897,408 ds/min), 313,263,719 states left on queue.
Progress(42) at 2026-09-05 22:46:21: 29,071,022,480 states generated (28,534,945 s/min), 3,896,749,411 distinct states found (3,247,926 ds/min), 313,031,875 states left on queue.
Progress(42) at 2026-09-05 22:47:21: 29,101,159,054 states generated (30,136,574 s/min), 3,900,128,269 distinct states found (3,378,858 ds/min), 312,868,355 states left on queue.
Progress(42) at 2026-09-05 22:48:21: 29,130,398,359 states generated (29,239,305 s/min), 3,903,364,543 distinct states found (3,236,274 ds/min), 312,568,552 states left on queue.
Progress(42) at 2026-09-05 22:49:21: 29,159,188,570 states generated (28,790,211 s/min), 3,906,381,724 distinct states found (3,017,181 ds/min), 312,281,503 states left on queue.
Progress(42) at 2026-09-05 22:50:21: 29,188,200,237 states generated (29,011,667 s/min), 3,909,538,480 distinct states found (3,156,756 ds/min), 312,142,304 states left on queue.
Progress(42) at 2026-09-05 22:51:21: 29,216,827,930 states generated (28,627,693 s/min), 3,912,592,324 distinct states found (3,053,844 ds/min), 311,813,715 states left on queue.
Progress(42) at 2026-09-05 22:52:21: 29,244,857,052 states generated (28,029,122 s/min), 3,915,479,546 distinct states found (2,887,222 ds/min), 311,291,668 states left on queue.
Progress(42) at 2026-09-05 22:53:21: 29,272,481,169 states generated (27,624,117 s/min), 3,918,514,699 distinct states found (3,035,153 ds/min), 310,897,768 states left on queue.
Progress(42) at 2026-09-05 22:54:21: 29,300,716,849 states generated (28,235,680 s/min), 3,921,747,053 distinct states found (3,232,354 ds/min), 310,788,632 states left on queue.
Progress(42) at 2026-09-05 22:55:21: 29,328,481,648 states generated (27,764,799 s/min), 3,924,996,757 distinct states found (3,249,704 ds/min), 310,738,584 states left on queue.
Progress(42) at 2026-09-05 22:56:21: 29,355,428,422 states generated (26,946,774 s/min), 3,928,177,019 distinct states found (3,180,262 ds/min), 310,622,226 states left on queue.
Progress(42) at 2026-09-05 22:57:21: 29,381,968,804 states generated (26,540,382 s/min), 3,931,217,490 distinct states found (3,040,471 ds/min), 310,505,228 states left on queue.
Checkpointing of run states/26-09-05-05-23-15
Checkpointing completed at (2026-09-05 22:58:24)
Progress(42) at 2026-09-05 22:58:24: 29,410,507,604 states generated (28,538,800 s/min), 3,934,373,730 distinct states found (3,156,240 ds/min), 310,255,128 states left on queue.
Progress(42) at 2026-09-05 22:59:24: 29,437,865,536 states generated (27,357,932 s/min), 3,937,513,381 distinct states found (3,139,651 ds/min), 309,843,625 states left on queue.
Progress(42) at 2026-09-05 23:00:24: 29,464,817,686 states generated (26,952,150 s/min), 3,940,588,054 distinct states found (3,074,673 ds/min), 309,373,036 states left on queue.
Progress(42) at 2026-09-05 23:01:24: 29,492,185,307 states generated (27,367,621 s/min), 3,943,625,088 distinct states found (3,037,034 ds/min), 308,941,305 states left on queue.
Progress(42) at 2026-09-05 23:02:24: 29,521,931,875 states generated (29,746,568 s/min), 3,947,153,537 distinct states found (3,528,449 ds/min), 309,022,761 states left on queue.
Progress(42) at 2026-09-05 23:03:24: 29,550,381,922 states generated (28,450,047 s/min), 3,950,271,686 distinct states found (3,118,149 ds/min), 308,853,933 states left on queue.
Progress(42) at 2026-09-05 23:04:24: 29,578,540,614 states generated (28,158,692 s/min), 3,953,408,657 distinct states found (3,136,971 ds/min), 308,714,719 states left on queue.
Progress(42) at 2026-09-05 23:05:24: 29,606,141,614 states generated (27,601,000 s/min), 3,956,270,004 distinct states found (2,861,347 ds/min), 308,186,231 states left on queue.
Progress(42) at 2026-09-05 23:06:24: 29,634,643,231 states generated (28,501,617 s/min), 3,959,367,220 distinct states found (3,097,216 ds/min), 307,677,540 states left on queue.
Progress(42) at 2026-09-05 23:07:24: 29,662,029,534 states generated (27,386,303 s/min), 3,962,434,441 distinct states found (3,067,221 ds/min), 307,312,835 states left on queue.
Progress(42) at 2026-09-05 23:08:24: 29,689,755,376 states generated (27,725,842 s/min), 3,965,476,414 distinct states found (3,041,973 ds/min), 306,849,535 states left on queue.
Progress(42) at 2026-09-05 23:09:24: 29,717,271,001 states generated (27,515,625 s/min), 3,968,330,937 distinct states found (2,854,523 ds/min), 306,173,923 states left on queue.
Progress(42) at 2026-09-05 23:10:24: 29,743,560,647 states generated (26,289,646 s/min), 3,971,634,092 distinct states found (3,303,155 ds/min), 306,083,378 states left on queue.
Progress(42) at 2026-09-05 23:11:24: 29,769,760,584 states generated (26,199,937 s/min), 3,974,590,413 distinct states found (2,956,321 ds/min), 305,422,036 states left on queue.
Progress(42) at 2026-09-05 23:12:24: 29,798,729,220 states generated (28,968,636 s/min), 3,977,632,808 distinct states found (3,042,395 ds/min), 304,924,910 states left on queue.
Progress(42) at 2026-09-05 23:13:24: 29,810,760,299 states generated (12,031,079 s/min), 3,978,916,121 distinct states found (1,283,313 ds/min), 304,783,434 states left on queue.
Progress(42) at 2026-09-05 23:14:24: 29,838,599,790 states generated (27,839,491 s/min), 3,981,888,310 distinct states found (2,972,189 ds/min), 304,254,998 states left on queue.
Progress(42) at 2026-09-05 23:15:24: 29,866,034,895 states generated (27,435,105 s/min), 3,984,844,787 distinct states found (2,956,477 ds/min), 303,913,342 states left on queue.
Progress(42) at 2026-09-05 23:16:24: 29,892,855,874 states generated (26,820,979 s/min), 3,987,792,737 distinct states found (2,947,950 ds/min), 303,404,117 states left on queue.
Progress(42) at 2026-09-05 23:17:24: 29,920,456,311 states generated (27,600,437 s/min), 3,990,799,204 distinct states found (3,006,467 ds/min), 302,916,589 states left on queue.
Progress(42) at 2026-09-05 23:18:24: 29,950,542,069 states generated (30,085,758 s/min), 3,994,399,752 distinct states found (3,600,548 ds/min), 303,045,191 states left on queue.
Progress(42) at 2026-09-05 23:19:24: 29,979,505,312 states generated (28,963,243 s/min), 3,997,666,584 distinct states found (3,266,832 ds/min), 302,802,983 states left on queue.
Progress(42) at 2026-09-05 23:20:24: 30,008,043,637 states generated (28,538,325 s/min), 4,000,739,019 distinct states found (3,072,435 ds/min), 302,405,208 states left on queue.
Progress(42) at 2026-09-05 23:21:24: 30,036,892,146 states generated (28,848,509 s/min), 4,003,937,363 distinct states found (3,198,344 ds/min), 302,122,384 states left on queue.
Progress(42) at 2026-09-05 23:22:24: 30,064,787,710 states generated (27,895,564 s/min), 4,007,082,284 distinct states found (3,144,921 ds/min), 301,888,542 states left on queue.
Progress(42) at 2026-09-05 23:23:24: 30,093,421,193 states generated (28,633,483 s/min), 4,010,436,164 distinct states found (3,353,880 ds/min), 302,165,051 states left on queue.
Progress(42) at 2026-09-05 23:24:24: 30,122,177,461 states generated (28,756,268 s/min), 4,013,485,558 distinct states found (3,049,394 ds/min), 301,943,172 states left on queue.
Progress(42) at 2026-09-05 23:25:24: 30,150,338,943 states generated (28,161,482 s/min), 4,016,635,852 distinct states found (3,150,294 ds/min), 301,917,944 states left on queue.
Progress(42) at 2026-09-05 23:26:24: 30,179,098,721 states generated (28,759,778 s/min), 4,020,296,367 distinct states found (3,660,515 ds/min), 302,183,831 states left on queue.
Progress(42) at 2026-09-05 23:27:24: 30,206,856,261 states generated (27,757,540 s/min), 4,023,508,098 distinct states found (3,211,731 ds/min), 302,103,347 states left on queue.
Checkpointing of run states/26-09-05-05-23-15
Checkpointing completed at (2026-09-05 23:28:27)
Progress(42) at 2026-09-05 23:28:27: 30,235,495,850 states generated (28,639,589 s/min), 4,026,578,302 distinct states found (3,070,204 ds/min), 301,696,264 states left on queue.
Progress(42) at 2026-09-05 23:29:27: 30,262,557,643 states generated (27,061,793 s/min), 4,029,550,444 distinct states found (2,972,142 ds/min), 301,396,291 states left on queue.
Progress(42) at 2026-09-05 23:30:27: 30,290,322,154 states generated (27,764,511 s/min), 4,032,884,596 distinct states found (3,334,152 ds/min), 301,415,416 states left on queue.
Progress(42) at 2026-09-05 23:31:27: 30,318,102,132 states generated (27,779,978 s/min), 4,035,872,939 distinct states found (2,988,343 ds/min), 301,135,584 states left on queue.
Progress(42) at 2026-09-05 23:32:27: 30,344,732,989 states generated (26,630,857 s/min), 4,038,821,459 distinct states found (2,948,520 ds/min), 300,568,103 states left on queue.
Progress(42) at 2026-09-05 23:33:27: 30,373,709,852 states generated (28,976,863 s/min), 4,042,480,132 distinct states found (3,658,673 ds/min), 300,592,492 states left on queue.
Progress(42) at 2026-09-05 23:34:27: 30,401,636,709 states generated (27,926,857 s/min), 4,045,823,727 distinct states found (3,343,595 ds/min), 300,375,860 states left on queue.
Progress(42) at 2026-09-05 23:35:27: 30,430,450,489 states generated (28,813,780 s/min), 4,049,235,169 distinct states found (3,411,442 ds/min), 300,162,471 states left on queue.
Progress(42) at 2026-09-05 23:36:27: 30,458,961,391 states generated (28,510,902 s/min), 4,052,164,941 distinct states found (2,929,772 ds/min), 299,647,812 states left on queue.
Progress(42) at 2026-09-05 23:37:27: 30,488,704,315 states generated (29,742,924 s/min), 4,055,473,905 distinct states found (3,308,964 ds/min), 299,422,564 states left on queue.
Progress(42) at 2026-09-05 23:38:27: 30,519,665,724 states generated (30,961,409 s/min), 4,058,908,197 distinct states found (3,434,292 ds/min), 299,246,896 states left on queue.
Progress(42) at 2026-09-05 23:39:27: 30,548,593,386 states generated (28,927,662 s/min), 4,062,116,998 distinct states found (3,208,801 ds/min), 298,766,724 states left on queue.
Progress(42) at 2026-09-05 23:40:27: 30,576,708,378 states generated (28,114,992 s/min), 4,065,006,110 distinct states found (2,889,112 ds/min), 298,029,023 states left on queue.
Progress(42) at 2026-09-05 23:41:27: 30,606,283,517 states generated (29,575,139 s/min), 4,068,328,000 distinct states found (3,321,890 ds/min), 297,749,253 states left on queue.
Progress(43) at 2026-09-05 23:42:27: 30,634,315,526 states generated (28,032,009 s/min), 4,071,653,805 distinct states found (3,325,805 ds/min), 297,653,428 states left on queue.
Progress(43) at 2026-09-05 23:43:27: 30,661,999,374 states generated (27,683,848 s/min), 4,074,750,563 distinct states found (3,096,758 ds/min), 297,468,890 states left on queue.
Progress(43) at 2026-09-05 23:44:27: 30,691,398,962 states generated (29,399,588 s/min), 4,077,911,265 distinct states found (3,160,702 ds/min), 297,270,288 states left on queue.
Progress(43) at 2026-09-05 23:45:27: 30,720,770,109 states generated (29,371,147 s/min), 4,081,275,666 distinct states found (3,364,401 ds/min), 297,124,442 states left on queue.
Progress(43) at 2026-09-05 23:46:27: 30,749,341,763 states generated (28,571,654 s/min), 4,084,449,298 distinct states found (3,173,632 ds/min), 296,701,200 states left on queue.
Progress(43) at 2026-09-05 23:47:27: 30,778,121,280 states generated (28,779,517 s/min), 4,087,629,126 distinct states found (3,179,828 ds/min), 296,325,971 states left on queue.
Progress(43) at 2026-09-05 23:48:27: 30,805,929,133 states generated (27,807,853 s/min), 4,090,608,064 distinct states found (2,978,938 ds/min), 295,898,794 states left on queue.
Progress(43) at 2026-09-05 23:49:27: 30,834,413,203 states generated (28,484,070 s/min), 4,093,877,123 distinct states found (3,269,059 ds/min), 295,681,610 states left on queue.
Progress(43) at 2026-09-05 23:50:50: 30,856,579,235 states generated (22,166,032 s/min), 4,096,410,644 distinct states found (2,533,521 ds/min), 295,638,026 states left on queue.
Progress(43) at 2026-09-05 23:51:50: 30,883,525,085 states generated (26,945,850 s/min), 4,099,614,355 distinct states found (3,203,711 ds/min), 295,569,198 states left on queue.
Progress(43) at 2026-09-05 23:52:50: 30,910,361,545 states generated (26,836,460 s/min), 4,102,647,957 distinct states found (3,033,602 ds/min), 295,372,145 states left on queue.
Progress(43) at 2026-09-05 23:53:50: 30,938,921,884 states generated (28,560,339 s/min), 4,106,177,812 distinct states found (3,529,855 ds/min), 295,490,625 states left on queue.
Progress(43) at 2026-09-05 23:54:50: 30,967,668,134 states generated (28,746,250 s/min), 4,109,603,857 distinct states found (3,426,045 ds/min), 295,570,438 states left on queue.
Progress(43) at 2026-09-05 23:55:50: 30,996,330,484 states generated (28,662,350 s/min), 4,113,042,681 distinct states found (3,438,824 ds/min), 295,601,773 states left on queue.
Progress(43) at 2026-09-05 23:56:50: 31,023,331,712 states generated (27,001,228 s/min), 4,116,169,797 distinct states found (3,127,116 ds/min), 295,304,247 states left on queue.
Progress(43) at 2026-09-05 23:57:50: 31,050,857,736 states generated (27,526,024 s/min), 4,119,452,446 distinct states found (3,282,649 ds/min), 295,344,742 states left on queue.
Checkpointing of run states/26-09-05-05-23-15
Checkpointing completed at (2026-09-05 23:58:53)
Progress(43) at 2026-09-05 23:58:53: 31,079,473,207 states generated (28,615,471 s/min), 4,122,639,886 distinct states found (3,187,440 ds/min), 295,234,956 states left on queue.
Progress(43) at 2026-09-05 23:59:53: 31,106,046,157 states generated (26,572,950 s/min), 4,125,981,155 distinct states found (3,341,269 ds/min), 295,395,466 states left on queue.
Progress(43) at 2026-09-06 00:00:53: 31,132,471,740 states generated (26,425,583 s/min), 4,128,945,286 distinct states found (2,964,131 ds/min), 295,220,313 states left on queue.
Progress(43) at 2026-09-06 00:01:53: 31,160,309,105 states generated (27,837,365 s/min), 4,132,437,003 distinct states found (3,491,717 ds/min), 295,540,385 states left on queue.
Progress(43) at 2026-09-06 00:02:53: 31,187,189,099 states generated (26,879,994 s/min), 4,135,545,488 distinct states found (3,108,485 ds/min), 295,635,425 states left on queue.
Progress(43) at 2026-09-06 00:03:53: 31,213,302,152 states generated (26,113,053 s/min), 4,138,436,106 distinct states found (2,890,618 ds/min), 295,444,851 states left on queue.
Progress(43) at 2026-09-06 00:04:53: 31,239,934,482 states generated (26,632,330 s/min), 4,141,544,979 distinct states found (3,108,873 ds/min), 295,480,903 states left on queue.
Progress(43) at 2026-09-06 00:05:53: 31,267,344,393 states generated (27,409,911 s/min), 4,144,746,867 distinct states found (3,201,888 ds/min), 295,229,589 states left on queue.
Progress(43) at 2026-09-06 00:06:53: 31,293,811,487 states generated (26,467,094 s/min), 4,147,835,850 distinct states found (3,088,983 ds/min), 295,049,979 states left on queue.
Progress(43) at 2026-09-06 00:07:53: 31,320,422,503 states generated (26,611,016 s/min), 4,151,232,634 distinct states found (3,396,784 ds/min), 294,986,319 states left on queue.
Progress(43) at 2026-09-06 00:08:53: 31,346,978,534 states generated (26,556,031 s/min), 4,154,263,465 distinct states found (3,030,831 ds/min), 294,727,052 states left on queue.
Progress(43) at 2026-09-06 00:09:53: 31,374,380,085 states generated (27,401,551 s/min), 4,157,481,630 distinct states found (3,218,165 ds/min), 294,831,306 states left on queue.
Progress(43) at 2026-09-06 00:10:53: 31,401,543,207 states generated (27,163,122 s/min), 4,160,664,265 distinct states found (3,182,635 ds/min), 295,043,721 states left on queue.
Progress(43) at 2026-09-06 00:11:53: 31,428,456,106 states generated (26,912,899 s/min), 4,163,718,600 distinct states found (3,054,335 ds/min), 294,939,558 states left on queue.
Progress(43) at 2026-09-06 00:12:53: 31,455,921,727 states generated (27,465,621 s/min), 4,166,728,548 distinct states found (3,009,948 ds/min), 294,442,508 states left on queue.
Progress(43) at 2026-09-06 00:13:53: 31,484,786,904 states generated (28,865,177 s/min), 4,169,824,059 distinct states found (3,095,511 ds/min), 293,862,569 states left on queue.
Progress(43) at 2026-09-06 00:14:53: 31,512,056,882 states generated (27,269,978 s/min), 4,172,561,298 distinct states found (2,737,239 ds/min), 293,232,979 states left on queue.
Progress(43) at 2026-09-06 00:15:53: 31,539,791,524 states generated (27,734,642 s/min), 4,175,521,562 distinct states found (2,960,264 ds/min), 292,838,960 states left on queue.
Progress(43) at 2026-09-06 00:16:53: 31,567,277,081 states generated (27,485,557 s/min), 4,178,659,289 distinct states found (3,137,727 ds/min), 292,517,727 states left on queue.
Progress(43) at 2026-09-06 00:17:53: 31,594,405,357 states generated (27,128,276 s/min), 4,181,975,284 distinct states found (3,315,995 ds/min), 292,376,800 states left on queue.
Progress(43) at 2026-09-06 00:18:53: 31,620,409,872 states generated (26,004,515 s/min), 4,184,898,322 distinct states found (2,923,038 ds/min), 291,965,390 states left on queue.
Progress(43) at 2026-09-06 00:19:53: 31,648,499,508 states generated (28,089,636 s/min), 4,187,964,229 distinct states found (3,065,907 ds/min), 291,590,925 states left on queue.
Progress(43) at 2026-09-06 00:20:53: 31,678,734,595 states generated (30,235,087 s/min), 4,191,295,350 distinct states found (3,331,121 ds/min), 291,392,015 states left on queue.
Progress(43) at 2026-09-06 00:21:53: 31,707,983,775 states generated (29,249,180 s/min), 4,194,412,969 distinct states found (3,117,619 ds/min), 290,977,502 states left on queue.
Progress(43) at 2026-09-06 00:22:53: 31,736,646,777 states generated (28,663,002 s/min), 4,197,358,480 distinct states found (2,945,511 ds/min), 290,644,709 states left on queue.
Progress(43) at 2026-09-06 00:23:53: 31,765,735,004 states generated (29,088,227 s/min), 4,200,481,047 distinct states found (3,122,567 ds/min), 290,452,031 states left on queue.
Progress(43) at 2026-09-06 00:24:53: 31,794,030,369 states generated (28,295,365 s/min), 4,203,301,083 distinct states found (2,820,036 ds/min), 289,873,487 states left on queue.
Progress(43) at 2026-09-06 00:25:53: 31,821,787,743 states generated (27,757,374 s/min), 4,206,149,365 distinct states found (2,848,282 ds/min), 289,360,229 states left on queue.
Progress(43) at 2026-09-06 00:26:53: 31,849,682,336 states generated (27,894,593 s/min), 4,209,252,282 distinct states found (3,102,917 ds/min), 289,059,769 states left on queue.
Progress(43) at 2026-09-06 00:28:16: 31,869,461,019 states generated (19,778,683 s/min), 4,211,437,059 distinct states found (2,184,777 ds/min), 288,992,148 states left on queue.
Checkpointing of run states/26-09-05-05-23-15
Checkpointing completed at (2026-09-06 00:29:19)
Progress(43) at 2026-09-06 00:29:19: 31,898,157,638 states generated (28,696,619 s/min), 4,214,827,618 distinct states found (3,390,559 ds/min), 288,932,449 states left on queue.
Progress(43) at 2026-09-06 00:30:19: 31,924,700,325 states generated (26,542,687 s/min), 4,217,761,596 distinct states found (2,933,978 ds/min), 288,611,694 states left on queue.
Progress(43) at 2026-09-06 00:31:19: 31,951,637,938 states generated (26,937,613 s/min), 4,220,801,148 distinct states found (3,039,552 ds/min), 288,495,089 states left on queue.
Progress(43) at 2026-09-06 00:32:19: 31,978,835,209 states generated (27,197,271 s/min), 4,223,768,112 distinct states found (2,966,964 ds/min), 288,097,252 states left on queue.
Progress(43) at 2026-09-06 00:33:19: 32,006,056,133 states generated (27,220,924 s/min), 4,226,714,668 distinct states found (2,946,556 ds/min), 287,504,537 states left on queue.
Progress(43) at 2026-09-06 00:34:19: 32,032,888,934 states generated (26,832,801 s/min), 4,229,698,045 distinct states found (2,983,377 ds/min), 287,009,875 states left on queue.
Progress(43) at 2026-09-06 00:35:19: 32,062,111,094 states generated (29,222,160 s/min), 4,233,022,919 distinct states found (3,324,874 ds/min), 286,900,215 states left on queue.
Progress(43) at 2026-09-06 00:36:19: 32,090,956,899 states generated (28,845,805 s/min), 4,236,195,751 distinct states found (3,172,832 ds/min), 286,681,847 states left on queue.
Progress(43) at 2026-09-06 00:37:19: 32,119,181,688 states generated (28,224,789 s/min), 4,239,272,412 distinct states found (3,076,661 ds/min), 286,529,791 states left on queue.
Progress(43) at 2026-09-06 00:38:19: 32,146,640,488 states generated (27,458,800 s/min), 4,242,026,413 distinct states found (2,754,001 ds/min), 285,916,966 states left on queue.
Progress(43) at 2026-09-06 00:39:19: 32,175,087,714 states generated (28,447,226 s/min), 4,245,088,546 distinct states found (3,062,133 ds/min), 285,408,005 states left on queue.
Progress(43) at 2026-09-06 00:40:19: 32,202,205,501 states generated (27,117,787 s/min), 4,247,998,591 distinct states found (2,910,045 ds/min), 284,902,206 states left on queue.
Progress(43) at 2026-09-06 00:41:19: 32,230,050,038 states generated (27,844,537 s/min), 4,250,902,496 distinct states found (2,903,905 ds/min), 284,335,411 states left on queue.
Progress(43) at 2026-09-06 00:42:19: 32,256,671,675 states generated (26,621,637 s/min), 4,253,828,123 distinct states found (2,925,627 ds/min), 283,777,197 states left on queue.
Progress(43) at 2026-09-06 00:43:19: 32,282,869,043 states generated (26,197,368 s/min), 4,256,951,319 distinct states found (3,123,196 ds/min), 283,425,373 states left on queue.
Progress(43) at 2026-09-06 00:44:19: 32,310,805,401 states generated (27,936,358 s/min), 4,259,798,400 distinct states found (2,847,081 ds/min), 282,727,239 states left on queue.
Progress(43) at 2026-09-06 00:45:19: 32,339,110,059 states generated (28,304,658 s/min), 4,262,822,553 distinct states found (3,024,153 ds/min), 282,396,191 states left on queue.
Progress(43) at 2026-09-06 00:46:19: 32,366,389,668 states generated (27,279,609 s/min), 4,265,555,840 distinct states found (2,733,287 ds/min), 281,828,946 states left on queue.
Progress(43) at 2026-09-06 00:47:19: 32,393,147,710 states generated (26,758,042 s/min), 4,268,462,397 distinct states found (2,906,557 ds/min), 281,305,163 states left on queue.
Progress(43) at 2026-09-06 00:48:19: 32,420,562,669 states generated (27,414,959 s/min), 4,271,381,992 distinct states found (2,919,595 ds/min), 280,704,703 states left on queue.
Progress(43) at 2026-09-06 00:49:19: 32,450,615,133 states generated (30,052,464 s/min), 4,274,885,869 distinct states found (3,503,877 ds/min), 280,751,723 states left on queue.
Progress(43) at 2026-09-06 00:50:19: 32,479,613,989 states generated (28,998,856 s/min), 4,278,111,927 distinct states found (3,226,058 ds/min), 280,441,601 states left on queue.
Progress(43) at 2026-09-06 00:51:19: 32,508,383,601 states generated (28,769,612 s/min), 4,281,164,588 distinct states found (3,052,661 ds/min), 280,053,191 states left on queue.
Progress(43) at 2026-09-06 00:52:19: 32,536,810,154 states generated (28,426,553 s/min), 4,284,229,658 distinct states found (3,065,070 ds/min), 279,647,819 states left on queue.
Progress(43) at 2026-09-06 00:53:19: 32,565,179,669 states generated (28,369,515 s/min), 4,287,455,272 distinct states found (3,225,614 ds/min), 279,570,732 states left on queue.
Progress(43) at 2026-09-06 00:54:19: 32,593,442,732 states generated (28,263,063 s/min), 4,290,607,710 distinct states found (3,152,438 ds/min), 279,666,314 states left on queue.
Progress(43) at 2026-09-06 00:55:19: 32,621,962,047 states generated (28,519,315 s/min), 4,293,559,793 distinct states found (2,952,083 ds/min), 279,349,863 states left on queue.
Progress(43) at 2026-09-06 00:56:19: 32,633,966,787 states generated (12,004,740 s/min), 4,294,947,191 distinct states found (1,387,398 ds/min), 279,396,145 states left on queue.
Progress(43) at 2026-09-06 00:57:19: 32,633,966,787 states generated (0 s/min), 4,294,947,191 distinct states found (0 ds/min), 279,396,145 states left on queue.
Progress(43) at 2026-09-06 00:58:19: 32,633,966,787 states generated (0 s/min), 4,294,947,191 distinct states found (0 ds/min), 279,396,145 states left on queue.
Checkpointing of run states/26-09-05-05-23-15
Checkpointing completed at (2026-09-06 01:01:06)
Progress(43) at 2026-09-06 01:01:06: 32,634,844,828 states generated (878,041 s/min), 4,295,045,354 distinct states found (98,163 ds/min), 279,399,106 states left on queue.
Progress(43) at 2026-09-06 01:02:06: 32,663,270,390 states generated (28,425,562 s/min), 4,298,379,074 distinct states found (3,333,720 ds/min), 279,369,823 states left on queue.
Progress(43) at 2026-09-06 01:03:06: 32,691,687,799 states generated (28,417,409 s/min), 4,301,731,073 distinct states found (3,351,999 ds/min), 279,409,170 states left on queue.
Progress(43) at 2026-09-06 01:04:06: 32,719,146,113 states generated (27,458,314 s/min), 4,304,714,335 distinct states found (2,983,262 ds/min), 279,002,483 states left on queue.
Progress(43) at 2026-09-06 01:05:06: 32,745,925,808 states generated (26,779,695 s/min), 4,307,511,729 distinct states found (2,797,394 ds/min), 278,599,201 states left on queue.
Progress(43) at 2026-09-06 01:06:06: 32,773,630,644 states generated (27,704,836 s/min), 4,310,734,843 distinct states found (3,223,114 ds/min), 278,477,479 states left on queue.
Progress(43) at 2026-09-06 01:07:06: 32,801,396,391 states generated (27,765,747 s/min), 4,313,706,468 distinct states found (2,971,625 ds/min), 278,203,036 states left on queue.
Progress(43) at 2026-09-06 01:08:06: 32,828,146,498 states generated (26,750,107 s/min), 4,316,565,190 distinct states found (2,858,722 ds/min), 277,561,207 states left on queue.
Progress(43) at 2026-09-06 01:09:06: 32,857,038,581 states generated (28,892,083 s/min), 4,320,134,132 distinct states found (3,568,942 ds/min), 277,511,047 states left on queue.
Progress(43) at 2026-09-06 01:10:06: 32,884,953,134 states generated (27,914,553 s/min), 4,323,353,491 distinct states found (3,219,359 ds/min), 277,188,077 states left on queue.
Progress(43) at 2026-09-06 01:11:06: 32,913,562,674 states generated (28,609,540 s/min), 4,326,651,315 distinct states found (3,297,824 ds/min), 276,849,518 states left on queue.
Progress(43) at 2026-09-06 01:12:06: 32,942,065,469 states generated (28,502,795 s/min), 4,329,459,310 distinct states found (2,807,995 ds/min), 276,215,772 states left on queue.
Progress(43) at 2026-09-06 01:13:06: 32,972,546,372 states generated (30,480,903 s/min), 4,332,949,064 distinct states found (3,489,754 ds/min), 276,172,977 states left on queue.
Progress(43) at 2026-09-06 01:14:06: 33,002,491,235 states generated (29,944,863 s/min), 4,336,133,619 distinct states found (3,184,555 ds/min), 275,749,170 states left on queue.
Progress(43) at 2026-09-06 01:15:06: 33,031,089,645 states generated (28,598,410 s/min), 4,339,140,019 distinct states found (3,006,400 ds/min), 275,106,879 states left on queue.
Progress(43) at 2026-09-06 01:16:06: 33,060,426,363 states generated (29,336,718 s/min), 4,342,303,393 distinct states found (3,163,374 ds/min), 274,590,188 states left on queue.
Progress(44) at 2026-09-06 01:17:06: 33,088,222,587 states generated (27,796,224 s/min), 4,345,399,522 distinct states found (3,096,129 ds/min), 274,284,502 states left on queue.
Progress(44) at 2026-09-06 01:18:06: 33,115,554,109 states generated (27,331,522 s/min), 4,348,569,162 distinct states found (3,169,640 ds/min), 274,218,698 states left on queue.
Progress(44) at 2026-09-06 01:19:06: 33,144,801,920 states generated (29,247,811 s/min), 4,351,629,396 distinct states found (3,060,234 ds/min), 273,919,666 states left on queue.
Progress(44) at 2026-09-06 01:20:06: 33,174,053,872 states generated (29,251,952 s/min), 4,354,887,610 distinct states found (3,258,214 ds/min), 273,678,159 states left on queue.
Progress(44) at 2026-09-06 01:21:06: 33,202,497,945 states generated (28,444,073 s/min), 4,357,948,359 distinct states found (3,060,749 ds/min), 273,149,170 states left on queue.
Progress(44) at 2026-09-06 01:22:06: 33,231,091,408 states generated (28,593,463 s/min), 4,361,029,044 distinct states found (3,080,685 ds/min), 272,665,965 states left on queue.
Progress(44) at 2026-09-06 01:23:06: 33,258,989,895 states generated (27,898,487 s/min), 4,363,898,798 distinct states found (2,869,754 ds/min), 272,175,080 states left on queue.
Progress(44) at 2026-09-06 01:24:06: 33,287,434,274 states generated (28,444,379 s/min), 4,367,185,958 distinct states found (3,287,160 ds/min), 272,017,462 states left on queue.
Progress(44) at 2026-09-06 01:25:06: 33,315,467,292 states generated (28,033,018 s/min), 4,370,446,331 distinct states found (3,260,373 ds/min), 271,971,432 states left on queue.
Progress(44) at 2026-09-06 01:26:06: 33,342,198,604 states generated (26,731,312 s/min), 4,373,340,886 distinct states found (2,894,555 ds/min), 271,644,429 states left on queue.
Progress(44) at 2026-09-06 01:27:06: 33,369,816,285 states generated (27,617,681 s/min), 4,376,526,454 distinct states found (3,185,568 ds/min), 271,480,906 states left on queue.
Progress(44) at 2026-09-06 01:28:06: 33,398,472,586 states generated (28,656,301 s/min), 4,380,039,947 distinct states found (3,513,493 ds/min), 271,626,187 states left on queue.
Checkpointing of run states/26-09-05-05-23-15
Checkpointing completed at (2026-09-06 01:29:32)
Progress(44) at 2026-09-06 01:29:32: 33,404,851,415 states generated (6,378,829 s/min), 4,380,718,315 distinct states found (678,368 ds/min), 271,571,867 states left on queue.
Progress(44) at 2026-09-06 01:30:32: 33,434,229,991 states generated (29,378,576 s/min), 4,384,142,260 distinct states found (3,423,945 ds/min), 271,496,051 states left on queue.
Progress(44) at 2026-09-06 01:31:32: 33,462,123,902 states generated (27,893,911 s/min), 4,387,295,646 distinct states found (3,153,386 ds/min), 271,139,184 states left on queue.
Progress(44) at 2026-09-06 01:32:32: 33,490,022,012 states generated (27,898,110 s/min), 4,390,552,781 distinct states found (3,257,135 ds/min), 271,138,490 states left on queue.
Progress(44) at 2026-09-06 01:33:32: 33,518,351,039 states generated (28,329,027 s/min), 4,393,635,298 distinct states found (3,082,517 ds/min), 270,953,322 states left on queue.
Progress(44) at 2026-09-06 01:34:32: 33,545,848,598 states generated (27,497,559 s/min), 4,397,001,966 distinct states found (3,366,668 ds/min), 271,020,551 states left on queue.
Progress(44) at 2026-09-06 01:35:32: 33,573,347,677 states generated (27,499,079 s/min), 4,400,052,428 distinct states found (3,050,462 ds/min), 270,801,871 states left on queue.
Progress(44) at 2026-09-06 01:36:32: 33,602,040,761 states generated (28,693,084 s/min), 4,403,546,296 distinct states found (3,493,868 ds/min), 271,027,164 states left on queue.
Progress(44) at 2026-09-06 01:37:32: 33,629,246,023 states generated (27,205,262 s/min), 4,406,596,316 distinct states found (3,050,020 ds/min), 271,026,142 states left on queue.
Progress(44) at 2026-09-06 01:38:32: 33,656,282,420 states generated (27,036,397 s/min), 4,409,524,414 distinct states found (2,928,098 ds/min), 270,762,525 states left on queue.
Progress(44) at 2026-09-06 01:39:32: 33,683,817,592 states generated (27,535,172 s/min), 4,412,633,300 distinct states found (3,108,886 ds/min), 270,646,004 states left on queue.
Progress(44) at 2026-09-06 01:40:32: 33,711,993,910 states generated (28,176,318 s/min), 4,415,894,264 distinct states found (3,260,964 ds/min), 270,431,941 states left on queue.
Progress(44) at 2026-09-06 01:41:32: 33,738,819,709 states generated (26,825,799 s/min), 4,419,022,913 distinct states found (3,128,649 ds/min), 270,165,481 states left on queue.
Progress(44) at 2026-09-06 01:42:32: 33,766,251,742 states generated (27,432,033 s/min), 4,422,224,474 distinct states found (3,201,561 ds/min), 269,862,789 states left on queue.
Progress(44) at 2026-09-06 01:43:32: 33,793,967,639 states generated (27,715,897 s/min), 4,425,398,170 distinct states found (3,173,696 ds/min), 269,705,105 states left on queue.
Progress(44) at 2026-09-06 01:44:32: 33,821,612,476 states generated (27,644,837 s/min), 4,428,595,958 distinct states found (3,197,788 ds/min), 269,757,062 states left on queue.
Progress(44) at 2026-09-06 01:45:32: 33,849,759,298 states generated (28,146,822 s/min), 4,431,794,858 distinct states found (3,198,900 ds/min), 269,908,553 states left on queue.
Progress(44) at 2026-09-06 01:46:32: 33,876,889,963 states generated (27,130,665 s/min), 4,434,653,450 distinct states found (2,858,592 ds/min), 269,436,519 states left on queue.
Progress(44) at 2026-09-06 01:47:32: 33,906,496,634 states generated (29,606,671 s/min), 4,437,987,930 distinct states found (3,334,480 ds/min), 268,906,910 states left on queue.
Progress(44) at 2026-09-06 01:48:32: 33,934,617,216 states generated (28,120,582 s/min), 4,440,661,133 distinct states found (2,673,203 ds/min), 268,136,839 states left on queue.
Progress(44) at 2026-09-06 01:49:32: 33,963,282,690 states generated (28,665,474 s/min), 4,443,627,023 distinct states found (2,965,890 ds/min), 267,685,475 states left on queue.
Progress(44) at 2026-09-06 01:50:32: 33,991,558,593 states generated (28,275,903 s/min), 4,446,886,022 distinct states found (3,258,999 ds/min), 267,324,080 states left on queue.
Progress(44) at 2026-09-06 01:51:32: 34,019,335,172 states generated (27,776,579 s/min), 4,450,108,631 distinct states found (3,222,609 ds/min), 267,041,493 states left on queue.
Progress(44) at 2026-09-06 01:52:32: 34,045,748,743 states generated (26,413,571 s/min), 4,452,892,551 distinct states found (2,783,920 ds/min), 266,428,963 states left on queue.
Progress(44) at 2026-09-06 01:53:32: 34,076,956,615 states generated (31,207,872 s/min), 4,456,240,237 distinct states found (3,347,686 ds/min), 266,178,613 states left on queue.
Progress(44) at 2026-09-06 01:54:32: 34,107,346,374 states generated (30,389,759 s/min), 4,459,433,171 distinct states found (3,192,934 ds/min), 265,728,062 states left on queue.
Progress(44) at 2026-09-06 01:55:32: 34,136,401,005 states generated (29,054,631 s/min), 4,462,339,034 distinct states found (2,905,863 ds/min), 265,256,001 states left on queue.
Progress(44) at 2026-09-06 01:56:32: 34,166,297,052 states generated (29,896,047 s/min), 4,465,479,398 distinct states found (3,140,364 ds/min), 264,992,239 states left on queue.
Progress(44) at 2026-09-06 01:57:32: 34,195,479,338 states generated (29,182,286 s/min), 4,468,374,515 distinct states found (2,895,117 ds/min), 264,407,710 states left on queue.
Progress(44) at 2026-09-06 01:58:32: 34,223,890,848 states generated (28,411,510 s/min), 4,471,233,799 distinct states found (2,859,284 ds/min), 263,779,651 states left on queue.
Checkpointing of run states/26-09-05-05-23-15
Checkpointing completed at (2026-09-06 01:59:35)
Progress(44) at 2026-09-06 01:59:35: 34,254,497,887 states generated (30,607,039 s/min), 4,474,575,705 distinct states found (3,341,906 ds/min), 263,542,145 states left on queue.
Progress(44) at 2026-09-06 02:00:35: 34,283,139,294 states generated (28,641,407 s/min), 4,477,838,903 distinct states found (3,263,198 ds/min), 263,379,029 states left on queue.
Progress(44) at 2026-09-06 02:01:35: 34,310,759,098 states generated (27,619,804 s/min), 4,480,814,341 distinct states found (2,975,438 ds/min), 262,982,709 states left on queue.
Progress(44) at 2026-09-06 02:02:35: 34,338,545,082 states generated (27,785,984 s/min), 4,483,875,054 distinct states found (3,060,713 ds/min), 262,815,269 states left on queue.
Progress(44) at 2026-09-06 02:03:35: 34,366,714,372 states generated (28,169,290 s/min), 4,486,819,220 distinct states found (2,944,166 ds/min), 262,208,027 states left on queue.
Progress(44) at 2026-09-06 02:04:35: 34,394,593,582 states generated (27,879,210 s/min), 4,489,811,116 distinct states found (2,991,896 ds/min), 261,579,571 states left on queue.
Progress(44) at 2026-09-06 02:05:35: 34,423,936,774 states generated (29,343,192 s/min), 4,493,053,845 distinct states found (3,242,729 ds/min), 261,248,849 states left on queue.
Progress(44) at 2026-09-06 02:06:35: 34,453,781,562 states generated (29,844,788 s/min), 4,496,239,750 distinct states found (3,185,905 ds/min), 260,871,593 states left on queue.
Progress(44) at 2026-09-06 02:07:35: 34,483,046,331 states generated (29,264,769 s/min), 4,499,393,723 distinct states found (3,153,973 ds/min), 260,720,011 states left on queue.
Progress(44) at 2026-09-06 02:08:35: 34,511,552,009 states generated (28,505,678 s/min), 4,502,252,945 distinct states found (2,859,222 ds/min), 260,121,736 states left on queue.
Progress(44) at 2026-09-06 02:09:35: 34,540,739,375 states generated (29,187,366 s/min), 4,505,337,857 distinct states found (3,084,912 ds/min), 259,547,114 states left on queue.
Progress(44) at 2026-09-06 02:10:35: 34,568,856,314 states generated (28,116,939 s/min), 4,508,246,282 distinct states found (2,908,425 ds/min), 258,917,714 states left on queue.
Progress(44) at 2026-09-06 02:11:35: 34,597,060,729 states generated (28,204,415 s/min), 4,511,058,505 distinct states found (2,812,223 ds/min), 258,143,710 states left on queue.
Progress(44) at 2026-09-06 02:12:35: 34,623,837,369 states generated (26,776,640 s/min), 4,514,299,394 distinct states found (3,240,889 ds/min), 257,868,325 states left on queue.
Progress(44) at 2026-09-06 02:13:35: 34,652,316,941 states generated (28,479,572 s/min), 4,517,127,180 distinct states found (2,827,786 ds/min), 257,093,220 states left on queue.
Progress(44) at 2026-09-06 02:14:35: 34,681,138,192 states generated (28,821,251 s/min), 4,520,090,421 distinct states found (2,963,241 ds/min), 256,560,768 states left on queue.
Progress(44) at 2026-09-06 02:15:35: 34,709,133,026 states generated (27,994,834 s/min), 4,522,960,111 distinct states found (2,869,690 ds/min), 255,998,438 states left on queue.
Progress(44) at 2026-09-06 02:16:35: 34,736,522,512 states generated (27,389,486 s/min), 4,525,714,615 distinct states found (2,754,504 ds/min), 255,291,277 states left on queue.
Progress(44) at 2026-09-06 02:17:35: 34,767,157,042 states generated (30,634,530 s/min), 4,529,261,396 distinct states found (3,546,781 ds/min), 255,224,943 states left on queue.
Progress(44) at 2026-09-06 02:18:35: 34,796,931,208 states generated (29,774,166 s/min), 4,532,536,108 distinct states found (3,274,712 ds/min), 254,888,124 states left on queue.
Progress(44) at 2026-09-06 02:19:35: 34,826,635,384 states generated (29,704,176 s/min), 4,535,611,857 distinct states found (3,075,749 ds/min), 254,438,043 states left on queue.
Progress(44) at 2026-09-06 02:20:35: 34,855,721,673 states generated (29,086,289 s/min), 4,538,646,933 distinct states found (3,035,076 ds/min), 253,934,475 states left on queue.
Progress(44) at 2026-09-06 02:21:35: 34,885,313,106 states generated (29,591,433 s/min), 4,542,036,276 distinct states found (3,389,343 ds/min), 253,972,079 states left on queue.
Progress(44) at 2026-09-06 02:22:35: 34,914,405,279 states generated (29,092,173 s/min), 4,545,140,255 distinct states found (3,103,979 ds/min), 253,895,702 states left on queue.
Progress(44) at 2026-09-06 02:23:35: 34,943,738,911 states generated (29,333,632 s/min), 4,548,217,144 distinct states found (3,076,889 ds/min), 253,606,547 states left on queue.
Progress(44) at 2026-09-06 02:24:35: 34,972,964,617 states generated (29,225,706 s/min), 4,551,562,067 distinct states found (3,344,923 ds/min), 253,499,333 states left on queue.
Progress(44) at 2026-09-06 02:25:35: 35,002,236,492 states generated (29,271,875 s/min), 4,554,916,542 distinct states found (3,354,475 ds/min), 253,440,495 states left on queue.
Progress(44) at 2026-09-06 02:26:35: 35,030,500,187 states generated (28,263,695 s/min), 4,557,904,545 distinct states found (2,988,003 ds/min), 252,918,846 states left on queue.
Progress(44) at 2026-09-06 02:27:35: 35,058,249,956 states generated (27,749,769 s/min), 4,560,799,396 distinct states found (2,894,851 ds/min), 252,470,109 states left on queue.
Progress(44) at 2026-09-06 02:28:35: 35,086,988,288 states generated (28,738,332 s/min), 4,564,055,249 distinct states found (3,255,853 ds/min), 252,325,268 states left on queue.
Checkpointing of run states/26-09-05-05-23-15
Checkpointing completed at (2026-09-06 02:29:42)
Progress(44) at 2026-09-06 02:29:42: 35,113,780,504 states generated (26,792,216 s/min), 4,566,824,422 distinct states found (2,769,173 ds/min), 251,834,866 states left on queue.
Progress(44) at 2026-09-06 02:30:42: 35,142,795,702 states generated (29,015,198 s/min), 4,570,088,749 distinct states found (3,264,327 ds/min), 251,398,052 states left on queue.
Progress(44) at 2026-09-06 02:31:42: 35,171,926,008 states generated (29,130,306 s/min), 4,573,481,622 distinct states found (3,392,873 ds/min), 251,126,389 states left on queue.
Progress(44) at 2026-09-06 02:32:42: 35,200,897,129 states generated (28,971,121 s/min), 4,576,780,774 distinct states found (3,299,152 ds/min), 250,721,300 states left on queue.
Progress(44) at 2026-09-06 02:33:42: 35,230,199,724 states generated (29,302,595 s/min), 4,579,692,104 distinct states found (2,911,330 ds/min), 250,075,269 states left on queue.
Progress(44) at 2026-09-06 02:34:42: 35,261,562,435 states generated (31,362,711 s/min), 4,583,189,383 distinct states found (3,497,279 ds/min), 249,935,205 states left on queue.
Progress(44) at 2026-09-06 02:35:42: 35,291,932,806 states generated (30,370,371 s/min), 4,586,365,120 distinct states found (3,175,737 ds/min), 249,383,188 states left on queue.
Progress(44) at 2026-09-06 02:36:42: 35,321,155,209 states generated (29,222,403 s/min), 4,589,286,192 distinct states found (2,921,072 ds/min), 248,585,431 states left on queue.
Progress(45) at 2026-09-06 02:37:42: 35,351,184,427 states generated (30,029,218 s/min), 4,592,534,064 distinct states found (3,247,872 ds/min), 248,143,570 states left on queue.
Progress(45) at 2026-09-06 02:38:42: 35,379,196,309 states generated (28,011,882 s/min), 4,595,942,683 distinct states found (3,408,619 ds/min), 248,197,693 states left on queue.
Progress(45) at 2026-09-06 02:39:42: 35,408,914,297 states generated (29,717,988 s/min), 4,598,962,930 distinct states found (3,020,247 ds/min), 247,785,479 states left on queue.
Progress(45) at 2026-09-06 02:40:42: 35,438,951,664 states generated (30,037,367 s/min), 4,602,158,247 distinct states found (3,195,317 ds/min), 247,393,351 states left on queue.
Progress(45) at 2026-09-06 02:41:42: 35,468,289,594 states generated (29,337,930 s/min), 4,605,261,673 distinct states found (3,103,426 ds/min), 246,821,017 states left on queue.
Progress(45) at 2026-09-06 02:42:42: 35,497,606,709 states generated (29,317,115 s/min), 4,608,236,672 distinct states found (2,974,999 ds/min), 246,220,043 states left on queue.
Progress(45) at 2026-09-06 02:43:42: 35,526,680,687 states generated (29,073,978 s/min), 4,611,391,731 distinct states found (3,155,059 ds/min), 245,789,944 states left on queue.
Progress(45) at 2026-09-06 02:44:42: 35,556,028,022 states generated (29,347,335 s/min), 4,614,559,804 distinct states found (3,168,073 ds/min), 245,517,113 states left on queue.
Progress(45) at 2026-09-06 02:45:42: 35,583,038,836 states generated (27,010,814 s/min), 4,617,586,447 distinct states found (3,026,643 ds/min), 245,218,689 states left on queue.
Progress(45) at 2026-09-06 02:46:42: 35,611,272,142 states generated (28,233,306 s/min), 4,620,600,794 distinct states found (3,014,347 ds/min), 244,839,110 states left on queue.
Progress(45) at 2026-09-06 02:47:42: 35,640,848,530 states generated (29,576,388 s/min), 4,624,268,107 distinct states found (3,667,313 ds/min), 245,017,267 states left on queue.
Progress(45) at 2026-09-06 02:48:42: 35,670,314,178 states generated (29,465,648 s/min), 4,627,543,118 distinct states found (3,275,011 ds/min), 244,817,630 states left on queue.
Progress(45) at 2026-09-06 02:49:42: 35,698,787,177 states generated (28,472,999 s/min), 4,630,666,089 distinct states found (3,122,971 ds/min), 244,450,243 states left on queue.
Progress(45) at 2026-09-06 02:50:42: 35,727,032,931 states generated (28,245,754 s/min), 4,633,907,594 distinct states found (3,241,505 ds/min), 244,248,101 states left on queue.
Progress(45) at 2026-09-06 02:51:42: 35,755,371,658 states generated (28,338,727 s/min), 4,636,931,998 distinct states found (3,024,404 ds/min), 244,105,527 states left on queue.
Progress(45) at 2026-09-06 02:52:42: 35,782,875,188 states generated (27,503,530 s/min), 4,640,248,808 distinct states found (3,316,810 ds/min), 244,102,987 states left on queue.
Progress(45) at 2026-09-06 02:53:42: 35,808,566,130 states generated (25,690,942 s/min), 4,643,017,970 distinct states found (2,769,162 ds/min), 243,799,514 states left on queue.
Progress(45) at 2026-09-06 02:54:42: 35,837,314,505 states generated (28,748,375 s/min), 4,646,333,017 distinct states found (3,315,047 ds/min), 243,796,542 states left on queue.
Progress(45) at 2026-09-06 02:55:42: 35,865,105,609 states generated (27,791,104 s/min), 4,649,501,362 distinct states found (3,168,345 ds/min), 243,831,002 states left on queue.
Progress(45) at 2026-09-06 02:56:42: 35,892,188,036 states generated (27,082,427 s/min), 4,652,320,200 distinct states found (2,818,838 ds/min), 243,491,424 states left on queue.
Progress(45) at 2026-09-06 02:57:42: 35,919,717,352 states generated (27,529,316 s/min), 4,655,370,795 distinct states found (3,050,595 ds/min), 243,353,167 states left on queue.
Progress(45) at 2026-09-06 02:58:42: 35,947,802,957 states generated (28,085,605 s/min), 4,658,487,380 distinct states found (3,116,585 ds/min), 242,992,384 states left on queue.
Checkpointing of run states/26-09-05-05-23-15
Checkpointing completed at (2026-09-06 02:59:45)
Progress(45) at 2026-09-06 02:59:45: 35,976,668,511 states generated (28,865,554 s/min), 4,661,800,106 distinct states found (3,312,726 ds/min), 242,670,743 states left on queue.
Progress(45) at 2026-09-06 03:00:45: 36,004,076,001 states generated (27,407,490 s/min), 4,664,887,363 distinct states found (3,087,257 ds/min), 242,291,335 states left on queue.
Progress(45) at 2026-09-06 03:01:45: 36,031,942,992 states generated (27,866,991 s/min), 4,668,046,615 distinct states found (3,159,252 ds/min), 242,177,748 states left on queue.
Progress(45) at 2026-09-06 03:02:45: 36,060,104,780 states generated (28,161,788 s/min), 4,671,231,042 distinct states found (3,184,427 ds/min), 242,151,106 states left on queue.
Progress(45) at 2026-09-06 03:03:45: 36,088,250,946 states generated (28,146,166 s/min), 4,674,294,625 distinct states found (3,063,583 ds/min), 242,116,275 states left on queue.
Progress(45) at 2026-09-06 03:04:45: 36,116,089,914 states generated (27,838,968 s/min), 4,677,246,061 distinct states found (2,951,436 ds/min), 241,565,412 states left on queue.
Progress(45) at 2026-09-06 03:05:45: 36,145,486,278 states generated (29,396,364 s/min), 4,680,209,910 distinct states found (2,963,849 ds/min), 240,803,829 states left on queue.
Progress(45) at 2026-09-06 03:06:45: 36,173,757,691 states generated (28,271,413 s/min), 4,683,001,949 distinct states found (2,792,039 ds/min), 240,170,633 states left on queue.
Progress(45) at 2026-09-06 03:07:45: 36,202,130,030 states generated (28,372,339 s/min), 4,686,114,883 distinct states found (3,112,934 ds/min), 239,735,774 states left on queue.
Progress(45) at 2026-09-06 03:08:45: 36,230,065,582 states generated (27,935,552 s/min), 4,689,250,077 distinct states found (3,135,194 ds/min), 239,346,941 states left on queue.
Progress(45) at 2026-09-06 03:09:45: 36,257,299,672 states generated (27,234,090 s/min), 4,692,058,572 distinct states found (2,808,495 ds/min), 238,669,992 states left on queue.
Progress(45) at 2026-09-06 03:10:45: 36,288,653,456 states generated (31,353,784 s/min), 4,695,356,886 distinct states found (3,298,314 ds/min), 238,380,076 states left on queue.
Progress(45) at 2026-09-06 03:11:45: 36,318,166,195 states generated (29,512,739 s/min), 4,698,288,434 distinct states found (2,931,548 ds/min), 237,772,685 states left on queue.
Progress(45) at 2026-09-06 03:12:45: 36,347,941,173 states generated (29,774,978 s/min), 4,701,344,862 distinct states found (3,056,428 ds/min), 237,456,642 states left on queue.
Progress(45) at 2026-09-06 03:13:45: 36,377,511,314 states generated (29,570,141 s/min), 4,704,208,484 distinct states found (2,863,622 ds/min), 236,874,951 states left on queue.
Progress(45) at 2026-09-06 03:14:45: 36,406,003,488 states generated (28,492,174 s/min), 4,706,998,554 distinct states found (2,790,070 ds/min), 236,180,384 states left on queue.
Progress(45) at 2026-09-06 03:15:45: 36,435,157,724 states generated (29,154,236 s/min), 4,710,073,121 distinct states found (3,074,567 ds/min), 235,807,007 states left on queue.
Progress(45) at 2026-09-06 03:16:45: 36,463,808,501 states generated (28,650,777 s/min), 4,713,237,882 distinct states found (3,164,761 ds/min), 235,566,765 states left on queue.
Progress(45) at 2026-09-06 03:17:45: 36,490,884,910 states generated (27,076,409 s/min), 4,716,094,959 distinct states found (2,857,077 ds/min), 235,147,045 states left on queue.
Progress(45) at 2026-09-06 03:18:45: 36,518,855,701 states generated (27,970,791 s/min), 4,719,091,351 distinct states found (2,996,392 ds/min), 234,907,965 states left on queue.
Progress(45) at 2026-09-06 03:19:45: 36,546,983,299 states generated (28,127,598 s/min), 4,721,965,819 distinct states found (2,874,468 ds/min), 234,194,494 states left on queue.
Progress(45) at 2026-09-06 03:20:45: 36,574,777,865 states generated (27,794,566 s/min), 4,724,839,593 distinct states found (2,873,774 ds/min), 233,499,003 states left on queue.
Progress(45) at 2026-09-06 03:21:45: 36,605,140,174 states generated (30,362,309 s/min), 4,728,188,527 distinct states found (3,348,934 ds/min), 233,253,346 states left on queue.
Progress(45) at 2026-09-06 03:22:45: 36,634,282,406 states generated (29,142,232 s/min), 4,731,141,832 distinct states found (2,953,305 ds/min), 232,886,341 states left on queue.
Progress(45) at 2026-09-06 03:23:45: 36,662,779,043 states generated (28,496,637 s/min), 4,734,034,621 distinct states found (2,892,789 ds/min), 232,352,574 states left on queue.
Progress(45) at 2026-09-06 03:24:45: 36,691,880,643 states generated (29,101,600 s/min), 4,737,020,639 distinct states found (2,986,018 ds/min), 231,713,072 states left on queue.
Progress(45) at 2026-09-06 03:25:45: 36,719,964,829 states generated (28,084,186 s/min), 4,739,836,374 distinct states found (2,815,735 ds/min), 231,003,334 states left on queue.
Progress(45) at 2026-09-06 03:26:45: 36,747,446,267 states generated (27,481,438 s/min), 4,742,744,781 distinct states found (2,908,407 ds/min), 230,390,544 states left on queue.
Progress(45) at 2026-09-06 03:27:45: 36,774,914,551 states generated (27,468,284 s/min), 4,745,636,135 distinct states found (2,891,354 ds/min), 229,708,919 states left on queue.
Progress(45) at 2026-09-06 03:28:45: 36,804,155,788 states generated (29,241,237 s/min), 4,748,599,899 distinct states found (2,963,764 ds/min), 229,188,005 states left on queue.
Checkpointing of run states/26-09-05-05-23-15
Checkpointing completed at (2026-09-06 03:29:49)
Progress(45) at 2026-09-06 03:29:49: 36,831,757,549 states generated (27,601,761 s/min), 4,751,327,989 distinct states found (2,728,090 ds/min), 228,493,335 states left on queue.
Progress(45) at 2026-09-06 03:30:49: 36,859,407,828 states generated (27,650,279 s/min), 4,754,089,676 distinct states found (2,761,687 ds/min), 227,753,751 states left on queue.
Progress(45) at 2026-09-06 03:31:49: 36,890,256,126 states generated (30,848,298 s/min), 4,757,554,746 distinct states found (3,465,070 ds/min), 227,650,242 states left on queue.
Progress(45) at 2026-09-06 03:32:49: 36,919,855,812 states generated (29,599,686 s/min), 4,760,692,366 distinct states found (3,137,620 ds/min), 227,131,164 states left on queue.
Progress(45) at 2026-09-06 03:33:49: 36,950,323,219 states generated (30,467,407 s/min), 4,763,788,881 distinct states found (3,096,515 ds/min), 226,697,268 states left on queue.
Progress(45) at 2026-09-06 03:34:49: 36,978,238,269 states generated (27,915,050 s/min), 4,766,772,634 distinct states found (2,983,753 ds/min), 226,306,251 states left on queue.
Progress(45) at 2026-09-06 03:35:49: 37,007,620,695 states generated (29,382,426 s/min), 4,769,964,863 distinct states found (3,192,229 ds/min), 226,295,039 states left on queue.
Progress(45) at 2026-09-06 03:36:49: 37,036,263,295 states generated (28,642,600 s/min), 4,772,856,777 distinct states found (2,891,914 ds/min), 225,926,572 states left on queue.
Progress(45) at 2026-09-06 03:37:49: 37,065,171,103 states generated (28,907,808 s/min), 4,776,030,106 distinct states found (3,173,329 ds/min), 225,780,829 states left on queue.
Progress(45) at 2026-09-06 03:38:49: 37,094,518,096 states generated (29,346,993 s/min), 4,779,427,490 distinct states found (3,397,384 ds/min), 225,666,162 states left on queue.
Progress(45) at 2026-09-06 03:39:49: 37,123,005,623 states generated (28,487,527 s/min), 4,782,437,129 distinct states found (3,009,639 ds/min), 225,219,294 states left on queue.
Progress(45) at 2026-09-06 03:40:49: 37,150,778,281 states generated (27,772,658 s/min), 4,785,231,589 distinct states found (2,794,460 ds/min), 224,651,885 states left on queue.
Progress(45) at 2026-09-06 03:41:49: 37,179,463,171 states generated (28,684,890 s/min), 4,788,411,489 distinct states found (3,179,900 ds/min), 224,438,573 states left on queue.
Progress(45) at 2026-09-06 03:42:49: 37,207,374,747 states generated (27,911,576 s/min), 4,791,247,665 distinct states found (2,836,176 ds/min), 223,848,151 states left on queue.
Progress(45) at 2026-09-06 03:43:49: 37,236,851,471 states generated (29,476,724 s/min), 4,794,656,510 distinct states found (3,408,845 ds/min), 223,531,315 states left on queue.
Progress(45) at 2026-09-06 03:44:49: 37,265,645,355 states generated (28,793,884 s/min), 4,797,780,317 distinct states found (3,123,807 ds/min), 223,027,717 states left on queue.
Progress(45) at 2026-09-06 03:45:49: 37,294,691,246 states generated (29,045,891 s/min), 4,800,879,229 distinct states found (3,098,912 ds/min), 222,466,405 states left on queue.
Progress(45) at 2026-09-06 03:46:49: 37,325,027,665 states generated (30,336,419 s/min), 4,804,025,276 distinct states found (3,146,047 ds/min), 222,035,858 states left on queue.
Progress(45) at 2026-09-06 03:47:49: 37,355,923,462 states generated (30,895,797 s/min), 4,807,252,820 distinct states found (3,227,544 ds/min), 221,609,817 states left on queue.
Progress(45) at 2026-09-06 03:48:49: 37,385,209,628 states generated (29,286,166 s/min), 4,810,183,375 distinct states found (2,930,555 ds/min), 220,799,587 states left on queue.
Progress(46) at 2026-09-06 03:49:49: 37,414,727,437 states generated (29,517,809 s/min), 4,813,344,650 distinct states found (3,161,275 ds/min), 220,323,619 states left on queue.
Progress(46) at 2026-09-06 03:50:49: 37,442,634,789 states generated (27,907,352 s/min), 4,816,609,891 distinct states found (3,265,241 ds/min), 220,256,179 states left on queue.
Progress(46) at 2026-09-06 03:51:49: 37,472,562,929 states generated (29,928,140 s/min), 4,819,587,909 distinct states found (2,978,018 ds/min), 219,796,034 states left on queue.
Progress(46) at 2026-09-06 03:52:49: 37,502,242,444 states generated (29,679,515 s/min), 4,822,755,843 distinct states found (3,167,934 ds/min), 219,325,771 states left on queue.
Progress(46) at 2026-09-06 03:53:49: 37,531,571,738 states generated (29,329,294 s/min), 4,825,661,112 distinct states found (2,905,269 ds/min), 218,575,407 states left on queue.
Progress(46) at 2026-09-06 03:54:49: 37,560,275,869 states generated (28,704,131 s/min), 4,828,624,275 distinct states found (2,963,163 ds/min), 218,041,700 states left on queue.
Progress(46) at 2026-09-06 03:55:49: 37,589,625,086 states generated (29,349,217 s/min), 4,831,729,306 distinct states found (3,105,031 ds/min), 217,669,865 states left on queue.
Progress(46) at 2026-09-06 03:56:49: 37,617,074,446 states generated (27,449,360 s/min), 4,834,670,940 distinct states found (2,941,634 ds/min), 217,237,330 states left on queue.
Progress(46) at 2026-09-06 03:57:49: 37,645,446,697 states generated (28,372,251 s/min), 4,837,671,871 distinct states found (3,000,931 ds/min), 216,844,235 states left on queue.
Progress(46) at 2026-09-06 03:58:49: 37,674,853,886 states generated (29,407,189 s/min), 4,841,207,532 distinct states found (3,535,661 ds/min), 216,885,127 states left on queue.
Checkpointing of run states/26-09-05-05-23-15
Checkpointing completed at (2026-09-06 03:59:52)
Progress(46) at 2026-09-06 03:59:52: 37,705,729,994 states generated (30,876,108 s/min), 4,844,580,717 distinct states found (3,373,185 ds/min), 216,586,415 states left on queue.
Progress(46) at 2026-09-06 04:00:52: 37,733,623,578 states generated (27,893,584 s/min), 4,847,534,840 distinct states found (2,954,123 ds/min), 216,076,605 states left on queue.
Progress(46) at 2026-09-06 04:01:52: 37,762,035,633 states generated (28,412,055 s/min), 4,850,728,191 distinct states found (3,193,351 ds/min), 215,980,981 states left on queue.
Progress(46) at 2026-09-06 04:02:52: 37,790,233,506 states generated (28,197,873 s/min), 4,853,716,268 distinct states found (2,988,077 ds/min), 215,702,668 states left on queue.
Progress(46) at 2026-09-06 04:03:52: 37,817,093,473 states generated (26,859,967 s/min), 4,856,766,800 distinct states found (3,050,532 ds/min), 215,533,623 states left on queue.
Progress(46) at 2026-09-06 04:04:52: 37,845,127,916 states generated (28,034,443 s/min), 4,859,861,922 distinct states found (3,095,122 ds/min), 215,305,017 states left on queue.
Progress(46) at 2026-09-06 04:05:52: 37,873,304,490 states generated (28,176,574 s/min), 4,863,077,068 distinct states found (3,215,146 ds/min), 215,322,070 states left on queue.
Progress(46) at 2026-09-06 04:06:52: 37,900,410,149 states generated (27,105,659 s/min), 4,865,903,488 distinct states found (2,826,420 ds/min), 215,095,092 states left on queue.
Progress(46) at 2026-09-06 04:07:52: 37,927,540,085 states generated (27,129,936 s/min), 4,868,756,937 distinct states found (2,853,449 ds/min), 214,720,157 states left on queue.
Progress(46) at 2026-09-06 04:08:52: 37,955,216,462 states generated (27,676,377 s/min), 4,871,733,457 distinct states found (2,976,520 ds/min), 214,371,030 states left on queue.
Progress(46) at 2026-09-06 04:09:52: 37,982,802,980 states generated (27,586,518 s/min), 4,874,756,635 distinct states found (3,023,178 ds/min), 213,982,783 states left on queue.
Progress(46) at 2026-09-06 04:10:52: 38,010,178,737 states generated (27,375,757 s/min), 4,877,829,736 distinct states found (3,073,101 ds/min), 213,562,184 states left on queue.
Progress(46) at 2026-09-06 04:11:52: 38,037,870,060 states generated (27,691,323 s/min), 4,880,864,084 distinct states found (3,034,348 ds/min), 213,293,737 states left on queue.
Progress(46) at 2026-09-06 04:12:52: 38,066,103,720 states generated (28,233,660 s/min), 4,884,009,385 distinct states found (3,145,301 ds/min), 213,218,348 states left on queue.
Progress(46) at 2026-09-06 04:13:52: 38,094,186,476 states generated (28,082,756 s/min), 4,887,038,921 distinct states found (3,029,536 ds/min), 213,187,327 states left on queue.
Progress(46) at 2026-09-06 04:14:52: 38,122,052,927 states generated (27,866,451 s/min), 4,889,935,861 distinct states found (2,896,940 ds/min), 212,611,491 states left on queue.
Progress(46) at 2026-09-06 04:15:52: 38,150,903,295 states generated (28,850,368 s/min), 4,892,758,908 distinct states found (2,823,047 ds/min), 211,769,730 states left on queue.
Progress(46) at 2026-09-06 04:16:52: 38,179,463,587 states generated (28,560,292 s/min), 4,895,524,864 distinct states found (2,765,956 ds/min), 211,124,823 states left on queue.
Progress(46) at 2026-09-06 04:17:52: 38,207,197,106 states generated (27,733,519 s/min), 4,898,651,409 distinct states found (3,126,545 ds/min), 210,723,293 states left on queue.
Progress(46) at 2026-09-06 04:18:52: 38,234,137,869 states generated (26,940,763 s/min), 4,901,431,942 distinct states found (2,780,533 ds/min), 210,103,898 states left on queue.
Progress(46) at 2026-09-06 04:19:52: 38,264,923,663 states generated (30,785,794 s/min), 4,904,563,583 distinct states found (3,131,641 ds/min), 209,647,022 states left on queue.
Progress(46) at 2026-09-06 04:20:52: 38,294,806,488 states generated (29,882,825 s/min), 4,907,443,118 distinct states found (2,879,535 ds/min), 208,952,058 states left on queue.
Progress(46) at 2026-09-06 04:21:52: 38,324,545,481 states generated (29,738,993 s/min), 4,910,454,254 distinct states found (3,011,136 ds/min), 208,596,913 states left on queue.
Progress(46) at 2026-09-06 04:22:52: 38,353,419,055 states generated (28,873,574 s/min), 4,913,164,285 distinct states found (2,710,031 ds/min), 207,888,754 states left on queue.
Progress(46) at 2026-09-06 04:23:52: 38,381,946,646 states generated (28,527,591 s/min), 4,915,988,371 distinct states found (2,824,086 ds/min), 207,251,437 states left on queue.
Progress(46) at 2026-09-06 04:24:52: 38,410,915,228 states generated (28,968,582 s/min), 4,919,002,584 distinct states found (3,014,213 ds/min), 206,867,950 states left on queue.
Progress(46) at 2026-09-06 04:25:52: 38,438,952,950 states generated (28,037,722 s/min), 4,922,021,318 distinct states found (3,018,734 ds/min), 206,502,973 states left on queue.
Progress(46) at 2026-09-06 04:26:52: 38,466,602,223 states generated (27,649,273 s/min), 4,924,884,903 distinct states found (2,863,585 ds/min), 206,155,978 states left on queue.
Progress(46) at 2026-09-06 04:27:52: 38,494,734,929 states generated (28,132,706 s/min), 4,927,665,822 distinct states found (2,780,919 ds/min), 205,404,869 states left on queue.
Progress(46) at 2026-09-06 04:28:52: 38,523,202,486 states generated (28,467,557 s/min), 4,930,610,823 distinct states found (2,945,001 ds/min), 204,759,113 states left on queue.
Checkpointing of run states/26-09-05-05-23-15
Checkpointing completed at (2026-09-06 04:29:56)
Progress(46) at 2026-09-06 04:29:56: 38,550,173,283 states generated (26,970,797 s/min), 4,933,416,990 distinct states found (2,806,167 ds/min), 204,362,958 states left on queue.
Progress(46) at 2026-09-06 04:30:56: 38,579,167,399 states generated (28,994,116 s/min), 4,936,413,125 distinct states found (2,996,135 ds/min), 204,056,010 states left on queue.
Progress(46) at 2026-09-06 04:31:56: 38,607,837,070 states generated (28,669,671 s/min), 4,939,155,061 distinct states found (2,741,936 ds/min), 203,266,576 states left on queue.
Progress(46) at 2026-09-06 04:32:56: 38,636,030,461 states generated (28,193,391 s/min), 4,941,959,637 distinct states found (2,804,576 ds/min), 202,557,915 states left on queue.
Progress(46) at 2026-09-06 04:33:56: 38,663,553,766 states generated (27,523,305 s/min), 4,944,821,223 distinct states found (2,861,586 ds/min), 201,893,953 states left on queue.
Progress(46) at 2026-09-06 04:34:56: 38,691,610,403 states generated (28,056,637 s/min), 4,947,620,876 distinct states found (2,799,653 ds/min), 201,107,156 states left on queue.
Progress(46) at 2026-09-06 04:35:56: 38,720,185,583 states generated (28,575,180 s/min), 4,950,388,927 distinct states found (2,768,051 ds/min), 200,488,858 states left on queue.
Progress(46) at 2026-09-06 04:36:56: 38,747,210,994 states generated (27,025,411 s/min), 4,953,043,750 distinct states found (2,654,823 ds/min), 199,767,850 states left on queue.
Progress(46) at 2026-09-06 04:37:56: 38,777,564,585 states generated (30,353,591 s/min), 4,956,358,149 distinct states found (3,314,399 ds/min), 199,460,615 states left on queue.
Progress(46) at 2026-09-06 04:38:56: 38,807,123,617 states generated (29,559,032 s/min), 4,959,448,210 distinct states found (3,090,061 ds/min), 198,942,849 states left on queue.
Progress(46) at 2026-09-06 04:39:56: 38,837,330,053 states generated (30,206,436 s/min), 4,962,455,854 distinct states found (3,007,644 ds/min), 198,393,261 states left on queue.
Progress(46) at 2026-09-06 04:40:56: 38,866,410,495 states generated (29,080,442 s/min), 4,965,548,091 distinct states found (3,092,237 ds/min), 198,090,365 states left on queue.
Progress(46) at 2026-09-06 04:41:56: 38,895,483,186 states generated (29,072,691 s/min), 4,968,632,056 distinct states found (3,083,965 ds/min), 197,983,736 states left on queue.
Progress(46) at 2026-09-06 04:42:56: 38,924,531,531 states generated (29,048,345 s/min), 4,971,542,289 distinct states found (2,910,233 ds/min), 197,573,254 states left on queue.
Progress(46) at 2026-09-06 04:43:56: 38,953,701,910 states generated (29,170,379 s/min), 4,974,732,263 distinct states found (3,189,974 ds/min), 197,308,567 states left on queue.
Progress(46) at 2026-09-06 04:44:56: 38,982,676,265 states generated (28,974,355 s/min), 4,977,857,935 distinct states found (3,125,672 ds/min), 196,989,824 states left on queue.
Progress(46) at 2026-09-06 04:45:56: 39,010,465,955 states generated (27,789,690 s/min), 4,980,665,981 distinct states found (2,808,046 ds/min), 196,390,648 states left on queue.
Progress(46) at 2026-09-06 04:46:56: 39,039,020,191 states generated (28,554,236 s/min), 4,983,708,138 distinct states found (3,042,157 ds/min), 196,034,320 states left on queue.
Progress(46) at 2026-09-06 04:47:56: 39,067,102,211 states generated (28,082,020 s/min), 4,986,500,579 distinct states found (2,792,441 ds/min), 195,424,502 states left on queue.
Progress(46) at 2026-09-06 04:48:56: 39,096,522,105 states generated (29,419,894 s/min), 4,989,828,361 distinct states found (3,327,782 ds/min), 195,033,393 states left on queue.
Progress(46) at 2026-09-06 04:49:56: 39,125,169,353 states generated (28,647,248 s/min), 4,992,867,154 distinct states found (3,038,793 ds/min), 194,457,111 states left on queue.
Progress(46) at 2026-09-06 04:50:56: 39,154,215,983 states generated (29,046,630 s/min), 4,995,810,963 distinct states found (2,943,809 ds/min), 193,816,966 states left on queue.
Progress(46) at 2026-09-06 04:51:56: 39,185,370,043 states generated (31,154,060 s/min), 4,999,106,041 distinct states found (3,295,078 ds/min), 193,500,359 states left on queue.
Progress(46) at 2026-09-06 04:52:56: 39,214,852,165 states generated (29,482,122 s/min), 5,001,966,953 distinct states found (2,860,912 ds/min), 192,659,008 states left on queue.
Progress(47) at 2026-09-06 04:53:56: 39,244,618,328 states generated (29,766,163 s/min), 5,005,075,233 distinct states found (3,108,280 ds/min), 192,064,386 states left on queue.
Progress(47) at 2026-09-06 04:54:56: 39,272,351,018 states generated (27,732,690 s/min), 5,008,304,098 distinct states found (3,228,865 ds/min), 191,961,681 states left on queue.
Progress(47) at 2026-09-06 04:55:56: 39,302,082,281 states generated (29,731,263 s/min), 5,011,169,325 distinct states found (2,865,227 ds/min), 191,403,996 states left on queue.
Progress(47) at 2026-09-06 04:56:56: 39,331,533,719 states generated (29,451,438 s/min), 5,014,182,399 distinct states found (3,013,074 ds/min), 190,751,377 states left on queue.
Progress(47) at 2026-09-06 04:57:56: 39,360,647,478 states generated (29,113,759 s/min), 5,016,968,149 distinct states found (2,785,750 ds/min), 189,982,147 states left on queue.
Progress(47) at 2026-09-06 04:58:56: 39,389,521,027 states generated (28,873,549 s/min), 5,020,011,284 distinct states found (3,043,135 ds/min), 189,482,103 states left on queue.
Checkpointing of run states/26-09-05-05-23-15
Checkpointing completed at (2026-09-06 05:00:00)
Progress(47) at 2026-09-06 05:00:00: 39,419,371,498 states generated (29,850,471 s/min), 5,023,110,688 distinct states found (3,099,404 ds/min), 189,018,704 states left on queue.
Progress(47) at 2026-09-06 05:01:00: 39,447,614,499 states generated (28,243,001 s/min), 5,025,999,086 distinct states found (2,888,398 ds/min), 188,506,733 states left on queue.
Progress(47) at 2026-09-06 05:02:00: 39,477,138,034 states generated (29,523,535 s/min), 5,029,463,086 distinct states found (3,464,000 ds/min), 188,457,870 states left on queue.
Progress(47) at 2026-09-06 05:03:00: 39,506,270,123 states generated (29,132,089 s/min), 5,032,575,917 distinct states found (3,112,831 ds/min), 188,089,839 states left on queue.
Progress(47) at 2026-09-06 05:04:00: 39,534,042,518 states generated (27,772,395 s/min), 5,035,426,302 distinct states found (2,850,385 ds/min), 187,463,492 states left on queue.
Progress(47) at 2026-09-06 05:05:00: 39,562,679,051 states generated (28,636,533 s/min), 5,038,546,832 distinct states found (3,120,530 ds/min), 187,376,392 states left on queue.
Progress(47) at 2026-09-06 05:06:00: 39,590,701,839 states generated (28,022,788 s/min), 5,041,565,762 distinct states found (3,018,930 ds/min), 187,093,029 states left on queue.
Progress(47) at 2026-09-06 05:07:00: 39,617,719,834 states generated (27,017,995 s/min), 5,044,460,655 distinct states found (2,894,893 ds/min), 186,737,381 states left on queue.
Progress(47) at 2026-09-06 05:08:00: 39,646,481,870 states generated (28,762,036 s/min), 5,047,652,097 distinct states found (3,191,442 ds/min), 186,582,296 states left on queue.
Progress(47) at 2026-09-06 05:09:00: 39,674,253,197 states generated (27,771,327 s/min), 5,050,653,828 distinct states found (3,001,731 ds/min), 186,432,204 states left on queue.
Progress(47) at 2026-09-06 05:10:00: 39,701,406,368 states generated (27,153,171 s/min), 5,053,355,605 distinct states found (2,701,777 ds/min), 185,996,926 states left on queue.
Progress(47) at 2026-09-06 05:11:00: 39,728,967,901 states generated (27,561,533 s/min), 5,056,218,740 distinct states found (2,863,135 ds/min), 185,620,207 states left on queue.
Progress(47) at 2026-09-06 05:12:00: 39,756,276,298 states generated (27,308,397 s/min), 5,059,077,082 distinct states found (2,858,342 ds/min), 185,116,970 states left on queue.
Progress(47) at 2026-09-06 05:13:00: 39,783,685,834 states generated (27,409,536 s/min), 5,062,177,806 distinct states found (3,100,724 ds/min), 184,712,315 states left on queue.
Progress(47) at 2026-09-06 05:14:00: 39,811,362,165 states generated (27,676,331 s/min), 5,065,111,250 distinct states found (2,933,444 ds/min), 184,349,416 states left on queue.
Progress(47) at 2026-09-06 05:15:00: 39,839,613,100 states generated (28,250,935 s/min), 5,068,180,201 distinct states found (3,068,951 ds/min), 184,194,962 states left on queue.
Progress(47) at 2026-09-06 05:16:00: 39,867,750,926 states generated (28,137,826 s/min), 5,071,151,769 distinct states found (2,971,568 ds/min), 184,087,201 states left on queue.
Progress(47) at 2026-09-06 05:17:00: 39,895,959,429 states generated (28,208,503 s/min), 5,074,030,322 distinct states found (2,878,553 ds/min), 183,412,285 states left on queue.
Progress(47) at 2026-09-06 05:18:00: 39,924,536,314 states generated (28,576,885 s/min), 5,076,704,137 distinct states found (2,673,815 ds/min), 182,570,912 states left on queue.
Progress(47) at 2026-09-06 05:19:00: 39,952,836,820 states generated (28,300,506 s/min), 5,079,631,589 distinct states found (2,927,452 ds/min), 181,976,139 states left on queue.
Progress(47) at 2026-09-06 05:20:00: 39,980,245,683 states generated (27,408,863 s/min), 5,082,441,671 distinct states found (2,810,082 ds/min), 181,355,186 states left on queue.
Progress(47) at 2026-09-06 05:21:00: 40,010,659,749 states generated (30,414,066 s/min), 5,085,473,766 distinct states found (3,032,095 ds/min), 180,812,966 states left on queue.
Progress(47) at 2026-09-06 05:22:00: 40,040,426,747 states generated (29,766,998 s/min), 5,088,266,713 distinct states found (2,792,947 ds/min), 180,080,017 states left on queue.
Progress(47) at 2026-09-06 05:23:00: 40,070,050,038 states generated (29,623,291 s/min), 5,091,146,163 distinct states found (2,879,450 ds/min), 179,566,527 states left on queue.
Progress(47) at 2026-09-06 05:24:00: 40,098,523,308 states generated (28,473,270 s/min), 5,093,775,592 distinct states found (2,629,429 ds/min), 178,747,434 states left on queue.
Progress(47) at 2026-09-06 05:25:00: 40,127,724,250 states generated (29,200,942 s/min), 5,096,726,526 distinct states found (2,950,934 ds/min), 178,293,025 states left on queue.
Progress(47) at 2026-09-06 05:26:00: 40,155,432,136 states generated (27,707,886 s/min), 5,099,648,491 distinct states found (2,921,965 ds/min), 177,867,607 states left on queue.
Progress(47) at 2026-09-06 05:27:00: 40,182,909,216 states generated (27,477,080 s/min), 5,102,422,565 distinct states found (2,774,074 ds/min), 177,463,611 states left on queue.
Progress(47) at 2026-09-06 05:28:00: 40,210,918,060 states generated (28,008,844 s/min), 5,105,114,941 distinct states found (2,692,376 ds/min), 176,609,514 states left on queue.
Progress(47) at 2026-09-06 05:29:00: 40,240,347,061 states generated (29,429,001 s/min), 5,108,154,102 distinct states found (3,039,161 ds/min), 176,092,486 states left on queue.
Checkpointing of run states/26-09-05-05-23-15
Checkpointing completed at (2026-09-06 05:30:24)
Progress(47) at 2026-09-06 05:30:24: 40,268,010,976 states generated (27,663,915 s/min), 5,110,913,933 distinct states found (2,759,831 ds/min), 175,659,046 states left on queue.
Progress(47) at 2026-09-06 05:31:24: 40,296,217,687 states generated (28,206,711 s/min), 5,113,589,303 distinct states found (2,675,370 ds/min), 174,925,302 states left on queue.
Progress(47) at 2026-09-06 05:32:24: 40,324,510,827 states generated (28,293,140 s/min), 5,116,357,201 distinct states found (2,767,898 ds/min), 174,155,055 states left on queue.
Progress(47) at 2026-09-06 05:33:24: 40,351,238,787 states generated (26,727,960 s/min), 5,119,179,466 distinct states found (2,822,265 ds/min), 173,526,756 states left on queue.
Progress(47) at 2026-09-06 05:34:24: 40,380,030,990 states generated (28,792,203 s/min), 5,121,924,107 distinct states found (2,744,641 ds/min), 172,772,458 states left on queue.
Progress(47) at 2026-09-06 05:35:24: 40,407,687,210 states generated (27,656,220 s/min), 5,124,522,384 distinct states found (2,598,277 ds/min), 171,975,934 states left on queue.
Progress(47) at 2026-09-06 05:36:24: 40,437,715,093 states generated (30,027,883 s/min), 5,127,677,293 distinct states found (3,154,909 ds/min), 171,530,331 states left on queue.
Progress(47) at 2026-09-06 05:37:24: 40,467,405,656 states generated (29,690,563 s/min), 5,130,716,470 distinct states found (3,039,177 ds/min), 170,910,340 states left on queue.
Progress(47) at 2026-09-06 05:38:24: 40,496,566,231 states generated (29,160,575 s/min), 5,133,540,222 distinct states found (2,823,752 ds/min), 170,305,391 states left on queue.
Progress(47) at 2026-09-06 05:39:24: 40,526,008,698 states generated (29,442,467 s/min), 5,136,733,966 distinct states found (3,193,744 ds/min), 170,189,344 states left on queue.
Progress(47) at 2026-09-06 05:40:24: 40,554,317,386 states generated (28,308,688 s/min), 5,139,528,533 distinct states found (2,794,567 ds/min), 169,819,463 states left on queue.
Progress(47) at 2026-09-06 05:41:24: 40,583,315,565 states generated (28,998,179 s/min), 5,142,487,491 distinct states found (2,958,958 ds/min), 169,419,746 states left on queue.
Progress(47) at 2026-09-06 05:42:24: 40,612,459,389 states generated (29,143,824 s/min), 5,145,691,265 distinct states found (3,203,774 ds/min), 169,121,524 states left on queue.
Progress(47) at 2026-09-06 05:43:24: 40,640,583,391 states generated (28,124,002 s/min), 5,148,427,513 distinct states found (2,736,248 ds/min), 168,414,614 states left on queue.
Progress(47) at 2026-09-06 05:44:24: 40,668,660,799 states generated (28,077,408 s/min), 5,151,348,407 distinct states found (2,920,894 ds/min), 168,002,800 states left on queue.
Progress(47) at 2026-09-06 05:45:24: 40,696,587,609 states generated (27,926,810 s/min), 5,154,090,023 distinct states found (2,741,616 ds/min), 167,369,419 states left on queue.
Progress(47) at 2026-09-06 05:46:24: 40,725,878,858 states generated (29,291,249 s/min), 5,157,320,749 distinct states found (3,230,726 ds/min), 166,912,662 states left on queue.
Progress(47) at 2026-09-06 05:47:24: 40,754,507,220 states generated (28,628,362 s/min), 5,160,333,051 distinct states found (3,012,302 ds/min), 166,277,255 states left on queue.
Progress(47) at 2026-09-06 05:48:24: 40,784,486,534 states generated (29,979,314 s/min), 5,163,305,171 distinct states found (2,972,120 ds/min), 165,675,407 states left on queue.
Progress(47) at 2026-09-06 05:49:24: 40,814,849,461 states generated (30,362,927 s/min), 5,166,311,987 distinct states found (3,006,816 ds/min), 165,047,337 states left on queue.
Progress(48) at 2026-09-06 05:50:24: 40,844,500,865 states generated (29,651,404 s/min), 5,169,289,714 distinct states found (2,977,727 ds/min), 164,296,264 states left on queue.
Progress(48) at 2026-09-06 05:51:24: 40,871,677,833 states generated (27,176,968 s/min), 5,172,386,183 distinct states found (3,096,469 ds/min), 164,115,531 states left on queue.
Progress(48) at 2026-09-06 05:52:24: 40,901,332,416 states generated (29,654,583 s/min), 5,175,238,990 distinct states found (2,852,807 ds/min), 163,521,377 states left on queue.
Progress(48) at 2026-09-06 05:53:24: 40,930,654,769 states generated (29,322,353 s/min), 5,178,079,329 distinct states found (2,840,339 ds/min), 162,744,400 states left on queue.
Progress(48) at 2026-09-06 05:54:24: 40,959,127,509 states generated (28,472,740 s/min), 5,180,887,624 distinct states found (2,808,295 ds/min), 162,019,622 states left on queue.
Progress(48) at 2026-09-06 05:55:24: 40,987,396,562 states generated (28,269,053 s/min), 5,183,745,512 distinct states found (2,857,888 ds/min), 161,529,017 states left on queue.
Progress(48) at 2026-09-06 05:56:24: 41,014,935,396 states generated (27,538,834 s/min), 5,186,415,206 distinct states found (2,669,694 ds/min), 160,843,428 states left on queue.
Progress(48) at 2026-09-06 05:57:24: 41,044,029,551 states generated (29,094,155 s/min), 5,189,762,005 distinct states found (3,346,799 ds/min), 160,740,685 states left on queue.
Progress(48) at 2026-09-06 05:58:24: 41,072,713,624 states generated (28,684,073 s/min), 5,192,765,735 distinct states found (3,003,730 ds/min), 160,292,225 states left on queue.
Progress(48) at 2026-09-06 05:59:24: 41,100,312,872 states generated (27,599,248 s/min), 5,195,533,748 distinct states found (2,768,013 ds/min), 159,627,993 states left on queue.
Checkpointing of run states/26-09-05-05-23-15
Checkpointing completed at (2026-09-06 06:00:28)
Progress(48) at 2026-09-06 06:00:28: 41,130,026,291 states generated (29,713,419 s/min), 5,198,696,669 distinct states found (3,162,921 ds/min), 159,491,907 states left on queue.
Progress(48) at 2026-09-06 06:01:28: 41,157,445,428 states generated (27,419,137 s/min), 5,201,641,587 distinct states found (2,944,918 ds/min), 159,149,995 states left on queue.
Progress(48) at 2026-09-06 06:02:28: 41,184,706,824 states generated (27,261,396 s/min), 5,204,414,731 distinct states found (2,773,144 ds/min), 158,655,154 states left on queue.
Progress(48) at 2026-09-06 06:03:28: 41,213,426,493 states generated (28,719,669 s/min), 5,207,553,675 distinct states found (3,138,944 ds/min), 158,513,422 states left on queue.
Progress(48) at 2026-09-06 06:04:28: 41,240,568,970 states generated (27,142,477 s/min), 5,210,288,291 distinct states found (2,734,616 ds/min), 158,199,584 states left on queue.
Progress(48) at 2026-09-06 06:05:28: 41,267,786,563 states generated (27,217,593 s/min), 5,213,029,792 distinct states found (2,741,501 ds/min), 157,727,696 states left on queue.
Progress(48) at 2026-09-06 06:06:28: 41,294,874,894 states generated (27,088,331 s/min), 5,215,769,548 distinct states found (2,739,756 ds/min), 157,177,301 states left on queue.
Progress(48) at 2026-09-06 06:07:28: 41,321,989,213 states generated (27,114,319 s/min), 5,218,700,938 distinct states found (2,931,390 ds/min), 156,665,575 states left on queue.
Progress(48) at 2026-09-06 06:08:28: 41,349,611,899 states generated (27,622,686 s/min), 5,221,586,979 distinct states found (2,886,041 ds/min), 156,285,854 states left on queue.
Progress(48) at 2026-09-06 06:09:28: 41,377,408,138 states generated (27,796,239 s/min), 5,224,567,663 distinct states found (2,980,684 ds/min), 156,096,142 states left on queue.
Progress(48) at 2026-09-06 06:10:28: 41,405,078,411 states generated (27,670,273 s/min), 5,227,380,101 distinct states found (2,812,438 ds/min), 155,824,913 states left on queue.
Progress(48) at 2026-09-06 06:11:28: 41,433,592,243 states generated (28,513,832 s/min), 5,230,169,197 distinct states found (2,789,096 ds/min), 154,980,509 states left on queue.
Progress(48) at 2026-09-06 06:12:28: 41,461,164,767 states generated (27,572,524 s/min), 5,232,764,955 distinct states found (2,595,758 ds/min), 154,247,791 states left on queue.
Progress(48) at 2026-09-06 06:13:28: 41,488,879,396 states generated (27,714,629 s/min), 5,235,623,155 distinct states found (2,858,200 ds/min), 153,614,780 states left on queue.
Progress(48) at 2026-09-06 06:14:28: 41,518,805,920 states generated (29,926,524 s/min), 5,238,499,082 distinct states found (2,875,927 ds/min), 152,950,555 states left on queue.
Progress(48) at 2026-09-06 06:15:28: 41,547,950,821 states generated (29,144,901 s/min), 5,241,186,527 distinct states found (2,687,445 ds/min), 152,217,811 states left on queue.
Progress(48) at 2026-09-06 06:16:28: 41,576,965,786 states generated (29,014,965 s/min), 5,243,890,454 distinct states found (2,703,927 ds/min), 151,551,875 states left on queue.
Progress(48) at 2026-09-06 06:17:28: 41,605,702,636 states generated (28,736,850 s/min), 5,246,633,516 distinct states found (2,743,062 ds/min), 150,889,515 states left on queue.
Progress(48) at 2026-09-06 06:18:28: 41,634,145,692 states generated (28,443,056 s/min), 5,249,529,387 distinct states found (2,895,871 ds/min), 150,364,150 states left on queue.
Progress(48) at 2026-09-06 06:19:28: 41,661,316,543 states generated (27,170,851 s/min), 5,252,197,309 distinct states found (2,667,922 ds/min), 149,878,712 states left on queue.
Progress(48) at 2026-09-06 06:20:28: 41,689,003,756 states generated (27,687,213 s/min), 5,254,793,117 distinct states found (2,595,808 ds/min), 148,989,354 states left on queue.
Progress(48) at 2026-09-06 06:21:28: 41,718,260,161 states generated (29,256,405 s/min), 5,257,742,270 distinct states found (2,949,153 ds/min), 148,423,501 states left on queue.
Progress(48) at 2026-09-06 06:22:28: 41,747,046,965 states generated (28,786,804 s/min), 5,260,535,923 distinct states found (2,793,653 ds/min), 147,891,291 states left on queue.
Progress(48) at 2026-09-06 06:23:28: 41,774,799,069 states generated (27,752,104 s/min), 5,263,135,924 distinct states found (2,600,001 ds/min), 147,038,518 states left on queue.
Progress(48) at 2026-09-06 06:24:28: 41,801,850,510 states generated (27,051,441 s/min), 5,265,862,634 distinct states found (2,726,710 ds/min), 146,282,381 states left on queue.
Progress(48) at 2026-09-06 06:25:28: 41,830,306,413 states generated (28,455,903 s/min), 5,268,476,134 distinct states found (2,613,500 ds/min), 145,509,323 states left on queue.
Progress(48) at 2026-09-06 06:26:28: 41,858,576,482 states generated (28,270,069 s/min), 5,271,315,692 distinct states found (2,839,558 ds/min), 144,847,495 states left on queue.
Progress(48) at 2026-09-06 06:27:28: 41,888,544,762 states generated (29,968,280 s/min), 5,274,410,255 distinct states found (3,094,563 ds/min), 144,338,096 states left on queue.
Progress(48) at 2026-09-06 06:28:28: 41,917,714,024 states generated (29,169,262 s/min), 5,277,140,794 distinct states found (2,730,539 ds/min), 143,610,042 states left on queue.
Progress(48) at 2026-09-06 06:29:28: 41,947,062,787 states generated (29,348,763 s/min), 5,280,247,563 distinct states found (3,106,769 ds/min), 143,421,765 states left on queue.
Checkpointing of run states/26-09-05-05-23-15
Checkpointing completed at (2026-09-06 06:30:49)
Progress(48) at 2026-09-06 06:30:49: 41,973,121,966 states generated (26,059,179 s/min), 5,282,756,542 distinct states found (2,508,979 ds/min), 142,977,061 states left on queue.
Progress(48) at 2026-09-06 06:31:49: 42,001,556,753 states generated (28,434,787 s/min), 5,285,650,876 distinct states found (2,894,334 ds/min), 142,568,782 states left on queue.
Progress(48) at 2026-09-06 06:32:49: 42,030,194,864 states generated (28,638,111 s/min), 5,288,640,931 distinct states found (2,990,055 ds/min), 142,140,702 states left on queue.
Progress(48) at 2026-09-06 06:33:49: 42,057,814,274 states generated (27,619,410 s/min), 5,291,299,238 distinct states found (2,658,307 ds/min), 141,399,490 states left on queue.
Progress(48) at 2026-09-06 06:34:49: 42,085,782,839 states generated (27,968,565 s/min), 5,294,111,235 distinct states found (2,811,997 ds/min), 140,938,266 states left on queue.
Progress(48) at 2026-09-06 06:35:49: 42,114,133,843 states generated (28,351,004 s/min), 5,297,118,605 distinct states found (3,007,370 ds/min), 140,344,339 states left on queue.
Progress(48) at 2026-09-06 06:36:49: 42,142,528,433 states generated (28,394,590 s/min), 5,300,034,005 distinct states found (2,915,400 ds/min), 139,658,892 states left on queue.
Progress(48) at 2026-09-06 06:37:49: 42,172,424,132 states generated (29,895,699 s/min), 5,302,997,042 distinct states found (2,963,037 ds/min), 139,081,988 states left on queue.
Progress(48) at 2026-09-06 06:38:49: 42,202,145,271 states generated (29,721,139 s/min), 5,305,838,611 distinct states found (2,841,569 ds/min), 138,275,831 states left on queue.
Progress(49) at 2026-09-06 06:39:49: 42,230,294,689 states generated (28,149,418 s/min), 5,308,902,491 distinct states found (3,063,880 ds/min), 137,870,421 states left on queue.
Progress(49) at 2026-09-06 06:40:49: 42,258,564,329 states generated (28,269,640 s/min), 5,311,643,026 distinct states found (2,740,535 ds/min), 137,296,287 states left on queue.
Progress(49) at 2026-09-06 06:41:49: 42,287,642,955 states generated (29,078,626 s/min), 5,314,424,459 distinct states found (2,781,433 ds/min), 136,513,362 states left on queue.
Progress(49) at 2026-09-06 06:42:49: 42,316,027,053 states generated (28,384,098 s/min), 5,317,134,040 distinct states found (2,709,581 ds/min), 135,696,666 states left on queue.
Progress(49) at 2026-09-06 06:43:49: 42,344,182,143 states generated (28,155,090 s/min), 5,319,871,772 distinct states found (2,737,732 ds/min), 135,082,611 states left on queue.
Progress(49) at 2026-09-06 06:44:49: 42,372,233,171 states generated (28,051,028 s/min), 5,322,784,770 distinct states found (2,912,998 ds/min), 134,630,894 states left on queue.
Progress(49) at 2026-09-06 06:45:49: 42,401,023,566 states generated (28,790,395 s/min), 5,325,810,763 distinct states found (3,025,993 ds/min), 134,220,889 states left on queue.
Progress(49) at 2026-09-06 06:46:49: 42,428,706,263 states generated (27,682,697 s/min), 5,328,567,077 distinct states found (2,756,314 ds/min), 133,550,446 states left on queue.
Progress(49) at 2026-09-06 06:47:49: 42,456,806,272 states generated (28,100,009 s/min), 5,331,481,733 distinct states found (2,914,656 ds/min), 133,295,071 states left on queue.
Progress(49) at 2026-09-06 06:48:49: 42,484,142,584 states generated (27,336,312 s/min), 5,334,332,145 distinct states found (2,850,412 ds/min), 132,890,559 states left on queue.
Progress(49) at 2026-09-06 06:49:49: 42,511,161,030 states generated (27,018,446 s/min), 5,337,039,614 distinct states found (2,707,469 ds/min), 132,384,255 states left on queue.
Progress(49) at 2026-09-06 06:50:49: 42,539,169,878 states generated (28,008,848 s/min), 5,340,017,837 distinct states found (2,978,223 ds/min), 132,158,385 states left on queue.
Progress(49) at 2026-09-06 06:51:49: 42,566,054,933 states generated (26,885,055 s/min), 5,342,618,901 distinct states found (2,601,064 ds/min), 131,691,279 states left on queue.
Progress(49) at 2026-09-06 06:52:49: 42,593,157,578 states generated (27,102,645 s/min), 5,345,271,357 distinct states found (2,652,456 ds/min), 131,126,137 states left on queue.
Progress(49) at 2026-09-06 06:53:49: 42,620,610,261 states generated (27,452,683 s/min), 5,348,085,437 distinct states found (2,814,080 ds/min), 130,558,256 states left on queue.
Progress(49) at 2026-09-06 06:54:49: 42,647,428,329 states generated (26,818,068 s/min), 5,350,821,799 distinct states found (2,736,362 ds/min), 129,986,942 states left on queue.
Progress(49) at 2026-09-06 06:55:49: 42,675,085,208 states generated (27,656,879 s/min), 5,353,713,019 distinct states found (2,891,220 ds/min), 129,718,624 states left on queue.
Progress(49) at 2026-09-06 06:56:49: 42,702,759,028 states generated (27,673,820 s/min), 5,356,558,729 distinct states found (2,845,710 ds/min), 129,514,855 states left on queue.
Progress(49) at 2026-09-06 06:57:49: 42,730,486,981 states generated (27,727,953 s/min), 5,359,193,698 distinct states found (2,634,969 ds/min), 128,639,919 states left on queue.
Progress(49) at 2026-09-06 06:58:49: 42,758,392,790 states generated (27,905,809 s/min), 5,361,875,204 distinct states found (2,681,506 ds/min), 127,921,749 states left on queue.
Progress(49) at 2026-09-06 06:59:49: 42,786,534,056 states generated (28,141,266 s/min), 5,364,598,240 distinct states found (2,723,036 ds/min), 127,219,714 states left on queue.
Checkpointing of run states/26-09-05-05-23-15
Checkpointing completed at (2026-09-06 07:00:52)
Progress(49) at 2026-09-06 07:00:52: 42,817,083,446 states generated (30,549,390 s/min), 5,367,335,957 distinct states found (2,737,717 ds/min), 126,358,170 states left on queue.
Progress(49) at 2026-09-06 07:01:52: 42,845,906,808 states generated (28,823,362 s/min), 5,369,951,989 distinct states found (2,616,032 ds/min), 125,610,986 states left on queue.
Progress(49) at 2026-09-06 07:02:52: 42,874,251,578 states generated (28,344,770 s/min), 5,372,671,915 distinct states found (2,719,926 ds/min), 124,984,681 states left on queue.
Progress(49) at 2026-09-06 07:03:52: 42,901,712,826 states generated (27,461,248 s/min), 5,375,356,069 distinct states found (2,684,154 ds/min), 124,398,105 states left on queue.
Progress(49) at 2026-09-06 07:04:52: 42,929,200,294 states generated (27,487,468 s/min), 5,377,909,822 distinct states found (2,553,753 ds/min), 123,630,860 states left on queue.
Progress(49) at 2026-09-06 07:05:52: 42,958,005,658 states generated (28,805,364 s/min), 5,380,736,155 distinct states found (2,826,333 ds/min), 122,966,859 states left on queue.
Progress(49) at 2026-09-06 07:06:52: 42,986,024,919 states generated (28,019,261 s/min), 5,383,359,635 distinct states found (2,623,480 ds/min), 122,323,812 states left on queue.
Progress(49) at 2026-09-06 07:07:52: 43,013,256,802 states generated (27,231,883 s/min), 5,385,915,472 distinct states found (2,555,837 ds/min), 121,448,169 states left on queue.
Progress(49) at 2026-09-06 07:08:52: 43,040,920,677 states generated (27,663,875 s/min), 5,388,581,022 distinct states found (2,665,550 ds/min), 120,718,416 states left on queue.
Progress(49) at 2026-09-06 07:09:52: 43,068,708,118 states generated (27,787,441 s/min), 5,391,250,508 distinct states found (2,669,486 ds/min), 119,977,851 states left on queue.
Progress(49) at 2026-09-06 07:10:52: 43,097,994,730 states generated (29,286,612 s/min), 5,394,184,507 distinct states found (2,933,999 ds/min), 119,366,302 states left on queue.
Progress(49) at 2026-09-06 07:11:52: 43,126,887,173 states generated (28,892,443 s/min), 5,396,926,920 distinct states found (2,742,413 ds/min), 118,726,400 states left on queue.
Progress(49) at 2026-09-06 07:12:52: 43,155,369,219 states generated (28,482,046 s/min), 5,399,805,343 distinct states found (2,878,423 ds/min), 118,441,219 states left on queue.
Progress(49) at 2026-09-06 07:13:52: 43,183,375,039 states generated (28,005,820 s/min), 5,402,469,267 distinct states found (2,663,924 ds/min), 117,915,875 states left on queue.
Progress(49) at 2026-09-06 07:14:52: 43,211,409,588 states generated (28,034,549 s/min), 5,405,425,281 distinct states found (2,956,014 ds/min), 117,475,559 states left on queue.
Progress(49) at 2026-09-06 07:15:52: 43,238,864,672 states generated (27,455,084 s/min), 5,407,985,152 distinct states found (2,559,871 ds/min), 116,693,566 states left on queue.
Progress(49) at 2026-09-06 07:16:52: 43,266,569,408 states generated (27,704,736 s/min), 5,410,685,834 distinct states found (2,700,682 ds/min), 116,109,352 states left on queue.
Progress(49) at 2026-09-06 07:17:52: 43,294,823,948 states generated (28,254,540 s/min), 5,413,593,656 distinct states found (2,907,822 ds/min), 115,474,351 states left on queue.
Progress(49) at 2026-09-06 07:18:52: 43,322,982,183 states generated (28,158,235 s/min), 5,416,401,312 distinct states found (2,807,656 ds/min), 114,784,205 states left on queue.
Progress(49) at 2026-09-06 07:19:52: 43,352,379,682 states generated (29,397,499 s/min), 5,419,210,271 distinct states found (2,808,959 ds/min), 114,070,080 states left on queue.
Progress(50) at 2026-09-06 07:20:52: 43,380,582,230 states generated (28,202,548 s/min), 5,422,168,348 distinct states found (2,958,077 ds/min), 113,522,043 states left on queue.
Progress(50) at 2026-09-06 07:21:52: 43,408,250,572 states generated (27,668,342 s/min), 5,424,822,854 distinct states found (2,654,506 ds/min), 112,928,102 states left on queue.
Progress(50) at 2026-09-06 07:22:52: 43,436,652,113 states generated (28,401,541 s/min), 5,427,399,312 distinct states found (2,576,458 ds/min), 112,003,377 states left on queue.
Progress(50) at 2026-09-06 07:23:52: 43,464,581,344 states generated (27,929,231 s/min), 5,430,110,136 distinct states found (2,710,824 ds/min), 111,339,549 states left on queue.
Progress(50) at 2026-09-06 07:24:52: 43,491,790,866 states generated (27,209,522 s/min), 5,432,745,161 distinct states found (2,635,025 ds/min), 110,686,278 states left on queue.
Progress(50) at 2026-09-06 07:25:52: 43,520,137,210 states generated (28,346,344 s/min), 5,435,707,947 distinct states found (2,962,786 ds/min), 110,231,810 states left on queue.
Progress(50) at 2026-09-06 07:26:52: 43,547,479,213 states generated (27,342,003 s/min), 5,438,360,522 distinct states found (2,652,575 ds/min), 109,511,124 states left on queue.
Progress(50) at 2026-09-06 07:27:52: 43,575,065,727 states generated (27,586,514 s/min), 5,441,178,884 distinct states found (2,818,362 ds/min), 109,244,461 states left on queue.
Progress(50) at 2026-09-06 07:28:52: 43,601,609,882 states generated (26,544,155 s/min), 5,443,849,271 distinct states found (2,670,387 ds/min), 108,719,567 states left on queue.
Progress(50) at 2026-09-06 07:29:52: 43,629,298,275 states generated (27,688,393 s/min), 5,446,659,651 distinct states found (2,810,380 ds/min), 108,294,680 states left on queue.
Checkpointing of run states/26-09-05-05-23-15
Checkpointing completed at (2026-09-06 07:31:15)
Progress(50) at 2026-09-06 07:31:15: 43,655,265,617 states generated (25,967,342 s/min), 5,449,259,395 distinct states found (2,599,744 ds/min), 107,944,828 states left on queue.
Progress(50) at 2026-09-06 07:32:15: 43,681,977,386 states generated (26,711,769 s/min), 5,451,764,699 distinct states found (2,505,304 ds/min), 107,342,071 states left on queue.
Progress(50) at 2026-09-06 07:33:15: 43,708,752,689 states generated (26,775,303 s/min), 5,454,358,824 distinct states found (2,594,125 ds/min), 106,658,845 states left on queue.
Progress(50) at 2026-09-06 07:34:15: 43,735,461,900 states generated (26,709,211 s/min), 5,457,039,674 distinct states found (2,680,850 ds/min), 106,063,444 states left on queue.
Progress(50) at 2026-09-06 07:35:15: 43,762,950,427 states generated (27,488,527 s/min), 5,459,920,601 distinct states found (2,880,927 ds/min), 105,814,041 states left on queue.
Progress(50) at 2026-09-06 07:36:15: 43,790,190,774 states generated (27,240,347 s/min), 5,462,599,950 distinct states found (2,679,349 ds/min), 105,406,184 states left on queue.
Progress(50) at 2026-09-06 07:37:15: 43,817,823,831 states generated (27,633,057 s/min), 5,465,101,087 distinct states found (2,501,137 ds/min), 104,480,176 states left on queue.
Progress(50) at 2026-09-06 07:38:15: 43,845,141,324 states generated (27,317,493 s/min), 5,467,729,003 distinct states found (2,627,916 ds/min), 103,714,286 states left on queue.
Progress(50) at 2026-09-06 07:39:15: 43,874,335,648 states generated (29,194,324 s/min), 5,470,310,425 distinct states found (2,581,422 ds/min), 102,886,654 states left on queue.
Progress(50) at 2026-09-06 07:40:15: 43,902,443,859 states generated (28,108,211 s/min), 5,472,809,728 distinct states found (2,499,303 ds/min), 102,072,178 states left on queue.
Progress(50) at 2026-09-06 07:41:15: 43,930,467,526 states generated (28,023,667 s/min), 5,475,523,220 distinct states found (2,713,492 ds/min), 101,482,533 states left on queue.
Progress(50) at 2026-09-06 07:42:15: 43,957,386,602 states generated (26,919,076 s/min), 5,477,974,306 distinct states found (2,451,086 ds/min), 100,771,503 states left on queue.
Progress(50) at 2026-09-06 07:43:15: 43,985,767,590 states generated (28,380,988 s/min), 5,480,671,840 distinct states found (2,697,534 ds/min), 99,982,038 states left on queue.
Progress(50) at 2026-09-06 07:44:15: 44,013,617,773 states generated (27,850,183 s/min), 5,483,236,412 distinct states found (2,564,572 ds/min), 99,260,665 states left on queue.
Progress(50) at 2026-09-06 07:45:15: 44,040,292,997 states generated (26,675,224 s/min), 5,485,699,842 distinct states found (2,463,430 ds/min), 98,345,710 states left on queue.
Progress(50) at 2026-09-06 07:46:15: 44,067,900,593 states generated (27,607,596 s/min), 5,488,261,007 distinct states found (2,561,165 ds/min), 97,556,140 states left on queue.
Progress(50) at 2026-09-06 07:47:15: 44,097,263,954 states generated (29,363,361 s/min), 5,491,200,533 distinct states found (2,939,526 ds/min), 96,942,434 states left on queue.
Progress(50) at 2026-09-06 07:48:15: 44,126,043,534 states generated (28,779,580 s/min), 5,493,947,676 distinct states found (2,747,143 ds/min), 96,361,688 states left on queue.
Progress(50) at 2026-09-06 07:49:15: 44,154,013,784 states generated (27,970,250 s/min), 5,496,634,694 distinct states found (2,687,018 ds/min), 95,910,202 states left on queue.
Progress(50) at 2026-09-06 07:50:15: 44,182,010,438 states generated (27,996,654 s/min), 5,499,392,347 distinct states found (2,757,653 ds/min), 95,359,245 states left on queue.
Progress(50) at 2026-09-06 07:51:15: 44,209,408,714 states generated (27,398,276 s/min), 5,502,003,148 distinct states found (2,610,801 ds/min), 94,642,814 states left on queue.
Progress(50) at 2026-09-06 07:52:15: 44,237,260,422 states generated (27,851,708 s/min), 5,504,624,470 distinct states found (2,621,322 ds/min), 93,958,526 states left on queue.
Progress(50) at 2026-09-06 07:53:15: 44,265,213,719 states generated (27,953,297 s/min), 5,507,431,264 distinct states found (2,806,794 ds/min), 93,246,135 states left on queue.
Progress(50) at 2026-09-06 07:54:15: 44,294,039,952 states generated (28,826,233 s/min), 5,510,254,038 distinct states found (2,822,774 ds/min), 92,581,387 states left on queue.
Progress(51) at 2026-09-06 07:55:15: 44,322,432,923 states generated (28,392,971 s/min), 5,512,935,558 distinct states found (2,681,520 ds/min), 91,728,497 states left on queue.
Progress(51) at 2026-09-06 07:56:15: 44,349,736,453 states generated (27,303,530 s/min), 5,515,690,513 distinct states found (2,754,955 ds/min), 91,245,409 states left on queue.
Progress(51) at 2026-09-06 07:57:15: 44,377,921,415 states generated (28,184,962 s/min), 5,518,199,426 distinct states found (2,508,913 ds/min), 90,296,430 states left on queue.
Progress(51) at 2026-09-06 07:58:15: 44,405,223,738 states generated (27,302,323 s/min), 5,520,703,270 distinct states found (2,503,844 ds/min), 89,503,276 states left on queue.
Progress(51) at 2026-09-06 07:59:15: 44,433,216,139 states generated (27,992,401 s/min), 5,523,588,071 distinct states found (2,884,801 ds/min), 89,022,817 states left on queue.
Progress(51) at 2026-09-06 08:00:15: 44,460,761,855 states generated (27,545,716 s/min), 5,526,205,130 distinct states found (2,617,059 ds/min), 88,269,191 states left on queue.
Checkpointing of run states/26-09-05-05-23-15
Checkpointing completed at (2026-09-06 08:01:18)
Progress(51) at 2026-09-06 08:01:18: 44,489,667,548 states generated (28,905,693 s/min), 5,529,070,079 distinct states found (2,864,949 ds/min), 87,839,139 states left on queue.
Progress(51) at 2026-09-06 08:02:18: 44,515,926,238 states generated (26,258,690 s/min), 5,531,589,636 distinct states found (2,519,557 ds/min), 87,189,612 states left on queue.
Progress(51) at 2026-09-06 08:03:18: 44,543,611,959 states generated (27,685,721 s/min), 5,534,367,303 distinct states found (2,777,667 ds/min), 86,777,581 states left on queue.
Progress(51) at 2026-09-06 08:04:18: 44,570,212,720 states generated (26,600,761 s/min), 5,536,846,433 distinct states found (2,479,130 ds/min), 86,205,259 states left on queue.
Progress(51) at 2026-09-06 08:05:18: 44,596,811,684 states generated (26,598,964 s/min), 5,539,344,987 distinct states found (2,498,554 ds/min), 85,522,674 states left on queue.
Progress(51) at 2026-09-06 08:06:18: 44,623,410,869 states generated (26,599,185 s/min), 5,541,960,312 distinct states found (2,615,325 ds/min), 84,871,460 states left on queue.
Progress(51) at 2026-09-06 08:07:18: 44,650,844,459 states generated (27,433,590 s/min), 5,544,775,392 distinct states found (2,815,080 ds/min), 84,572,471 states left on queue.
Progress(51) at 2026-09-06 08:08:18: 44,677,999,599 states generated (27,155,140 s/min), 5,547,347,712 distinct states found (2,572,320 ds/min), 83,956,547 states left on queue.
Progress(51) at 2026-09-06 08:09:18: 44,705,318,312 states generated (27,318,713 s/min), 5,549,836,412 distinct states found (2,488,700 ds/min), 83,084,866 states left on queue.
Progress(51) at 2026-09-06 08:10:18: 44,733,891,200 states generated (28,572,888 s/min), 5,552,327,645 distinct states found (2,491,233 ds/min), 82,178,583 states left on queue.
Progress(51) at 2026-09-06 08:11:18: 44,762,037,738 states generated (28,146,538 s/min), 5,554,818,843 distinct states found (2,491,198 ds/min), 81,369,162 states left on queue.
Progress(51) at 2026-09-06 08:12:18: 44,789,313,465 states generated (27,275,727 s/min), 5,557,363,356 distinct states found (2,544,513 ds/min), 80,693,768 states left on queue.
Progress(51) at 2026-09-06 08:13:19: 44,817,036,601 states generated (27,723,136 s/min), 5,559,874,827 distinct states found (2,511,471 ds/min), 79,866,201 states left on queue.
Progress(51) at 2026-09-06 08:14:19: 44,844,988,715 states generated (27,952,114 s/min), 5,562,413,458 distinct states found (2,538,631 ds/min), 79,078,697 states left on queue.
Progress(51) at 2026-09-06 08:15:19: 44,871,990,295 states generated (27,001,580 s/min), 5,564,891,209 distinct states found (2,477,751 ds/min), 78,205,163 states left on queue.
Progress(51) at 2026-09-06 08:16:19: 44,900,501,842 states generated (28,511,547 s/min), 5,567,614,945 distinct states found (2,723,736 ds/min), 77,471,255 states left on queue.
Progress(51) at 2026-09-06 08:17:19: 44,929,136,516 states generated (28,634,674 s/min), 5,570,307,325 distinct states found (2,692,380 ds/min), 76,760,628 states left on queue.
Progress(51) at 2026-09-06 08:18:19: 44,957,126,240 states generated (27,989,724 s/min), 5,572,958,441 distinct states found (2,651,116 ds/min), 76,249,843 states left on queue.
Progress(51) at 2026-09-06 08:19:19: 44,984,918,971 states generated (27,792,731 s/min), 5,575,685,242 distinct states found (2,726,801 ds/min), 75,682,959 states left on queue.
Progress(51) at 2026-09-06 08:20:19: 45,012,211,288 states generated (27,292,317 s/min), 5,578,182,396 distinct states found (2,497,154 ds/min), 74,886,890 states left on queue.
Progress(51) at 2026-09-06 08:21:19: 45,040,155,237 states generated (27,943,949 s/min), 5,580,860,718 distinct states found (2,678,322 ds/min), 74,137,355 states left on queue.
Progress(51) at 2026-09-06 08:22:19: 45,068,521,325 states generated (28,366,088 s/min), 5,583,579,778 distinct states found (2,719,060 ds/min), 73,382,972 states left on queue.
Progress(52) at 2026-09-06 08:23:19: 45,096,503,789 states generated (27,982,464 s/min), 5,586,287,657 distinct states found (2,707,879 ds/min), 72,638,741 states left on queue.
Progress(52) at 2026-09-06 08:24:19: 45,123,920,999 states generated (27,417,210 s/min), 5,588,799,130 distinct states found (2,511,473 ds/min), 71,850,445 states left on queue.
Progress(52) at 2026-09-06 08:25:19: 45,151,444,743 states generated (27,523,744 s/min), 5,591,223,279 distinct states found (2,424,149 ds/min), 70,925,902 states left on queue.
Progress(52) at 2026-09-06 08:26:19: 45,179,283,461 states generated (27,838,718 s/min), 5,593,969,675 distinct states found (2,746,396 ds/min), 70,323,001 states left on queue.
Progress(52) at 2026-09-06 08:27:19: 45,206,624,718 states generated (27,341,257 s/min), 5,596,537,779 distinct states found (2,568,104 ds/min), 69,568,907 states left on queue.
Progress(52) at 2026-09-06 08:28:19: 45,233,415,995 states generated (26,791,277 s/min), 5,599,091,824 distinct states found (2,554,045 ds/min), 69,032,295 states left on queue.
Progress(52) at 2026-09-06 08:29:19: 45,260,462,067 states generated (27,046,072 s/min), 5,601,700,153 distinct states found (2,608,329 ds/min), 68,447,472 states left on queue.
Progress(52) at 2026-09-06 08:30:19: 45,287,289,423 states generated (26,827,356 s/min), 5,604,194,322 distinct states found (2,494,169 ds/min), 67,892,897 states left on queue.
Checkpointing of run states/26-09-05-05-23-15
Checkpointing completed at (2026-09-06 08:31:36)
Progress(52) at 2026-09-06 08:31:36: 45,312,123,592 states generated (24,834,169 s/min), 5,606,431,660 distinct states found (2,237,338 ds/min), 67,156,235 states left on queue.
Progress(52) at 2026-09-06 08:32:36: 45,338,923,685 states generated (26,800,093 s/min), 5,609,072,084 distinct states found (2,640,424 ds/min), 66,579,087 states left on queue.
Progress(52) at 2026-09-06 08:33:36: 45,366,018,064 states generated (27,094,379 s/min), 5,611,727,836 distinct states found (2,655,752 ds/min), 66,167,893 states left on queue.
Progress(52) at 2026-09-06 08:34:36: 45,393,271,285 states generated (27,253,221 s/min), 5,614,164,470 distinct states found (2,436,634 ds/min), 65,282,177 states left on queue.
Progress(52) at 2026-09-06 08:35:36: 45,421,271,784 states generated (28,000,499 s/min), 5,616,594,364 distinct states found (2,429,894 ds/min), 64,342,854 states left on queue.
Progress(52) at 2026-09-06 08:36:36: 45,449,202,523 states generated (27,930,739 s/min), 5,619,042,654 distinct states found (2,448,290 ds/min), 63,512,646 states left on queue.
Progress(52) at 2026-09-06 08:37:36: 45,476,040,910 states generated (26,838,387 s/min), 5,621,408,057 distinct states found (2,365,403 ds/min), 62,684,786 states left on queue.
Progress(52) at 2026-09-06 08:38:36: 45,503,986,604 states generated (27,945,694 s/min), 5,623,929,296 distinct states found (2,521,239 ds/min), 61,878,691 states left on queue.
Progress(52) at 2026-09-06 08:39:36: 45,530,804,397 states generated (26,817,793 s/min), 5,626,330,238 distinct states found (2,400,942 ds/min), 60,956,877 states left on queue.
Progress(52) at 2026-09-06 08:40:36: 45,559,750,029 states generated (28,945,632 s/min), 5,629,096,564 distinct states found (2,766,326 ds/min), 60,218,660 states left on queue.
Progress(52) at 2026-09-06 08:41:36: 45,587,965,372 states generated (28,215,343 s/min), 5,631,747,056 distinct states found (2,650,492 ds/min), 59,641,083 states left on queue.
Progress(52) at 2026-09-06 08:42:36: 45,615,552,152 states generated (27,586,780 s/min), 5,634,305,640 distinct states found (2,558,584 ds/min), 58,955,255 states left on queue.
Progress(52) at 2026-09-06 08:43:36: 45,642,894,359 states generated (27,342,207 s/min), 5,636,807,335 distinct states found (2,501,695 ds/min), 58,180,671 states left on queue.
Progress(52) at 2026-09-06 08:44:36: 45,670,499,358 states generated (27,604,999 s/min), 5,639,424,702 distinct states found (2,617,367 ds/min), 57,326,470 states left on queue.
Progress(53) at 2026-09-06 08:45:36: 45,699,105,473 states generated (28,606,115 s/min), 5,642,040,540 distinct states found (2,615,838 ds/min), 56,465,888 states left on queue.
Progress(53) at 2026-09-06 08:46:36: 45,726,196,000 states generated (27,090,527 s/min), 5,644,561,019 distinct states found (2,520,479 ds/min), 55,719,729 states left on queue.
Progress(53) at 2026-09-06 08:47:36: 45,753,584,189 states generated (27,388,189 s/min), 5,646,940,356 distinct states found (2,379,337 ds/min), 54,777,895 states left on queue.
Progress(53) at 2026-09-06 08:48:36: 45,781,208,730 states generated (27,624,541 s/min), 5,649,607,745 distinct states found (2,667,389 ds/min), 54,081,824 states left on queue.
Progress(53) at 2026-09-06 08:49:36: 45,808,130,651 states generated (26,921,921 s/min), 5,652,090,244 distinct states found (2,482,499 ds/min), 53,439,027 states left on queue.
Progress(53) at 2026-09-06 08:50:36: 45,835,090,436 states generated (26,959,785 s/min), 5,654,620,637 distinct states found (2,530,393 ds/min), 52,789,693 states left on queue.
Progress(53) at 2026-09-06 08:51:36: 45,861,749,520 states generated (26,659,084 s/min), 5,657,001,587 distinct states found (2,380,950 ds/min), 52,102,304 states left on queue.
Progress(53) at 2026-09-06 08:52:36: 45,888,024,146 states generated (26,274,626 s/min), 5,659,387,928 distinct states found (2,386,341 ds/min), 51,291,487 states left on queue.
Progress(53) at 2026-09-06 08:53:36: 45,915,399,068 states generated (27,374,922 s/min), 5,662,088,396 distinct states found (2,700,468 ds/min), 50,869,375 states left on queue.
Progress(53) at 2026-09-06 08:54:36: 45,942,578,366 states generated (27,179,298 s/min), 5,664,501,635 distinct states found (2,413,239 ds/min), 50,018,443 states left on queue.
Progress(53) at 2026-09-06 08:55:36: 45,970,605,052 states generated (28,026,686 s/min), 5,666,839,496 distinct states found (2,337,861 ds/min), 49,024,071 states left on queue.
Progress(53) at 2026-09-06 08:56:36: 45,997,881,155 states generated (27,276,103 s/min), 5,669,236,402 distinct states found (2,396,906 ds/min), 48,220,008 states left on queue.
Progress(53) at 2026-09-06 08:57:36: 46,025,565,814 states generated (27,684,659 s/min), 5,671,649,704 distinct states found (2,413,302 ds/min), 47,281,850 states left on queue.
Progress(53) at 2026-09-06 08:58:36: 46,053,321,925 states generated (27,756,111 s/min), 5,674,178,719 distinct states found (2,529,015 ds/min), 46,427,025 states left on queue.
Progress(53) at 2026-09-06 08:59:36: 46,081,763,546 states generated (28,441,621 s/min), 5,676,847,741 distinct states found (2,669,022 ds/min), 45,734,126 states left on queue.
Progress(53) at 2026-09-06 09:00:36: 46,109,279,835 states generated (27,516,289 s/min), 5,679,317,649 distinct states found (2,469,908 ds/min), 44,982,524 states left on queue.
Checkpointing of run states/26-09-05-05-23-15
Checkpointing completed at (2026-09-06 09:01:40)
Progress(53) at 2026-09-06 09:01:40: 46,138,467,246 states generated (29,187,411 s/min), 5,681,924,174 distinct states found (2,606,525 ds/min), 44,059,937 states left on queue.
Progress(53) at 2026-09-06 09:02:40: 46,166,683,792 states generated (28,216,546 s/min), 5,684,509,913 distinct states found (2,585,739 ds/min), 43,183,295 states left on queue.
Progress(54) at 2026-09-06 09:03:40: 46,193,677,989 states generated (26,994,197 s/min), 5,686,961,990 distinct states found (2,452,077 ds/min), 42,332,198 states left on queue.
Progress(54) at 2026-09-06 09:04:40: 46,221,070,337 states generated (27,392,348 s/min), 5,689,392,285 distinct states found (2,430,295 ds/min), 41,440,286 states left on queue.
Progress(54) at 2026-09-06 09:05:40: 46,248,371,233 states generated (27,300,896 s/min), 5,691,924,644 distinct states found (2,532,359 ds/min), 40,721,316 states left on queue.
Progress(54) at 2026-09-06 09:06:40: 46,275,052,262 states generated (26,681,029 s/min), 5,694,301,982 distinct states found (2,377,338 ds/min), 39,963,185 states left on queue.
Progress(54) at 2026-09-06 09:07:40: 46,301,705,384 states generated (26,653,122 s/min), 5,696,640,793 distinct states found (2,338,811 ds/min), 39,228,673 states left on queue.
Progress(54) at 2026-09-06 09:08:40: 46,328,573,432 states generated (26,868,048 s/min), 5,699,120,568 distinct states found (2,479,775 ds/min), 38,505,576 states left on queue.
Progress(54) at 2026-09-06 09:09:40: 46,355,640,344 states generated (27,066,912 s/min), 5,701,593,797 distinct states found (2,473,229 ds/min), 37,800,248 states left on queue.
Progress(54) at 2026-09-06 09:10:40: 46,383,385,053 states generated (27,744,709 s/min), 5,703,890,867 distinct states found (2,297,070 ds/min), 36,781,455 states left on queue.
Progress(54) at 2026-09-06 09:11:40: 46,410,853,555 states generated (27,468,502 s/min), 5,706,252,729 distinct states found (2,361,862 ds/min), 35,861,278 states left on queue.
Progress(54) at 2026-09-06 09:12:40: 46,438,303,660 states generated (27,450,105 s/min), 5,708,656,678 distinct states found (2,403,949 ds/min), 34,923,365 states left on queue.
Progress(54) at 2026-09-06 09:13:40: 46,466,734,638 states generated (28,430,978 s/min), 5,711,259,444 distinct states found (2,602,766 ds/min), 34,182,802 states left on queue.
Progress(54) at 2026-09-06 09:14:40: 46,493,915,691 states generated (27,181,053 s/min), 5,713,631,489 distinct states found (2,372,045 ds/min), 33,314,614 states left on queue.
Progress(54) at 2026-09-06 09:15:40: 46,521,705,251 states generated (27,789,560 s/min), 5,716,140,719 distinct states found (2,509,230 ds/min), 32,420,214 states left on queue.
Progress(55) at 2026-09-06 09:16:40: 46,549,056,412 states generated (27,351,161 s/min), 5,718,525,146 distinct states found (2,384,427 ds/min), 31,477,504 states left on queue.
Progress(55) at 2026-09-06 09:17:40: 46,576,411,156 states generated (27,354,744 s/min), 5,720,951,058 distinct states found (2,425,912 ds/min), 30,565,820 states left on queue.
Progress(55) at 2026-09-06 09:18:40: 46,602,790,597 states generated (26,379,441 s/min), 5,723,219,584 distinct states found (2,268,526 ds/min), 29,727,944 states left on queue.
Progress(55) at 2026-09-06 09:19:40: 46,629,854,474 states generated (27,063,877 s/min), 5,725,592,373 distinct states found (2,372,789 ds/min), 28,979,990 states left on queue.
Progress(55) at 2026-09-06 09:20:40: 46,656,735,574 states generated (26,881,100 s/min), 5,728,033,874 distinct states found (2,441,501 ds/min), 28,224,765 states left on queue.
Progress(55) at 2026-09-06 09:21:40: 46,684,017,280 states generated (27,281,706 s/min), 5,730,357,993 distinct states found (2,324,119 ds/min), 27,311,139 states left on queue.
Progress(55) at 2026-09-06 09:22:40: 46,711,475,008 states generated (27,457,728 s/min), 5,732,646,588 distinct states found (2,288,595 ds/min), 26,329,169 states left on queue.
Progress(55) at 2026-09-06 09:23:40: 46,739,299,855 states generated (27,824,847 s/min), 5,735,089,551 distinct states found (2,442,963 ds/min), 25,373,154 states left on queue.
Progress(55) at 2026-09-06 09:24:40: 46,766,937,903 states generated (27,638,048 s/min), 5,737,518,294 distinct states found (2,428,743 ds/min), 24,572,873 states left on queue.
Progress(55) at 2026-09-06 09:25:40: 46,794,544,020 states generated (27,606,117 s/min), 5,739,933,715 distinct states found (2,415,421 ds/min), 23,619,355 states left on queue.
Progress(56) at 2026-09-06 09:26:40: 46,821,658,686 states generated (27,114,666 s/min), 5,742,195,542 distinct states found (2,261,827 ds/min), 22,566,229 states left on queue.
Progress(56) at 2026-09-06 09:27:40: 46,848,491,266 states generated (26,832,580 s/min), 5,744,533,345 distinct states found (2,337,803 ds/min), 21,703,367 states left on queue.
Progress(56) at 2026-09-06 09:28:40: 46,875,218,708 states generated (26,727,442 s/min), 5,746,770,230 distinct states found (2,236,885 ds/min), 20,820,565 states left on queue.
Progress(56) at 2026-09-06 09:29:40: 46,902,272,374 states generated (27,053,666 s/min), 5,749,218,071 distinct states found (2,447,841 ds/min), 20,103,948 states left on queue.
Progress(56) at 2026-09-06 09:30:40: 46,929,700,792 states generated (27,428,418 s/min), 5,751,418,693 distinct states found (2,200,622 ds/min), 19,003,507 states left on queue.
Checkpointing of run states/26-09-05-05-23-15
Checkpointing completed at (2026-09-06 09:31:53)
Progress(56) at 2026-09-06 09:31:53: 46,955,880,402 states generated (26,179,610 s/min), 5,753,688,853 distinct states found (2,270,160 ds/min), 18,084,565 states left on queue.
Progress(56) at 2026-09-06 09:32:53: 46,983,262,417 states generated (27,382,015 s/min), 5,756,006,014 distinct states found (2,317,161 ds/min), 17,149,570 states left on queue.
Progress(57) at 2026-09-06 09:33:53: 47,010,388,331 states generated (27,125,914 s/min), 5,758,276,355 distinct states found (2,270,341 ds/min), 16,090,670 states left on queue.
Progress(57) at 2026-09-06 09:34:53: 47,037,323,781 states generated (26,935,450 s/min), 5,760,555,173 distinct states found (2,278,818 ds/min), 15,170,978 states left on queue.
Progress(57) at 2026-09-06 09:35:53: 47,064,022,509 states generated (26,698,728 s/min), 5,762,850,995 distinct states found (2,295,822 ds/min), 14,329,685 states left on queue.
Progress(57) at 2026-09-06 09:36:53: 47,091,286,074 states generated (27,263,565 s/min), 5,765,028,727 distinct states found (2,177,732 ds/min), 13,254,305 states left on queue.
Progress(57) at 2026-09-06 09:37:53: 47,118,940,139 states generated (27,654,065 s/min), 5,767,385,610 distinct states found (2,356,883 ds/min), 12,280,067 states left on queue.
Progress(58) at 2026-09-06 09:38:53: 47,146,073,140 states generated (27,133,001 s/min), 5,769,605,970 distinct states found (2,220,360 ds/min), 11,175,643 states left on queue.
Progress(58) at 2026-09-06 09:39:53: 47,172,734,944 states generated (26,661,804 s/min), 5,771,743,345 distinct states found (2,137,375 ds/min), 10,164,497 states left on queue.
Progress(58) at 2026-09-06 09:40:53: 47,199,807,614 states generated (27,072,670 s/min), 5,773,987,973 distinct states found (2,244,628 ds/min), 9,187,754 states left on queue.
Progress(58) at 2026-09-06 09:41:53: 47,227,312,294 states generated (27,504,680 s/min), 5,776,257,714 distinct states found (2,269,741 ds/min), 8,124,861 states left on queue.
Progress(59) at 2026-09-06 09:42:53: 47,254,035,238 states generated (26,722,944 s/min), 5,778,376,454 distinct states found (2,118,740 ds/min), 7,028,731 states left on queue.
Progress(59) at 2026-09-06 09:43:53: 47,281,008,812 states generated (26,973,574 s/min), 5,780,549,151 distinct states found (2,172,697 ds/min), 5,961,207 states left on queue.
Progress(60) at 2026-09-06 09:44:53: 47,308,008,247 states generated (26,999,435 s/min), 5,782,677,282 distinct states found (2,128,131 ds/min), 4,816,168 states left on queue.
Progress(60) at 2026-09-06 09:45:53: 47,335,058,089 states generated (27,049,842 s/min), 5,784,830,810 distinct states found (2,153,528 ds/min), 3,727,266 states left on queue.
Progress(61) at 2026-09-06 09:46:53: 47,361,784,276 states generated (26,726,187 s/min), 5,786,861,004 distinct states found (2,030,194 ds/min), 2,524,922 states left on queue.
Progress(63) at 2026-09-06 09:47:53: 47,388,526,929 states generated (26,742,653 s/min), 5,788,875,171 distinct states found (2,014,167 ds/min), 1,278,457 states left on queue.
Model checking completed. No error has been found.
  Estimates of the probability that TLC did not check all reachable states
  because two distinct states had the same fingerprint:
  calculated (optimistic):  val = 13
  based on the actual fingerprints:  val = 1.0
47413272909 states generated, 5790643587 distinct states found, 0 states left on queue.
The depth of the complete state graph search is 76.
The average outdegree of the complete state graph is 1 (minimum is 0, the maximum 11 and the 95th percentile is 1).
Finished in 1d 04h at (2026-09-06 09:52:30)
